name;rating;reviews;type;old;employees;hq_main;hq_branches
TCS;3.9;16100;Public;52;10000;Mumbai;156
Accenture;4.0;14100;Private;31;10000;Dublin;87
ICICI Bank;4.1;12700;Public;26;10000;Mumbai;724
Cognizant;3.9;12100;Private;26;10000;Teaneck;44
HDFC Bank;4.0;10800;Public;26;10000;Mumbai;689
Infosys;3.9;10800;Public;39;10000;Bangalore;64
L&T;4.1;10200;Public;82;10000;Mumbai;333
Capgemini;3.3;9600;Private;53;10000;Paris;42
Tech Mahindra;3.5;9100;Public;34;10000;Pune;138
HCL Technologies;3.7;8700;Public;14;10000;Noida;106
Tata Motors;4.1;8300;Public;75;10000;Pune;336
IBM;4.0;8200;Private;109;10000;New York;69
Reliance jio;4.0;7900;Public;10;10000;Navi Mumbai;587
Genpact;4.0;7600;Private;23;10000;New York;31
Axis Bank;4.0;7600;Public;27;10000;Mumbai;642
Wipro;3.8;6500;Public;75;10000;Bangalore;115
Concentrix Daksh Service;4.0;6200;Unknown;21;10000;New Delhi;35
Vodafone;4.3;5900;Public;38;10000;Berkshire;366
HDB Financial Services;4.0;5500;Private;13;10000;Ahmedabad;433
Bharti Airtel;4.2;5400;Public;25;10000;New Delhi;339
Kotak Mahindra Bank;3.8;5100;Public;17;10000;Mumbai;344
Amazon;4.2;4800;Private;26;10000;Washington;157
Reliance;4.2;4600;Public;54;10000;Mumbai;206
Hinduja Global Solutions;3.9;4100;Public;20;10000;Bangalore;73
Bajaj Finserv;4.1;3800;Public;13;10000;Pune;450
IndusInd Bank;3.6;3700;Public;26;10000;Mumbai;354
Samsung;4.2;3500;Private;82;10000;Seoul;286
Indian Army;4.7;3400;Unknown;125;10000;New Delhi;192
Mahindra & Mahindra;4.3;3200;Public;75;10000;Mumbai;275
Ericsson;4.1;3100;Private;144;10000;Stockholm;110
Maruti Suzuki;4.2;3100;Public;39;10000;New Delhi,India;266
IDEA Cellular;4.3;3000;Unknown;25;10000;Mumbai;284
Intelenet Global Service;3.7;2900;Private;20;10000;Mumbai;54
Teleperformance;3.8;2900;Private;42;10000;Paris;36
WNS;3.7;2800;Private;24;10000;Mumbai;15
Reliance Retail;4.2;2800;Private;14;10000;Mumbai;229
ICICI Prudential Life In;4.2;2700;Public;19;10000;Mumbai;317
Cipla Pharmaceutical;4.0;2700;Public;85;10000;Mumbai;140
Aegis Global;3.6;2700;Private;37;10000;Mumbai;35
HSBC;4.1;2600;Private;155;10000;London;34
Janalakshmi Financial Se;3.8;2600;Public;12;10000;Bangalore;224
Reliance Communications;3.9;2600;Public;18;10000;Navi Mumbai;299
Dr. Reddy's;4.2;2500;Public;36;10000;Hyderabad;96
Sutherland Global Servic;3.9;2500;Private;34;10000;Pittsford;19
DXC Technology;3.2;2400;Public;3;10000;Tysons;21
Hewlett-Packard;4.3;2400;Private;81;10000;California;49
Future Group;4.2;2400;Private;33;10000;Mumbai;165
Home Credit Finance;4.0;2300;Private;8;10000;Gurugram;75
Aditya Birla Fashion and;4.2;2300;Private;5;10000;Mumbai;189
Bajaj Allianz Life Insur;4.1;2300;Private;19;10000;Pune;300
Mphasis;3.8;2300;Public;20;10000;Bangalore;29
Yes Bank;3.8;2300;Public;16;10000;Mumbai;232
Flipkart;4.3;2200;Private;13;10000;Bangalore;177
Lupin;4.2;2200;Public;52;10000;Mumbai;99
WIPRO CONSUMER CARE & LI;3.8;2100;Private;75;7500;Bengaluru;53
Ernst & Young;3.8;2100;Private;31;10000;London;40
OPPO;4.0;2100;Public;16;10000;Shenzhen;239
HDFC LIFE;4.0;2100;Unknown;20;10000;Mumbai;287
Asian Paints;4.3;2100;Public;78;7500;Mumbai;184
PayTM;4.0;2100;Private;10;10000;Noida;174
Deloitte;3.9;2000;Private;175;10000;New York;29
Nokia;4.4;2000;Private;155;10000;Espoo;142
Hindustan Unilever;4.4;2000;Public;91;10000;London;220
Wipro Infotech;3.9;2000;Private;75;10000;Bangalore;106
Wipro BPS;3.8;1900;Unknown;20;10000;Bengaluru;22
Shriram Transport Financ;4.1;1900;Public;41;10000;Mumbai;408
Ashok Leyland;4.3;1900;Public;72;10000;Chennai;129
Axis Securities;4.0;1900;Private;15;10000;Mumbai;225
Hyundai Motor;4.3;1900;Private;53;10000;Seoul;157
Shapoorji Pallonji;4.3;1900;Private;155;10000;Mumbai;95
Sun Pharmaceutical Indus;4.0;1900;Public;37;10000;Mumbai;100
Zydus Cadila;4.0;1900;Public;68;10000;Ahmedabad, India;97
Vivo Smartphone;4.0;1900;Private;11;10000;Dongguan;226
ITC;4.1;1900;Public;110;10000;Kolkata;121
Apollo Hospitals;4.1;1800;Public;37;10000;Chennai;91
UltraTech Cement;4.4;1800;Public;37;10000;Mumbai;200
Muthoot Fincorp;3.9;1800;Private;133;10000;Kochi;307
Mahindra & Mahindra Fina;4.3;1800;Unknown;29;10000;Mumbai;341
NTT DATA;3.6;1800;Private;32;10000;Tokyo, JAPAN;18
IIFL;3.8;1800;Public;25;10000;Mumbai;265
IDFC FIRST Bank;4.0;1800;Public;26;7500;Mumbai;144
Dominos Pizza;4.2;1800;Public;60;10000;Ann Arbor;151
Ujjivan Small Finance Ba;4.1;1700;Public;3;10000;Bengaluru;225
Bosch;4.2;1700;Public;134;10000;Sttugart;55
TVS Motor;4.2;1700;Public;41;7500;Hosur;151
UnitedHealth;4.1;1700;Private;43;10000;Minnesota;10
EXL Service;3.8;1700;Private;21;10000;New York, USA;15
Wipro Enterprises Ltd;3.7;1700;Unknown;75;10000;Bangalore;41
JBM Group;4.0;1600;Public;37;10000;Gurugram;50
eClerx;3.7;1600;Public;20;7500;Mumbai;11
Aurobindo Pharma;4.2;1600;Public;34;10000;Hyderabad;26
Hero MotoCorp;4.2;1600;Public;36;10000;New Delhi;170
NIIT Technologies;3.8;1600;Public;16;7500;Noida;101
Muthoot Group;3.8;1600;Public;133;10000;New Delhi;261
Simplex Infrastructures;3.8;1500;Public;96;7500;Kolkata;92
Cyient;3.6;1500;Public;29;10000;Hyderabad;20
Oracle;3.7;1500;Private;43;10000;California;23
Syntel;3.6;1500;Private;40;10000;Troy;11
Mylan Laboratories;4.2;1500;Private;59;10000;Canonsburg,Pennsylvania;37
Max Life Insurance;4.3;1500;Unknown;20;10000;Gurugram;185
Fidelity National Inform;3.9;1500;Private;52;10000;Florida;19
JP Morgan Chase;4.1;1500;Private;221;10000;New York;5
Tata Teleservices;4.3;1500;Public;24;3000;Mumbai;143
JustDial;3.8;1400;Public;24;10000;Mumbai;86
Siemens India;4.2;1400;Public;153;3000;Mumbai;67
PwC;3.6;1400;Unknown;22;10000;New York;38
Lava International;4.1;1400;Public;11;10000;Noida;175
First Source;4.0;1400;Public;19;10000;Mumbai;28
Dell;4.1;1400;Private;36;10000;Texas;47
Arvind Group;4.3;1400;Public;89;10000;Ahmedabad;110
State Bank of India;4.1;1400;Private;65;10000;Mumbai;198
Manappuram Finance;3.9;1400;Public;71;10000;Thrissur;239
Motherson Sumi Systems;3.9;1400;Public;34;10000;Noida;44
Oyo Rooms;3.5;1400;Private;7;10000;Gurgaon;77
Godrej & Boyce Manufactu;4.0;1300;Private;123;10000;Mumbai;83
Larsen & Toubro Infotech;3.6;1300;Public;24;10000;Mumbai;48
TATA Steel;4.2;1300;Public;113;10000;Mumbai;67
Abbott Healthcare;4.2;1300;Public;132;10000;Illinois;108
Fullerton India;4.2;1300;Private;13;10000;Mumbai;248
McDonald's;4.3;1300;Private;66;10000;Chicago;91
Renault-Nissan;4.0;1300;Unknown;21;10000;Amsterdam;51
NCC;4.2;1300;Public;42;7500;Hyderabad;118
LG Electronics;4.1;1300;Public;23;10000;Greater Noida;130
Gati kwe;4.0;1300;Private;8;7500;Hyderabad;113
JSW Steel;4.0;1300;Public;38;10000;Mumbai;44
Suzlon Group;4.1;1300;Public;25;7500;Pune;57
Tata Communications;4.2;1300;Public;34;10000;Mumbai;67
Ford Motor;4.4;1300;Private;117;10000;Michigan;79
RBS;4.1;1300;Private;293;10000;Edinburgh;16
Shoppers Stop;4.3;1300;Public;29;10000;Mumbai;51
Sodexo;4.2;1300;Private;54;10000;Paris;75
Mindtree;3.8;1300;Public;21;10000;Bangalore;12
Hindustan Coca Cola Beve;4.4;1300;Private;23;10000;Bangalore;116
Omega Healthcare;3.9;1300;Private;16;10000;Florida;10
Royal Enfield;4.2;1200;Private;119;10000;Chennai;138
Atos;3.8;1200;Private;23;10000;Bezons;21
Bajaj Auto;4.1;1200;Public;75;10000;Pune;139
Subros;4.0;1200;Public;35;3000;New Delhi;19
Bandhan Bank;3.8;1200;Public;12;10000;Pune;241
AU Small Finance Bank;3.8;1200;Private;24;10000;Jaipur;159
iEnergizer;3.6;1200;Private;20;10000;Noida;8
Hetero Drugs;4.0;1200;Private;27;10000;Hyderabad;15
Honda;4.2;1200;Private;72;10000;Tokyo;120
Megha Engineering and In;4.3;1200;Private;31;7500;Hyderabad;94
JLL;4.3;1200;Private;23;10000;Illinois;41
KPMG;3.7;1100;Unknown;33;10000;Amstelveen;29
Thermax;4.2;1100;Public;54;10000;Pune;73
Huawei Technologies;3.6;1100;Private;33;10000;Shenzhen;76
Equitas Small Finance Ba;3.8;1100;Private;13;10000;Chennai;204
PepsiCo;4.4;1100;Private;122;10000;New York;164
Cgi Group;3.9;1100;Private;44;10000;Montreal;7
HCL Infosystems;3.9;1100;Public;44;10000;Noida;91
Schneider Electric;4.2;1100;Private;184;10000;Rueil-Malmaison;47
Titan Company;4.4;1100;Public;36;7500;Bangalore;89
DTDC Express;4.0;1100;Private;30;10000;Bangalore;138
SBI Life Insurance Compa;3.9;1100;Public;20;10000;Mumbai;258
Future Retail;4.2;1100;Public;33;10000;Mumbai;135
Hexaware Technologies;3.5;1100;Public;30;10000;Mumbai;12
Reliance Life Insurance;3.8;1100;Private;19;10000;Mumbai;275
ABB Group;4.2;1100;Public;32;10000;Zurich;67
CMS IT Services;3.2;1100;Private;44;7500;Bengaluru;86
John Deere;4.4;1100;Private;183;10000;Moline;59
Fortis Healthcare;4.1;1100;Public;19;10000;Gurugram;43
CBRE;4.2;1100;Private;114;10000;Los Angeles;31
State Street Syntel;3.8;1100;Private;40;10000;Mumbai;5
Ipca Laboratories;4.0;1100;Public;71;10000;Mumbai;75
TAFE - Tractors and Farm;4.2;1100;Public;60;7500;Chennai;86
Glenmark Pharmaceuticals;4.1;1100;Public;43;10000;Mumbai;72
BNY Mellon;3.9;1100;Private;236;10000;New York;4
Life Insurance Corporati;4.4;1100;Private;64;10000;Mumbai;251
SBI Cards & Payment Serv;4.0;1100;Private;22;3000;Gurugram;134
Kec International;4.3;1100;Public;75;7500;Mumbai;114
Standard Chartered Bank;4.0;1000;Private;51;10000;London;48
VE Commercial Vehicles;4.1;1000;Private;12;10000;Gurugram;62
Dewan Housing Finance Co;4.4;1000;Public;36;3000;Mumbai;160
Bel;4.4;1000;Private;66;10000;Bangalore;18
Eureka Forbes;4.0;1000;Private;38;10000;Mumbai;118
Intas Pharmaceuticals;4.2;1000;Private;36;10000;Ahmedabad;76
Honda Motorcycle & Scoot;4.2;1000;Private;21;3000;Gurugram;109
Pfizer;4.4;1000;Public;171;10000;New York;76
Landmark Group;4.2;1000;Private;47;10000;Dubai;79
Bhushan Power & Steel;3.8;1000;Private;50;7500;New Delhi;39
Rivigo;3.8;1000;Private;6;10000;Gurgaon;113
ICICI Lombard General In;4.0;1000;Public;19;7500;Mumbai;128
Torrent Pharmaceuticals;4.2;1000;Public;61;10000;Ahmedabad;71
Havells;4.2;1000;Public;62;10000;Noida;77
Alkem Laboratories;4.1;1000;Public;47;10000;Mumbai;81
Cholamandalam Investment;4.2;1000;Private;42;10000;Chennai;279
Indian Oil Corporation;4.4;999;Private;61;10000;New Delhi;122
Deutsche Bank AG;4.1;997;Unknown;150;10000;Frankfurt;21
ACC;4.2;996;Public;84;10000;Mumbai;102
KPIT Technologies;3.6;994;Private;26;7500;Pune;17
UST Global;3.8;992;Private;21;10000;Aliso Viejo;20
Jindal Steel and Power;4.1;989;Private;68;10000;New Delhi;63
Varun Beverages;4.1;989;Public;25;3000;Gurgaon;98
IQVIA;4.0;986;Unknown;38;10000;Durham;20
Ecom Express;4.1;983;Private;8;10000;Gurugram;238
Indiamart Intermesh;3.7;981;Private;24;3000;Noida;50
G4S;4.2;973;Private;119;10000;London;69
Flextronics Technologies;4.0;963;Private;51;10000;San Jose;16
L & T Finance;4.1;963;Public;26;10000;Mumbai;195
Aircel;4.3;962;Private;21;7500;Mumbai;105
Bajaj Electricals;4.3;958;Public;82;10000;Mumbai;111
D Mart;4.2;953;Private;20;3000;Mumbai;74
Indian Navy;4.7;941;Private;73;10000;New Delhi;45
Radisson Hotels;4.2;939;Private;60;10000;Brussels;63
American Express;4.3;937;Public;170;10000;New York;23
Dabur;4.3;935;Public;136;10000;New Delhi;119
Macleods Pharmaceuticals;4.1;935;Public;34;7500;Mumbai;52
Apollo Tyres;4.3;930;Public;48;10000;Gurgaon;90
Alembic Pharmaceuticals;4.1;920;Public;113;10000;Vadodara;68
Hindalco Industries;4.3;917;Public;62;10000;Mumbai;46
Delhi Public School;4.0;915;Private;71;10000;Delhi;158
Videocon d2h;3.8;914;Public;11;7500;Mumbai;127
RSPL Group;4.0;913;Private;32;10000;Kanpur;84
BHEL;4.4;912;Private;64;10000;New Delhi;61
Maersk Global Service Ce;4.2;911;Private;21;10000;Copenhagen;9
MAGMA Fincorp;4.2;903;Public;32;10000;Kolkata;187
Capita;3.6;902;Private;36;10000;London,England;5
Patanjali Ayurved;3.8;898;Private;14;10000;New Delhi;144
Wells Fargo;4.1;897;Private;168;10000;San Francisco;5
DCB Bank;3.9;882;Private;90;7500;Mumbai;147
Amdocs;4.0;880;Private;38;10000;Chesterfield;6
Team Lease;4.0;878;Public;18;10000;Bangalore;102
Thomson Reuters;4.2;876;Private;12;10000;Toronto;16
TVS Sundram Fasteners;4.0;870;Public;54;10000;Chennai;23
Big Bazaar;4.3;865;Private;19;10000;Mumbai;120
Pidilite Industries;4.4;864;Public;61;3000;Mumbai;108
Karvy Fintech;3.6;863;Unknown;42;7500;Hyderabad;66
Max Healthcare;4.1;859;Unknown;35;3000;New Delhi;41
Ceat Tyres;4.3;856;Public;62;10000;Mumbai;65
Delhivery;4.1;856;Private;9;10000;Gurgaon;175
Rane TRW Steering System;4.1;856;Private;33;7500;Chennai;41
Jet Airways;4.5;844;Public;27;10000;Mumbai;40
Nestle;4.2;841;Public;154;10000;Vevey;111
24/7 Customer;3.8;836;Private;20;10000;San Jose;5
Adani Power;4.3;836;Public;24;3000;Ahmedabad;63
Wockhardt;4.2;835;Public;21;7500;Mumbai;58
Lifestyle;4.4;832;Private;21;10000;Bangalore;60
Voltas;4.2;823;Public;66;10000;Mumbai;91
Vishal Mega Mart;4.0;823;Private;34;7500;Gurugram;138
Dilip Buildcon;4.1;821;Public;32;10000;Bhopal;83
café Coffee day;4.0;819;Private;24;10000;Banglore;64
Yamaha Motor;4.0;817;Private;65;10000;Iwata;78
Edelweiss;3.9;813;Public;25;10000;Mumbai;118
JMC Projects;4.2;806;Public;38;7500;Mumbai;46
Kotak Mahindara Life Ins;3.9;804;Unknown;19;10000;Mumbai;116
Blue Star;4.2;801;Public;77;10000;Mumbai;78
PNB MetLife;3.8;801;Private;19;10000;Mumbai;144
Exide Industries;4.0;798;Public;100;10000;Kolkata;119
Birla Sun Life Insurance;4.2;797;Unknown;20;10000;Mumbai;189
Exide Life Insurance;3.7;797;Private;19;10000;Bengaluru;146
MRF Tyres;3.8;792;Public;74;10000;Chennai;117
AFCONS Infrastructure;4.4;787;Unknown;61;7500;Mumbai;36
Itc Infotech India;3.4;780;Private;20;10000;Kolkata;24
RBL Bank;3.8;780;Public;77;10000;Mumbai;120
Udaan;4.2;779;Private;4;3000;Bangalore;138
Cummins India;4.3;779;Unknown;;;Mumbai;43
PVR Cinemas;4.2;777;Public;23;10000;Gurgaon;65
Aakash Institute;3.5;773;Private;32;3000;New Delhi;108
Blue Dart Express;4.1;772;Public;37;10000;Mumbai;109
Tata Motors Finance;4.3;769;Private;63;3000;Thane;169
Ajanta Pharma;3.9;768;Public;47;7500;Mumbai;68
Biocon;4.2;767;Public;42;10000;Bangalore;44
Bank of America;4.3;763;Private;22;10000;Charlotte;18
Micro Labs;3.8;762;Private;47;10000;Bangalore;72
Tata AIA Life Insurance;3.9;761;Private;19;10000;Mumbai;128
Emcure Pharmaceuticals;3.7;754;Private;39;10000;Pune;59
Sterling & Wilson;4.2;754;Private;93;7500;Mumbai;49
Ola Cabs;4.0;753;Private;10;10000;Bangalore;61
Welspun Group;4.2;751;Public;35;10000;Mumbai;24
Mankind Pharma;4.1;751;Private;25;10000;New Delhi;101
Punj Lloyd;4.2;750;Public;32;7500;Gurugram;60
Randstad;3.9;749;Private;60;10000;Diemen;104
3i Infotech;3.8;748;Public;27;7500;Mumbai;62
Indiabulls;4.0;746;Public;20;10000;Mumbai;101
Ambuja Cements;4.2;744;Public;37;10000;Mumbai;107
BigBasket;4.1;744;Private;9;7500;Bangalore;30
Force Motors;3.8;742;Public;62;10000;Pune;57
Shahi Exports;4.2;742;Private;46;10000;Faridabad;30
Karvy Data Management Se;3.6;736;Private;12;3000;Hyderabad;61
Tata Capital Financial S;4.2;736;Public;13;7500;Mumbai;89
Mahindra Holidays & Reso;3.9;731;Private;24;10000;Mumbai;65
I Process Services;3.7;731;Private;15;10000;New Delhi;125
JK Tyres;3.9;728;Private;69;10000;New Delhi;83
ACT Fibernet;4.1;727;Private;12;7500;Bangalore;22
Cholamandalam MS General;4.1;721;Unknown;19;10000;Chennai;177
Sobha;4.2;720;Public;25;3000;Bangalore;23
Amara Raja Group;4.1;719;Public;35;10000;Tirupati;51
Power Mech Projects;3.9;718;Public;21;10000;Hyderabad;65
Computer Sciences Corpor;3.5;717;Private;61;10000;Virginia;27
Raymond;4.3;715;Public;95;10000;Mumbai;74
GSK Pharmaceuticals;4.3;713;Unknown;93;10000;Gothenberg;101
Vertex Customer Solution;3.7;712;Private;10;10000;Panchkula;29
Conduent;3.5;709;Private;3;10000;Florham Park,New Jersey;11
GlobalLogic;3.7;705;Private;20;10000;San Jose;14
Emami;3.9;705;Public;46;10000;Kolkata;94
IDBI Bank;4.0;704;Public;56;10000;Mumbai;179
Brakes India;4.2;704;Unknown;58;7500;Chennai;36
Nayara Energy;4.2;702;Unknown;31;10000;Mumbai;62
Quess;4.0;701;Public;13;10000;Bangalore;110
Indus Towers;4.1;700;Private;13;10000;Gurgaon;64
Aon Hewitt;3.9;699;Private;80;10000;London;11
Essar Steel;4.0;697;Private;22;10000;Mumbai;26
Reliance Digital;4.2;696;Private;13;10000;Mumbai;120
Iksula;4.1;692;Unknown;13;3000;Mumbai;103
Virtusa Consulting Servi;3.3;691;Private;24;10000;Southborough;10
Tata AIG General Insuran;3.9;689;Private;19;3000;Mumbai;115
GVK Emergency Management;3.9;680;Unknown;15;10000;Hyderabad;63
Hindustan Aeronautical;4.3;679;Private;80;10000;Bangalore;22
Bharti AXA Life Insuranc;3.9;678;Private;14;3000;Mumbai;125
ICICI Securities;3.8;676;Public;25;7500;Mumbai;79
Berger Paints;3.9;676;Public;97;7500;West Bengal;110
Zensar Technologies;3.4;674;Public;29;10000;Pune;10
CMS Infosystems;3.7;673;Private;11;10000;Mumbai;93
Gabriel India;4.3;669;Public;59;10000;Pune;26
PolicyBazaar;3.7;667;Private;12;7500;Gurgaon;7
Dainik Bhaskar Group Of;3.9;665;Public;62;10000;Bhopal;86
Parle Products;4.0;663;Private;91;10000;Mumbai;95
Godrej Group;4.2;663;Public;123;10000;Mumbai;92
Britannia;4.2;663;Public;128;10000;Bangalore;91
HDFC Ergo General Insura;4.1;662;Public;18;3000;Mumbai;92
Oberoi Group of Hotels;4.4;660;Private;86;10000;Delhi;23
Dalmia Bharat Cement;4.2;660;Public;81;10000;New Delhi;82
Delphi TVS;4.2;659;Private;31;10000;Tamil Nadu;17
ADP Solutions;4.1;657;Private;71;10000;New Jersey;6
Lucas-TVS;4.1;657;Private;57;7500;Chennai;31
The Himalaya Drug Compan;4.3;653;Private;90;10000;Bangalore;81
Sigma Electric Manufactu;3.9;652;Private;38;7500;Sigma Drive Garner;9
Aricent;3.6;650;Private;29;10000;California;11
The Jaypee Group;4.1;646;Public;62;10000;Noida;61
KFC;4.3;646;Private;68;10000;Plano;92
Deloitte Support Service;4.0;644;Unknown;16;3000;Hyderabad;18
Crompton Greaves;4.1;643;Public;142;10000;Mumbai;53
Cadila Pharmaceuticals;3.8;642;Public;69;10000;Ahmedabad;66
BT Group;4.0;642;Private;174;10000;London;7
Panasonic;4.1;641;Private;102;10000;Osaka;87
Whirlpool;4.0;640;Public;109;10000;Benton Harbor;74
Gannon Dunkerley;3.9;639;Private;96;10000;Mumbai;42
Dharampal Satyapal Group;4.1;637;Private;91;10000;Noida;73
Shree Cement;4.3;636;Public;41;7500;Kolkata;85
Sony;4.4;632;Public;74;10000;Tokyo;90
Intex Technologies;3.8;632;Public;24;10000;New Delhi;62
SRF;4.2;631;Public;50;10000;Gurugram;25
Toyota Kirloskar Motor;4.3;630;Private;23;7500;Bangalore;47
Taj Hotels Resorts and P;4.4;628;Unknown;117;10000;Mumbai;43
Endurance Technologies;3.9;628;Public;35;3000;Aurangabad;22
Narayana Health;4.2;626;Unknown;20;10000;Bengaluru;36
Hinduja Group;4.0;625;Public;106;10000;Mumbai;136
Access Healthcare;3.9;625;Private;9;10000;Chennai;7
Coromandel International;4.1;621;Public;59;10000;Secunderabad;86
GeBBS Healthcare Solutio;3.9;621;Private;15;10000;California;5
Uflex;4.0;621;Public;35;10000;Noida;24
Metro;4.0;621;Private;56;10000;Bangalore;38
Kalpataru Power Transmis;4.1;620;Public;51;10000;Mumbai;82
HDFC Sales;4.1;619;Private;16;7500;Mumbai;140
TVS Logistics Services;4.1;619;Private;16;10000;Chennai;70
Barclays Shared Services;4.2;618;Private;13;10000;Noida;9
Yazaki;4.0;615;Private;79;10000;Tokyo;26
Fiserv;4.0;614;Private;36;10000;Brookfield;17
Consolidated Contractors;4.5;614;Public;68;10000;Marousi;29
Robert Bosch Engineering;3.9;613;Private;30;10000;Bangalore;8
Adecco Group;3.9;613;Private;24;10000;Zurich;86
Parle Agro;4.2;613;Private;35;10000;Mumbai;91
WABCO;4.1;612;Public;151;10000;Berne;24
Aforeserve.com;3.5;612;Private;20;3000;Noida;90
AXA Business Services;3.8;607;Private;20;10000;Bangalore;2
Cogent E Services;3.4;607;Private;16;7500;Noida;14
Volkswagen;4.2;599;Private;83;10000;Berlin;77
International Tractors;4.1;597;Private;51;10000;Hoshiarpur;73
Angel Broking;3.8;594;Private;33;7500;Mumbai;85
Swiggy;4.0;594;Private;6;10000;Bangalore;79
TVS Credit Services;4.2;594;Public;11;10000;Chennai;132
Sify Technologies;3.8;593;Private;25;3000;Chennai;53
Info Edge;3.9;593;Public;25;3000;Noida;40
Future Generali India In;3.8;591;Private;13;3000;Mumbai;96
Samsung Mobile;4.4;591;Private;51;10000;Suwon-si;166
Sopra Steria;3.8;588;Private;52;10000;Paris;8
Varroc Group;3.9;588;Public;32;10000;Aurangabad;22
Johnson Controls;4.0;587;Public;135;10000;Cork;41
Ocwen Financial Solution;3.8;586;Private;32;10000;Florida;3
Bharat Petroleum;4.3;586;Private;68;10000;Mumbai;107
Reckitt Benckiser;4.1;586;Private;197;10000;Slough;68
iQor Global Services;4.0;586;Private;63;10000;Saint Petersburg;46
Exl India;3.6;584;Unknown;63;10000;New Delhi;15
United Phosphorus;4.3;583;Public;51;10000;Mumbai;59
V-mart;4.2;578;Public;18;3000;Gurgaon;107
Telenor;4.4;573;Private;165;10000;Fornebu;107
jCB;4.1;573;Private;41;10000;Rocester;50
Mahindra Rural Housing F;4.2;573;Public;13;10000;Mumbai;165
Datamatics Global Servic;3.5;571;Public;45;10000;Mumbai;13
Badve Engineering;4.0;571;Private;24;3000;Pune;24
Kansai Nerolac Paints;3.8;570;Public;100;10000;Mumbai;93
InterGlobe Technologies;3.8;568;Public;22;10000;Gurugram;20
Saint-Gobain;4.1;568;Private;355;10000;Paris;48
ValueLabs;3.2;567;Private;23;7500;Hyderabad;9
Kent RO Systems;3.5;567;Private;21;3000;Noida;86
JK Cement;4.2;567;Public;46;10000;Kanpur;99
Trident Group;3.7;565;Public;30;10000;Ludhiana;26
Sterlite Technologies;4.2;565;Public;32;3000;Pune;38
Tata Technologies;3.7;564;Private;31;10000;Singapore;21
SGS;4.0;562;Private;142;10000;Geneva;52
Utkarsh Small Finance Ba;3.9;561;Public;11;7500;Varanasi;83
Lodha group;4.0;559;Private;40;7500;Mumbai;15
Mother Dairy Fruit & Veg;4.2;558;Private;46;7500;Noida;68
SRL Diagnostics;4.0;557;Private;25;7500;Gurugram;85
Tata Sky;4.3;554;Public;14;3000;Mumbai;95
GMR Group;4.2;554;Public;42;10000;New Delhi;33
Tikona Infinet;3.8;553;Private;12;3000;Mumbai;34
Myntra;4.1;548;Private;13;10000;Bangalore;45
Microland;3.5;547;Public;31;3000;Bengaluru;24
BYJU'S;3.0;547;Private;9;10000;Bangalore;47
Johnson & Johnson;4.3;546;Private;133;10000;New Brunswick;76
Akums Drugs & Pharmaceut;4.2;546;Private;16;7500;New Delhi;14
DHL Express;4.2;544;Private;51;10000;Bonn;56
Inox Leisure;4.2;544;Public;21;10000;Mumbai;66
Kotak Securities;3.9;543;Private;26;7500;Mumbai;67
Akzo Nobel India;4.2;538;Public;66;10000;Gurugram;88
Walmart;4.2;537;Private;58;10000;Bentonville;42
Procter & Gamble;4.3;536;Private;183;10000;Cincinnati;106
Bharat Forge;4.0;535;Public;54;10000;Pune;9
Adani Wilmar;4.2;535;Public;21;10000;Ahmedabad;71
Bharat Financial Inclusi;4.4;533;Public;22;10000;Hyderabad;128
Relaxo Footwear;4.0;533;Public;44;10000;New Delhi;68
Pantaloons;4.2;531;Public;23;10000;Mumbai;80
GAMMON INDIA;4.1;531;Public;101;10000;Mumbai;55
Marriott International;4.4;529;Private;93;10000;Bethesda;43
Max Fashion;4.4;529;Private;16;7500;Abu Dhabi;83
General Electric Interna;4.2;528;Private;128;10000;Boston;36
Verizon;3.6;525;Private;20;10000;New York;6
Dr Lal PathLabs;4.3;525;Public;71;3000;Gurugram;71
USHA International;4.1;523;Public;85;7500;Gurgaon;58
JW Marriott;4.5;520;Private;93;10000;Washington,D.C.;22
Novartis Healthcare;4.1;520;Public;24;10000;Basel;39
Reliance General Insuran;3.9;519;Private;20;7500;Mumbai;111
Sapient Corporation;3.6;517;Private;30;10000;Boston;6
Apotex Research;4.5;517;Private;46;10000;Toronto;4
ITC Hotels;4.4;516;Public;45;10000;Kolkata;47
NTPC;4.4;516;Private;45;10000;New Delhi;54
Motherson Automotive Tec;4.1;516;Private;23;10000;Noida;26
Reliance Trends;4.2;516;Private;14;7500;Mumbai;120
AECOM;4.2;515;Private;30;10000;Los Angeles;52
Bayer;4.4;514;Public;157;10000;Leverkusen;104
Cromā;4.4;513;Private;14;3000;Mumbai;33
Petrofac;4.2;512;Private;39;10000;London;22
HCL Technologies BPO Ser;3.6;509;Private;20;10000;Noida;14
Fujitsu;3.8;509;Private;85;10000;Tokyo;10
Narayana Educational Soc;3.8;509;Private;41;10000;Hyderabad;57
Columbia Asia;4.2;509;Private;24;10000;Selangor;16
AIS Distribution Service;3.9;507;Public;22;10000;Gurgaon;34
Steel Strips Wheels;3.5;506;Public;29;10000;Chandigarh;19
Persistent Systems;4.0;505;Public;30;10000;Pune;4
ISS Facility Services;4.1;505;Private;119;10000;Copenhagen,Denmark;33
Magna Infotech;3.5;504;Private;23;10000;Bangalore;39
Cybage;3.8;502;Private;25;10000;Pune;3
Aarti Industries;4.1;502;Public;36;3000;Mumbai;22
Synechron;3.3;501;Private;19;7500;New York;4
Ivrcl Infrastructures &;4.3;501;Public;33;7500;Hyderabad;51
Tata Chemicals;4.3;501;Public;81;10000;Mumbai;67
Karvy Stock Broking;3.5;500;Private;37;10000;Hyderabad Telangana;85
DISH TV;3.8;499;Public;17;3000;Noida;91
Barclays;4.0;498;Private;330;10000;London;17
Cavinkare;4.1;498;Private;37;10000;Chennai;76
CSS Corp;3.7;497;Private;24;10000;California;16
Quest Global;3.2;497;Private;23;10000;Singapore;18
Societe Generale;3.8;494;Private;156;10000;Paris;8
Apollo Munich Health Ins;3.9;494;Public;13;7500;Gurgaon;102
Medanta the Medicity;4.2;494;Private;11;3000;Gurgaon;17
Lenskart;3.4;492;Private;12;3000;Delhi;52
Unisys;3.4;491;Private;34;10000;Blue Bell;5
Vfs Global Services;3.8;491;Private;19;7500;Mumbai;16
Jindal Stainless;4.2;489;Public;50;10000;New Delhi;25
Altisource;3.4;487;Private;11;7500;Bengaluru;5
Innovsource Services;4.1;487;Private;16;3000;Mumbai;75
Satin Creditcare Network;4.1;486;Public;30;10000;Gurugram;95
Bajaj Motor;3.8;485;Private;34;10000;Gurugram;36
Fluor Daniel India;4.1;484;Private;25;10000;Gurgaon;17
Sitel;3.9;482;Private;35;10000;Miami;10
AGS Health;4.0;482;Private;9;10000;New Jersey;2
Optum;3.9;482;Private;14;10000;Minnesota;7
Shriram City Union Finan;3.9;479;Public;34;10000;Chennai;170
Vardhman Textiles;4.2;478;Public;58;10000;Ludhiana;34
Syngene International;4.0;478;Public;27;3000;Bangalore;7
HDFC Securities;3.5;477;Public;20;10000;Mumbai;98
Sharekhan;4.1;475;Public;20;3000;Mumbai;83
Aptara;3.5;475;Private;32;7500;Falls Church;10
Fabindia;4.1;474;Private;60;10000;New Delhi;56
Factset Research Systems;3.9;473;Private;42;10000;Norwalk,Connecticut;0
FedEx Express;4.2;473;Private;47;10000;Memphis;60
RMSI;3.9;473;Private;28;3000;Noida;7
ISGEC;4.0;472;Public;87;10000;Noida;32
Honeywell Automation;4.1;470;Public;36;10000;North Coralina;34
Sysnet Global Technologi;3.7;470;Private;21;3000;New Delhi;75
Tesco;4.0;468;Private;101;10000;Hertfordshire;2
Piramal Enterprises;4.2;468;Public;36;10000;Mumbai;45
Kendriya Vidyalaya Sanga;4.4;468;Public;57;10000;New Delhi;110
Metlife Global Operation;4.2;467;Private;13;3000;Noida;4
Lumax Industries;4.0;467;Public;75;10000;Gurgaon;23
Grofers;4.0;467;Private;7;10000;Gurgaon;29
Safexpress;3.9;464;Private;23;10000;New Delhi;76
HCL ISD;3.9;463;Private;19;10000;New Delhi;35
Torrent Power;4.1;463;Public;24;10000;Ahmedabad;18
Oil And Natural Gas Corp;4.4;463;Private;65;10000;New Delhi;42
Hyatt Regency;4.6;460;Private;53;10000;Los Angeles;18
Foxconn;4.0;460;Private;46;10000;Taipei;18
Cinépolis;4.1;460;Unknown;49;10000;Morelia;39
KONE;4.2;459;Private;110;10000;Espoo;42
NCR Corporation;4.0;458;Private;136;10000;Atlanta;40
Micromax Informatics;3.9;458;Private;20;10000;Gurgaon;87
Grasim Industries;4.2;458;Public;73;10000;Mumbai;32
Acme Cleantech Solutions;3.8;458;Private;17;3000;Gurgaon;66
Heritage Foods India;4.0;458;Public;28;3000;Hyderabad;39
Shell;4.2;457;Private;113;10000;The Hague;44
Orion Edutech;3.5;455;Private;14;3000;Kolkata;81
Escorts Agri Machinery;4.2;455;Private;60;10000;Faridabad;44
Cushman & Wakefield;4.3;454;Private;103;10000;Chicago;18
Security and Intelligenc;4.2;453;Private;35;10000;New Delhi;79
Northern Trust Operating;4.2;452;Private;131;10000;Chicago;2
Cisco Systems;4.2;451;Private;36;10000;San Jose;20
Star Health & Allied Ins;4.0;451;Private;14;7500;Chennai;119
DENSO;4.2;451;Private;71;10000;Kariya;19
QConneqt;3.7;451;Unknown;16;10000;Hyderabad;30
First American Corporati;3.9;450;Private;131;10000;Santa Ana;4
Computer Age Management;3.7;447;Private;32;7500;Chennai;52
Moser Baer;4.3;446;Public;37;7500;New Delhi;12
ECIL;4.1;445;Private;53;7500;Hyderabad;29
Jubilant Life Sciences;4.1;444;Public;42;7500;Noida;27
R1 RCM;3.5;444;Private;17;10000;Chicago,IL;6
Harman Connected Service;3.6;443;Private;8;10000;California;5
Bank of Baroda;4.0;443;Private;112;10000;Vadodara;97
Wind World;3.7;443;Private;26;7500;Mumbai;33
Bharti Infratel;4.3;442;Public;13;3000;Gurugram;55
Lemon Tree Hotels;4.3;442;Public;16;7500;New Delhi;35
Birlasoft;3.5;441;Public;25;10000;Pune;11
G R Infraprojects;4.0;440;Public;25;10000;Udaipur;57
FDC;3.9;439;Public;84;7500;Mumbai;55
Yash Technologies;3.6;438;Private;24;7500;East Moline;8
IndiGo;3.9;436;Private;14;10000;Gurgaon,Haryana;35
Amity University;3.8;436;Private;15;750;Noida,UP;51
Crisil;3.7;433;Public;33;10000;Mumbai;36
Shriram Pistons & Rings;4.3;433;Public;57;7500;New Delhi;30
Spencer's Retail;4.2;432;Public;157;10000;Kolkata;41
Philips;4.0;431;Private;129;10000;Amsterdam;52
Nirma;4.3;430;Private;51;10000;Ahmedabad;39
BGR Energy Systems;4.2;429;Public;35;3000;Chennai;22
CADD Centre Training Ser;4.0;428;Private;32;3000;Chennai;86
Schindler Group;4.2;428;Private;146;10000;Indore;37
Bharat Sanchar Nigam;4.2;427;Private;20;10000;New Delhi;124
Minda Industries;4.1;427;Public;62;10000;Manesar;25
ITD Cementation India;4.3;426;Public;89;3000;Mumbai,India;27
Accel Frontline;3.5;425;Private;29;10000;Chennai;58
IDC Technologies;3.9;425;Private;17;3000;Milpitas,CA;34
Citibank;4.1;424;Private;;10000;New York;28
SKF;4.4;424;Public;113;10000;Gothenburg;29
CMA CGM;3.9;423;Private;42;10000;Marseille;15
Mercer;3.9;422;Private;83;10000;New York;7
Trent;4.3;422;Public;22;3000;Mumbai;56
J. Kumar Infraprojects;4.2;422;Public;40;10000;Mumbai;16
Next Education India;3.6;421;Private;13;3000;Hyderabad;55
Bajaj Auto Finance;4.1;420;Private;33;3000;Pune;135
TATA Power;4.1;419;Public;109;10000;Mumbai;48
Indian Railways;4.1;419;Unknown;167;10000;New Delhi;78
Medi Assist India;3.8;418;Private;21;3000;Bangalore;34
Bechtel;4.4;418;Private;122;10000;Reston;24
Tech Mahindra Business S;3.6;417;Unknown;18;7500;Mumbai;13
Bata;4.1;416;Public;89;10000;Lausanne;52
Ceasefire Industries;3.3;414;Private;18;3000;Noida;58
Luminous Power Technolog;4.1;414;Private;32;7500;Gurgaon;66
Devyani International;4.0;413;Public;29;10000;Gurugram;44
Educomp Solutions;3.3;412;Public;26;7500;Gurgaon;101
Mercedes-Benz;4.0;412;Private;137;10000;Stuttgart;40
Indoco Remedies;4.0;412;Public;73;7500;Mumbai,Maharashtra;36
USV;4.3;412;Private;58;3000;Mumbai;54
Piaggio Vehicles;3.9;412;Private;136;7500;Pontedera;43
Jindal Saw;4.2;411;Public;36;3000;New Delhi;23
DIVI'S Laboratories;3.9;411;Public;30;10000;Hyderabad;9
Allsec Technologies;3.7;410;Public;22;3000;Chennai;9
Strides Pharma;4.0;410;Public;30;;Bengaluru;22
Haldiram Foods;4.2;410;Private;50;10000;Nagpur;42
Daimler India Commercial;4.1;409;Private;13;3000;Chennai;19
Indian Air Force;4.6;408;Private;88;10000;New Delhi;60
Sahara India Pariwar;3.8;408;Private;42;10000;Lucknow;113
GlaxoSmithKline Consumer;4.4;407;Public;20;10000;Brentford;64
Marico;4.2;406;Public;30;10000;Mumbai;76
V-Guard Industries;4.4;404;Public;43;10000;Kochi;67
Collabera Technologies;3.6;403;Private;29;10000;New Jersey;26
Bosch Chassis Systems;4.3;403;Private;134;10000;Gerlingen;13
Oracle Financial Service;3.8;402;Public;30;7500;Mumbai;7
Trimax IT Infrastructure;2.8;402;Private;25;7500;Mumbai;52
BNP Paribas;4.0;401;Private;172;10000;Paris;18
Army (Corps of Signals);4.6;401;Other;109;10000;New Delhi;75
Daikin;4.1;399;Private;96;10000;Osaka;38
Manipal Hospital;4.2;398;Private;29;10000;Banglore;12
SoftAge Information Tech;4.3;398;Private;26;10000;Gurugram;116
Laurus Labs;4.3;398;Public;15;3000;Hyderabad;2
Cargill;4.3;397;Private;155;3000;Minnesota;55
BVG India;3.8;397;Private;23;10000;Pune;53
Snapdeal;4.2;396;Private;10;10000;Gurugram;21
Galfar Engineering & Con;4.1;396;Private;48;10000;Muscat;21
Motilal Oswal Financial;3.6;395;Public;33;7500;Mumbai;42
Sandvik Asia;4.3;395;Private;158;10000;Stockholm;16
Capacit'e Infraprojects;4.0;395;Public;8;3000;Mumbai;16
R.R. Donnelley;4.1;394;Private;156;10000;Chicago;5
Dimension Data;4.1;394;Private;37;10000;Johannesburg;42
Nexa;3.9;394;Private;37;10000;New Delhi;107
Honeywell Technology Sol;3.8;393;Private;70;10000;Columbia;8
Orange Business Services;4.1;392;Private;14;10000;Paris;24
Bajaj Capital;3.7;392;Public;56;3000;New Delhi;76
Vistaar Finance;4.1;392;Private;29;3000;Bangalore;116
Pizza Hut;4.3;390;Private;62;10000;Plano,Texas;55
ThyssenKrupp Elevator;4.0;390;Private;25;10000;Essen;44
MSN Laboratories;3.6;390;Private;17;7500;Hyderabad;20
Suguna Foods;4.2;390;Private;36;3000;Coimbatore;67
Finolex Cables;4.0;389;Public;64;7500;Pune;57
Canara HSBC OBC Life Ins;3.9;389;Private;12;10000;Gurugram;97
Saipem;4.5;389;Private;63;10000;San Donato Milanese;21
Hindustan Petroleum;4.2;388;Public;46;10000;Mumbai;71
SAP;4.4;387;Private;48;10000;Walldorf;14
Krishna Maruti;4.2;387;Private;26;3000;Gurgaon;17
Unichem Laboratories;4.0;386;Public;76;3000;Mumbai;46
Aviva Life Insurance Ind;3.9;385;Unknown;18;10000;Gurugram;71
Iffco Tokio General Insu;4.2;385;Private;20;3000;Gurgaon;105
Sanofi-Aventis;4.4;385;Public;47;10000;Paris;42
Tata Communications Tran;4.0;384;Private;14;3000;Mumbai;39
Indiabulls Home Loans;4.3;383;Unknown;20;;Mumbai;86
DHL Supply Chain;4.3;382;Private;51;10000;Bonn;44
Automotive Manufacturers;4.1;381;Unknown;72;3000;Secunderabad;64
Statestreet HCL Services;3.2;381;Private;8;7500;New Delhi;5
GAIL;4.4;381;Private;36;3000;New Delhi;47
Toyota;4.2;380;Private;83;10000;Toyota City,Aichi Prefecture;44
Religare Health Insuranc;4.0;379;Private;8;3000;Gurgaon;60
SLK Global BPO Services;3.7;379;Private;20;7500;Dallas;3
Adani Ports and Special;4.4;379;Public;22;3000;Gujarat;24
Extramarks Education;3.5;378;Private;13;3000;Noida;58
Johnson Lifts;4.0;378;Private;52;7500;Chennai;39
Serco BPO;3.9;376;Private;91;10000;Hook,Hampshire;27
Quatrro;3.2;376;Private;14;7500;Gurgaon;5
Viraj Profiles;3.8;375;Private;28;7500;Mumbai;10
Nilkamal;3.9;374;Public;35;3000;Mumbai;60
Dodsal Engineering & Con;4.1;373;Unknown;72;10000;Dubai;20
C.R.I. Pumps;4.0;373;Private;59;3000;Coimbatore;41
Hero FinCorp;4.3;373;Private;29;3000;New Delhi;117
Gland Pharma;3.9;372;Private;42;3000;Hyderabad;5
Tata Elxsi;3.8;371;Public;31;7500;Banglore;8
Amtek Auto;3.8;371;Public;32;7500;New Delhi;30
Pricol;3.8;371;Public;45;7500;Coimbatore,Tamilnadu;13
OM Logistics;4.2;371;Private;21;7500;New Delhi;66
Crowne Plaza;4.4;371;Private;37;10000;Atlanta;25
HERE Technologies;4.1;371;Private;35;7500;Chicago;7
Hero Motors;4.1;370;Private;22;10000;New Delhi;103
Inventurus Knowledge Sol;3.2;370;Private;13;7500;Navi Mumbai;2
BA Continuum India;4.3;367;Private;17;7500;Hyderabad;5
ANZ Banking Group;4.0;367;Unknown;185;10000;Melbourne;9
Bureau Veritas;4.2;367;Private;192;10000;La Défense;44
Nasser S Al Hajri Corpor;3.5;367;Private;42;10000;Al – Khobar;23
Ruchi Soya Industries;4.2;366;Public;34;7500;Indore;57
Aarvee Associates;4.1;366;Private;31;3000;Hyderabad;67
V2 Retail;3.6;366;Public;19;3000;New Delhi;48
AGS Transact Technologie;3.8;365;Private;18;7500;Mumbai;63
Punjab National Bank;4.2;365;Private;125;10000;New Delhi;93
SYSKA LED Lights;3.6;364;Private;8;3000;Pune;78
Spicer India;4.3;363;Private;27;10000;Pune;24
Barbeque Nation;4.4;363;Private;14;3000;Bangalore;39
United Spirits;3.8;362;Public;14;7500;Bangalore;70
Eli Research;3.3;362;Private;13;7500;Faridabad;6
Nielsen;3.8;361;Private;97;10000;New York;57
Coca-Cola Company;4.3;361;Private;134;10000;Atlanta;87
BT Global Services;4.0;361;Private;20;10000;London;8
DHFL Pramerica Life Insu;3.6;361;Private;12;3000;Gurgaon;92
Indiabulls Ventures;3.5;360;Public;25;3000;Mumbai;48
State Street Corporation;3.4;359;Private;228;10000;Massachusetts;5
JK Lakshmi Cement;4.3;359;Public;38;3000;New Delhi;60
TCE;3.8;358;Private;58;3000;Mumbai;39
Hathway;3.8;358;Private;25;7500;Mumbai;31
TUV SUD;3.9;357;Private;154;10000;Munich;40
Aadhar Housing Finance;4.1;357;Private;10;3000;Mumbai;117
Jain Irrigation Systems;4.0;356;Public;57;10000;Jalgaon;57
Fino Payments Bank;4.0;356;Unknown;3;10000;Navi Mumbai;90
Adarsh Credit Co-Operati;4.2;355;Unknown;21;10000;Ahmedabad;109
Alstom;4.3;354;Private;92;10000;Saint-Ouen;35
Sadbhav Engineering;4.3;354;Public;32;3000;Gujarat;51
Panacea Biotec;3.7;353;Public;36;3000;New Delhi;38
Vedanta Resources;3.9;353;Public;44;10000;London;33
Ashoka Buildcon;4.2;352;Public;44;3000;Nashik;56
Musashi Auto Parts;4.1;352;Private;18;10000;Gurgaon;7
Medlife;3.4;352;Private;6;3000;Bangalore;20
Amneal Pharmaceuticals;4.4;351;Private;18;7500;New Jersey;11
DuPont;4.5;350;Private;218;10000;Wilmington,DE,United States;41
Godrej Consumer Products;4.2;350;Public;19;10000;Mumbai;46
Biological E;4.2;349;Private;67;3000;Hyderabad;12
Gionee;4.0;348;Private;18;3000;Shenzhen;99
CARS24.com;3.1;348;Private;5;3000;Gurgaon;31
Sri Chaitanya Educationa;3.9;347;Private;34;3000;Hyderabad,Telangana;34
Fino Paytech;4.0;346;Unknown;3;3000;Mumbai;86
Microsoft Corporation;4.2;345;Private;45;10000;Redmond;26
Faurecia;3.8;345;Private;23;10000;Nanterre;15
Bank of India;4.0;344;Private;114;10000;Mumbai;83
SNC Lavalin Internationa;4.3;344;Public;109;10000;Montreal;34
Shriram Life Insurance;3.9;343;Private;15;3000;Hyderabad;110
Siemens Gamesa Renewable;4.3;343;Private;44;10000;Vizcaya;22
Marks & Spencer;4.5;343;Private;136;10000;London;34
McNally Bharat Engineeri;4.0;342;Public;59;3000;Kolkata;32
Egis  India Consulting E;4.1;342;Private;15;10000;Gurgaon;54
Team Computers;3.9;341;Private;33;3000;New Delhi;37
GVK Biosciences;3.9;341;Private;20;3000;Hyderabad;6
Mondelez International;4.4;340;Private;117;10000;Greater Chicago Area,IL;50
Intellect Design Arena;3.0;339;Public;9;3000;Chennai;16
Gmmco;4.4;339;Private;53;3000;Chennai;54
R R Donnelley Global Ind;4.2;339;Unknown;25;10000;Chicago;2
Yashoda Hospitals;3.9;338;Private;35;3000;Hyderabad;11
NSE.IT;3.6;338;Public;21;3000;Mumbai;77
Scope International;4.0;336;Private;19;350;Mannheim;3
Caterpillar Inc;4.2;336;Private;95;10000;California;14
Future Supply Chain Solu;4.2;336;Public;13;3000;Mumbai;44
S&P Global Market Intell;3.9;335;Private;111;10000;New York;5
Jones Lang LaSalle Prope;4.3;335;Private;21;10000;Kolkata;25
Greaves Cotton;4.1;334;Public;161;3000;Mumbai;18
Cox & Kings;4.0;334;Private;262;3000;Mumbai,India;50
Colgate Palmolive;4.3;334;Public;214;10000;New York;65
Polycab Wires;4.0;334;Private;24;7500;Mumbai;40
VLCC;3.5;333;Private;31;3000;New Delhi;59
Feedback Infra;4.1;333;Private;30;7500;Gurugram;67
Everest Industries;4.0;333;Public;86;3000;Noida;47
Hindustan Zinc;3.8;332;Public;24;10000;Udaipur;15
Kirloskar Oil Engines;4.2;331;Public;74;7500;Pune;49
Sundaram Finance;4.4;331;Public;66;750;Chennai;116
Spicejet;3.8;331;Public;15;10000;Gurgaon,Haryana;28
Atul;4.1;331;Public;73;3000;Gujarat;23
Reliance Capital;3.9;330;Public;34;10000;Mumbai;57
Future Focus Infotech;3.5;330;Private;23;3000;Chennai;36
ZTE Corporation;3.8;330;Private;35;10000;Shenzhen;40
Ion Exchange India;3.9;330;Public;56;3000;Mumbai;46
Omaxe;3.8;329;Public;33;3000;New Delhi;16
Knoah Solutions;3.7;329;Private;19;3000;Henderson;1
Electrosteel Steels;4.1;328;Public;14;7500;Jharkhand;8
HTC Global Services;3.6;327;Private;30;10000;Michigan;11
Supreme Industries;4.1;327;Public;78;3000;Mumbai;39
ZOMATO;3.9;327;Private;12;3000;Gurgaon;56
ISON BPO;3.5;327;Private;9;10000;Lagos;19
Mando Automotive;4.0;326;Private;23;3000;Chennai;8
Mahle Filter Systems;4.2;326;Private;15;10000;Stuttgart,Germany;17
Harris Coordinated Care;3.8;325;Private;3;10000;Sarasota;14
Lanco Infratech;4.3;325;Public;34;10000;New Delhi;31
Thomas Cook;4.0;325;Public;179;10000;London;50
LG Balakrishnan and Bros;3.9;325;Public;83;3000;Coimbatore;17
Compass Group;4.1;325;Private;79;10000;Chertsey;30
Mahindra First Choice Wh;4.0;324;Private;13;750;Mumbai;76
PI Industries;4.0;324;Public;74;3000;Gurgaon;43
L&T Hydrocarbon Engineer;4.1;324;Private;82;7500;Mumbai;28
Hyatt;4.5;324;Private;63;10000;Chicago;21
Spandana Sphoorty Financ;3.6;324;Public;22;10000;Hyderabad;77
Kochar Infotech;3.7;323;Private;33;3000;GURUGRAM;10
AstraZeneca;4.1;323;Public;21;10000;Cambridge,Cambridgeshire;27
PNB Housing Finance;4.3;323;Public;32;3000;New Delhi;65
Tenneco;3.9;323;Private;21;10000;Lake Forest,Illinois;14
Podar International Scho;4.1;323;Private;93;7500;Mumbai;66
Nagarro;4.1;322;Private;24;7500;Munich;3
Orient Craft;4.0;322;Private;42;10000;Gurgaon;7
Atlas Copco;4.3;322;Public;147;10000;Stockholm;35
Imperial Auto Industries;4.0;322;Public;51;3000;Faridabad;21
Granules India;4.2;322;Public;36;3000;Hyderabad;1
DAV Public School;4.2;322;Private;35;7500;New Delhi;79
Bestseller Retail India;4.3;322;Private;11;10000;Mumbai;39
Centum Electronics;3.8;321;Public;26;3000;Bangalore;6
Indo-US MIM Tec;4.2;320;Private;24;750;Ann Arbor,MI;6
Saudi Binladin Group;4.3;320;Private;89;10000;Jeddah;18
Central Industrial Secur;4.6;320;Unknown;51;10000;New Delhi;49
HBL Global;4.0;319;Private;20;10000;Mumbai;58
C&S Electric;4.1;318;Private;54;7500;New Delhi;28
Vibgyor High School;3.6;318;Private;16;3000;Mumbai;8
Inox Wind;3.7;318;Public;11;7500;Noida;21
Larsen & Toubro Limited;4.2;317;Unknown;82;;Mumbai;86
Escorts Group;4.2;317;Public;72;7500;Faridabad;45
ESAF Microfinance & Inve;3.8;317;Private;25;3000;Kerala;79
AAVAS Financiers;3.8;317;Public;9;3000;Jaipur;77
Slk Software Services;3.5;316;Private;20;7500;Bangalore;1
OMICS International;2.7;316;Private;12;3000;Hyderabad;4
Eaton Corporation;4.1;315;Public;109;10000;Dublin;11
EMC Corporation;4.0;315;Unknown;41;10000;Hopkinton,MA (US);34
Uttam Galva Steels;3.6;315;Public;35;3000;Mumbai;10
Redington;4.2;314;Public;27;3000;Chennai;39
Magus Customer Dialog;3.7;314;Private;31;3000;Banglore;12
Central Public Works Dep;4.2;314;Private;166;3000;New Delhi;79
Intertek;3.9;313;Private;135;10000;London;28
Bisleri;4.1;313;Private;55;3000;Mumbai;53
MiraMed Ajuba;4.1;313;Private;19;7500;Chennai;3
Leighton Contractors;4.4;311;Private;45;10000;Hong Kong;15
Ingram Micro;3.8;310;Private;41;10000;Irvine;35
Parexel International;3.9;310;Private;38;10000;Billerica;2
Perfetti Van Melle;4.3;310;Private;19;10000;Lainate;50
Mahindra CIE Automotive;4.0;310;Public;21;7500;Mumbai;15
Infinite Computer Soluti;3.7;309;Public;21;7500;Bangalore;16
Xerox;3.7;309;Private;114;10000;Norwalk;19
Quikr;3.5;309;Private;12;3000;Bangalore;18
DCM Shriram;4.2;308;Public;30;7500;New Delhi;33
Sanden Vikas;3.9;308;Private;38;750;New Delhi;14
Annapurna Finance;4.1;308;Unknown;11;3000;Bhubaneswar;71
Flash Electronics;3.4;307;Private;31;3000;New Delhi;10
Sintex Industries;4.0;307;Public;89;7500;Kalol;38
OCS Group;4.0;307;Private;120;10000;West Sussex;33
Essjay Ericsson;3.9;306;Private;49;3000;Delhi;63
SBI General Insurance;3.9;306;Private;10;10000;Mumbai;91
Tradeindia.com;3.7;304;Private;24;3000;New Delhi;32
Air India Sats Airport S;3.9;304;Private;12;7500;Mumbai;7
Burger King;4.1;304;Private;66;10000;Miami;40
FLSmidth;4.0;303;Private;138;10000;Copenhagen;16
VIP Industries;4.2;303;Public;49;3000;Mumbai;56
Border Security Force;4.4;303;Unknown;55;10000;New Delhi;44
Dhoot Transmission;3.6;303;Private;21;350;Aurangabad;9
Eveready Industries;4.0;302;Public;115;3000;Kolkata;43
Varroc Polymers;3.9;302;Private;32;10000;Maharashtra;21
General Motors;4.5;301;Private;112;10000;Detroit;23
Alok Industries;4.1;301;Public;34;10000;Mumbai;13
The Lalit;4.0;301;Unknown;39;3000;New Delhi;18
Haier Appliances India;4.0;301;Private;36;3000;New Delhi;46
Aristo Pharmaceuticals;4.0;301;Private;49;3000;Mumbai;46
Fidelity National Financ;3.8;300;Private;173;10000;Jacksonville;2
Schoolnet India;3.9;300;Public;23;10000;Mumbai;70
Mdindia Health Insurance;3.9;300;Private;20;750;Pune;38
Dell EMC;4.0;299;Private;41;10000;Hopkinton;8
Hatsun Agro Product;4.3;299;Public;50;7500;Chennai;38
Syngenta;4.1;299;Private;20;10000;Basel;62
IL&FS Engineering and Co;4.2;298;Public;32;3000;Hyderabad;37
GKN Driveline;4.0;298;Private;129;10000;Redditch;13
Fincare Small Finance Ba;3.7;298;Unknown;3;7500;Bangalore;77
Kirloskar Brothers;4.0;297;Public;132;3000;Pune;34
Mahindra Tractors;4.5;297;Private;75;10000;Mumbai;52
PNC Infratech;4.0;297;Public;31;3000;Agra;27
Valeo;3.8;296;Private;97;10000;Paris;11
Huhtamaki;4.3;296;Private;100;10000;Espoo;17
Anchor Electricals;4.2;295;Private;57;10000;Thane;52
Oriental Structural Engi;4.3;295;Private;49;10000;New Delhi;34
Steag Energy Services;4.2;295;Private;83;7500;Essen;21
Canara Bank;4.2;294;Public;114;10000;Bangalore;66
Rockman Industries;4.1;293;Private;60;7500;New Delhi;17
Infosys BPM;4.2;292;Unknown;;10000;Jaipur;6
Navayuga Engineering Com;4.1;292;Private;34;3000;Hyderabad;27
Evalueserve;3.2;291;Private;20;3000;Schaffhausen;3
Shubham Housing Developm;4.2;291;Private;10;3000;Gurugram;73
Automatic Data Processin;4.1;290;Unknown;71;10000;New Jersey;3
Jakson Group;4.0;290;Private;73;3000;Noida;43
IDBI Federal Life Insura;3.7;289;Private;13;3000;Mumbai;77
Sona Koyo Steering Syste;4.3;289;Private;35;3000;Gurugram;13
SBICAP Securities;3.8;289;Public;34;3000;Mumbai;67
Vivanta by Taj;4.4;289;Private;10;10000;Mumbai;30
Toppr;2.7;289;Private;7;3000;Mumbai;28
First Flight Couriers;3.9;288;Private;;10000;Mumbai;63
Otis Elevator;4.2;288;Private;167;10000;Farmington;40
Wheels;4.1;287;Public;81;750;Des Plaines,IL (US);11
LOREAL;4.3;285;Private;111;10000;Clichy;36
THE LEELA PALACES HOTELS;4.4;285;Private;34;10000;Mumbai;15
Century Plyboards;4.0;285;Public;34;3000;Kolkata;48
HSIL;4.0;285;Public;60;3000;Gurgaon;39
Vakrangee;3.9;285;Public;30;3000;Mumbai;54
Synchrony Financial;4.5;284;Private;17;10000;Stamford;2
Genius Consultants;3.8;283;Private;27;3000;Kolkata;44
Sansera Engineering;4.2;283;Public;39;10000;Bangalore;10
Tata Business Support Se;4.1;281;Unknown;;10000;Thane;33
Nagarjuna Fertilizers an;4.2;281;Private;35;3000;Hyderabad;54
Frankfinn Institute of A;3.0;281;Private;27;3000;New Delhi;37
Continental Automotive C;4.1;280;Private;149;10000;Hanover;5
Pine Labs;4.0;280;Private;22;3000;New Delhi;44
Secure Meters;4.2;279;Public;33;7500;Eastleigh;29
Suzuki Motorcycle;4.1;279;Private;111;10000;Hamamatsu;57
Reliance Power;4.1;279;Public;25;3000;Navi Mumbai;22
ICA Edu Skills;3.6;279;Private;21;3000;Kolkata;60
HBL Power Systems;4.0;278;Public;43;3000;Hyderabad;27
IFB;3.8;278;Public;46;3000;Kolkata;51
Infrastructure Leasing &;4.0;278;Private;33;3000;Mumbai;57
le méridien;4.3;278;Private;48;10000;Paris;17
Karur Vysya Bank;3.8;277;Public;104;10000;Karur;57
Competent Software;3.7;277;Private;24;3000;New Delhi;4
Broadridge Financial Sol;3.7;276;Private;58;10000;Lake Success;3
TE Connectivity;4.2;276;Private;13;10000;Schaffhausen;7
Voltech;3.7;276;Private;32;7500;Chennai;16
Jaquar;4.2;276;Private;60;7500;Gurgaon;49
HT Media;3.7;275;Public;96;10000;New Delhi;28
Avalon Technologies;3.8;275;Private;18;7500;Chennai;2
SPI GLOBAL;3.8;275;Private;40;10000;Paranaque City;5
ZF Steering Gear India L;3.5;275;Public;39;3000;Pune;4
Hitachi Systems Micro Cl;3.7;275;Private;29;3000;New Delhi;46
Troikaa Pharmaceuticals;3.7;275;Private;37;3000;Ahmedabad;44
Keihin Fie;4.3;275;Private;21;3000;Pune;10
Citicorp;3.7;274;Private;23;10000;Mumbai;15
Parekh Integrated Servic;4.0;274;Private;39;3000;Mumbai;42
Aarvi Encon;4.0;274;Public;33;3000;Mumbai;43
Tanishq;4.4;274;Private;26;7500;Banglore;78
Unicharm;4.1;274;Private;59;10000;Tokyo;58
Sonata Software;3.9;273;Public;34;3000;Bangalore;4
MakeMyTrip;4.0;273;Private;20;3000;Gurgaon;28
Ramky Infrastructure;4.3;273;Public;26;3000;Hyderabad;34
NSB Bpo Solutions;3.8;273;Private;27;7500;Noida;65
Ekart Logistics;4.2;273;Private;11;750;Bangalore;95
Technosoft Corporation;3.3;272;Private;24;3000;Southfield;12
Tata AutoComp Systems;3.9;272;Public;25;7500;Pune;12
Usha Martin;4.0;272;Public;59;7500;Kolkata;21
BEML;4.2;272;Private;56;7500;Bengaluru;19
Allstate Solutions;3.8;271;Private;8;3000;Bengaluru;2
Novo Nordisk;4.0;271;Private;31;10000;Denmark;40
Vestas;4.3;271;Private;122;10000;Aarhus;17
Future Lifestyle Fashion;4.2;271;Public;8;10000;Mumbai;40
Jacobs Engineering Group;4.1;270;Private;73;10000;Dallas;20
Bridge & Roof Co;3.9;270;Public;100;3000;Howrah;31
Square Yards;2.8;270;Private;6;3000;Gurgaon;26
Denave;4.1;269;Private;21;3000;Noida;42
Thyrocare Technologies;3.2;269;Public;24;3000;Navi Mumbai;20
Medhaj Techno. Concept;3.8;269;Private;13;750;Lucknow;46
Infogain;3.2;268;Private;30;3000;Los Gatos;5
Care Hospital;4.3;268;Private;23;7500;Hyderabad;17
L&T Construction;4.1;267;Public;76;10000;Chennai;59
Velocis Systems;3.7;267;Private;26;3000;Noida;25
Shriram Value Services;4.1;267;Private;25;3000;Chennai;25
BASF;4.4;267;Private;155;10000;Ludwigshafen;40
Gujarat Fluorochemicals;4.2;267;Private;33;10000;Noida;9
Levi Strauss & Co.;4.3;267;Public;167;10000;San Francisco;54
HPCL-Mittal Energy;4.4;267;Unknown;13;3000;Punjab;12
Decathlon Sports;4.0;267;Private;44;10000;Lille;39
Ministry of Defence;4.5;266;Private;73;10000;New Delhi;47
Schaeffler India;4.2;266;Public;58;10000;Pune;13
Power Grid Corporation o;4.5;266;Private;31;7500;Gurugram;77
Silverlink Technologies;4.3;266;Private;17;350;Mumbai;3
eClinicalWorks;3.8;265;Private;21;7500;Westborough;6
Metropolis Healthcare;3.9;265;Private;38;3000;Worli;41
Saud Bahwan Group;3.9;265;Private;45;10000;Muscat;10
Tata Cummins;4.3;265;Private;27;10000;Jamshedpur;13
Skipper;3.8;264;Public;39;3000;Kolkata;26
Medha Servo Drives;4.3;264;Private;36;3000;Hyderabad;20
Fluper;4.7;264;Unknown;7;350;Noida;9
Ahluwalia Contracts Indi;4.1;263;Public;41;7500;New Delhi;20
Gestamp;4.1;263;Private;23;10000;Madrid;6
Natco Pharma;4.2;263;Public;39;7500;Hyderabad;19
Apco Infratech;4.0;263;Private;28;3000;Lucknow;28
Recpdcl.ltd;3.6;263;Private;13;3000;New Delhi;35
HyperCITY;4.5;262;Private;16;3000;Mumbai;16
Courtyard by Marriott;4.5;262;Private;37;10000;Maryland;23
Suryoday Small Finance B;3.8;262;Private;12;3000;Navi Mumbai;51
SourceHOV;3.7;261;Private;9;10000;Irving;8
Godfrey Phillips India;4.3;261;Public;87;3000;New Delhi;43
XL Dynamics;2.0;261;Private;15;3000;Navi Mumbai;2
National Health Mission;4.0;261;Private;3;10000;New Delhi;75
Honda Siel Cars India;4.3;261;Private;25;3000;Greater Noida;27
MAHLE Behr India;4.2;261;Unknown;23;3000;Pune;8
Pratap Technocrats;3.9;261;Private;22;10000;Jaipur;53
Clover Infotech;3.6;260;Private;26;3000;Mumbai;8
India Japan Lighting;4.2;260;Private;24;750;Chennai;12
SFO Technologies;3.8;259;Private;30;3000;Cochin;7
Rane Engine Valve;4.2;259;Public;61;7500;Chennai;9
Micro Turners;3.9;259;Private;51;7500;Panchkula;24
GTL Infrastructure;4.3;259;Public;16;3000;Mumbai;38
Fresenius Kabi;4.0;259;Public;21;10000;Bad Homburg;39
Renault;4.0;258;Private;122;10000;Boulogne-Billancourt;96
Alfanar;4.4;258;Private;44;10000;Riyadh;18
Suzuki;3.5;258;Private;111;10000;Shizuoka;27
Fareportal;3.3;257;Private;44;3000;New York;3
KEI Industries;4.2;257;Public;52;3000;New Delhi,India;42
CenturyLink;3.5;256;Private;90;10000;Monroe;6
Jaya Hind Industries;4.0;256;Public;73;350;Pune;12
INDUSIND MARKETING AND F;4.0;256;Private;26;10000;Pune;101
JSW Cement;3.9;256;Private;14;750;Mumbai;37
Almarai;4.5;256;Private;43;10000;Riyadh;19
Kunal Structure;4.1;256;Private;14;3000;Ahmedabad;18
Rodic Consultants;4.2;256;Private;20;3000;New Delhi;40
ICICI Home Finance;4.0;255;Private;21;10000;Mumbai;79
Lafarge;4.3;255;Private;187;10000;Paris;62
ThyssenKrupp Industries;4.1;254;Private;73;7500;Mumbai;20
Soma Enterprises;4.0;254;Private;43;3000;Hyderabad;30
VA Tech Wabag;4.1;254;Public;96;3000;Chennai;27
Vijai Electricals;3.9;254;Private;47;7500;Hyderabad;24
Saudi Aramco;4.5;254;Private;87;10000;Dhahran;19
Centum Learning;4.1;254;Private;13;3000;Delhi;54
Progressive Infotech;3.2;253;Private;22;3000;Noida;31
Aparajitha Corporate Ser;4.1;253;Private;20;3000;Madurai;33
Engineers India;4.4;252;Private;55;3000;New Delhi;33
Amway India Enterprises;4.2;252;Private;22;10000;Gurugram;56
Paisabazaar.com;3.7;252;Private;6;3000;Gurgaon;3
Tata Starbucks;4.5;252;Unknown;49;10000;Seattle;15
The Times of India;4.2;251;Private;182;10000;New Delhi;42
Transport Corporation Of;4.2;251;Public;62;7500;Gurgaon;47
Max Bupa Health Insuranc;3.9;251;Private;12;3000;New Delhi;43
1point1 Solutions;3.4;251;Public;6;7500;Navi Mumbai;8
KIMS Hospital;4.2;251;Private;20;3000;Secunderabad;23
B. G. Shirke Constructio;4.2;251;Private;76;750;Pune;13
Motif India Infotech;4.2;251;Private;38;10000;Englewood,Colorado;5
Comviva Technology;4.1;251;Private;21;3000;Gurugram;59
ICFAI University;4.0;250;Private;36;10000;Hyderabad;48
DLF;4.1;250;Public;74;10000;Delhi;17
Chetu;3.5;250;Private;20;3000;Plantation,FL;3
Amul;4.1;250;Private;55;750;Rajkot;72
UNITED COLORS OF BENETTO;4.4;250;Private;55;7500;Ponzano Veneto;48
Kurlon;4.1;250;Private;58;7500;Bangalore;54
Greenko Group;4.3;250;Private;14;3000;Hyderabad;25
Jtekt Sona Automotive In;4.3;250;Public;13;3000;Rewari;11
Sl Lumax;3.6;249;Public;23;3000;New Delhi;5
Schlumberger;4.1;249;Private;94;10000;Houston;19
Mynd Solutions Private;3.7;249;Private;18;750;Gurgaon;20
Bombardier Transportatio;4.1;249;Private;78;10000;Montreal;10
Mswipe Technologies;3.4;249;Private;9;3000;Mumbai;36
CMC;3.9;248;Public;45;10000;Hyderabad;39
Experis IT;3.2;248;Private;23;3000;Kolkata;23
Gharda Chemicals;4.2;248;Private;53;3000;Mumbai;25
Electrotherm;4.1;248;Public;37;3000;Ahmedabad;15
Raychem RPG;4.3;248;Private;31;7500;Mumbai;17
Shriram General Insuranc;3.9;248;Private;46;10000;Jaipur,India;73
Sayaji Hotels;4.4;248;Public;38;7500;Indore;18
Bahwan Engineering Compa;4.2;248;Private;43;10000;Ruwi;11
Steel Authority Of India;4.1;246;Public;47;10000;New Delhi;20
Hyundai Mobis;3.9;246;Private;43;10000;Seoul;14
Vara United;3.5;246;Private;6;3000;Mumbai;29
Coal India;4.0;246;Public;45;10000;Calcutta;31
Ranbaxy;4.5;245;Public;59;10000;GURGAON;49
SS&C GlobeOp;3.2;245;Private;34;10000;Windsor;7
Al Turki Enterprises;3.4;245;Private;44;7500;Muscat;5
Siemens Technology and S;4.1;244;Unknown;153;10000;Munich;8
The Bank of New York Mel;4.1;244;Unknown;236;10000;New York;1
Kharafi National;4.0;244;Unknown;44;10000;Cairo;13
Evolve Technologies & Se;4.1;244;Private;29;3000;Pune;39
Meril Life Sciences;3.8;244;Private;14;750;Vapi,Maharashtra;33
Dhanuka Agritech;4.0;244;Public;35;3000;Gurgaon;41
Vodafone Shared Services;4.0;243;Unknown;14;10000;Newbury;2
Essel Propack;4.2;243;Public;38;3000;Mumbai;18
Sandhar Technologies;4.0;243;Public;33;7500;Gurugram;16
Hi Tech Gears;4.1;243;Public;34;3000;Gurgaon;20
CMS Computers Limited (I;3.8;242;Private;44;3000;Mumbai;37
Adobe;4.3;242;Private;38;10000;California;5
Turbo Energy;4.1;242;Private;38;3000;Chennai;13
Army Public School;4.0;242;Private;40;7500;New Delhi;52
Chennai Radha Engineerin;4.0;242;Private;36;7500;Siruseri;22
NBTC GROUP;3.4;242;Private;43;10000;Ahmadi;18
Era Infra Engineering;3.2;241;Public;30;3000;Noida;24
Greenply;4.0;241;Public;27;3000;Kolkata;48
Royal Sundaram General I;4.0;241;Unknown;19;3000;Chennai;56
KMV Projects;3.9;241;Private;41;3000;Hyderabad;28
United Breweries;4.2;240;Public;105;3000;Bangalore;45
Biba Apparels;3.8;240;Private;34;3000;New Delhi;46
Rao IIT Academy;3.3;240;Private;28;750;Mumbai;16
Innodata Isogen;3.7;239;Private;32;7500;New Jersey;4
H & R Johnson;4.0;239;Private;119;7500;Staffordshire;50
Wipro Infrastructure Eng;4.1;239;Private;44;3000;Bengaluru;18
Timken;4.2;239;Public;121;10000;North Canton,OH;16
IndiaFirst Life Insuranc;4.1;239;Private;11;3000;Mumbai;57
Colliers International;3.9;239;Private;44;10000;Ontario;16
Nuvoco Vistas Corp;4.3;239;Private;21;3000;Mumbai;53
House Of Anita Dongre;4.3;239;Unknown;25;3000;Navi Mumbai;30
Aditya Birla Minacs;4.2;238;Private;39;750;Bellandur;7
Government of India;4.1;238;Unknown;;10000;DELHI;63
ManpowerGroup;4.2;238;Private;72;10000;Milwaukee;40
Macawber Beekay;3.9;238;Private;34;3000;Noida;19
Bses Rajdhani Power;4.2;237;Private;18;7500;New Delhi;3
Carborundum Universal;4.2;237;Public;66;3000;Chennai;18
AIIMS;4.1;237;Other;64;10000;New Delhi;21
GE Power;4.1;237;Public;128;10000;Schenectady,NY,United States;23
Air India;4.0;236;Private;88;10000;New Delhi;21
Renovision Automation Se;3.7;236;Private;14;3000;New Delhi;35
Holiday Inn;4.2;236;Private;68;10000;Memphis;28
Titan Eye Plus;4.4;236;Private;13;10000;Bangalore;56
Paras Dairy;3.6;236;Unknown;34;750;New Delhi;27
Omax Autos;3.7;235;Public;37;3000;Gurgaon;12
IMPACT Infotech;3.2;235;Private;13;3000;Pune;36
Wockhardt Hospital;4.3;235;Private;47;10000;Mumbai;14
Polaris Consulting;3.5;234;Private;27;7500;Chennai;14
R Systems International;3.1;234;Public;27;3000;Sacramento;5
Pearson Education India;4.0;234;Private;22;10000;Chennai;51
India Cements;3.9;234;Public;74;3000;Chennai;44
Surya Roshni;4.2;233;Public;47;3000;New Delhi;42
Volvo;4.1;232;Private;93;10000;Gothenburg;23
ZS Associates;3.7;232;Private;37;7500;Evanston;2
ATS Infrastructure;4.2;232;Private;22;3000;Noida;8
Magneti Marelli Motherso;4.0;232;Private;12;750;Pune;13
The Ramco Cements;4.4;232;Public;59;750;Chennai;36
Diebold Nixdorf;3.8;231;Private;161;10000;North Canton,OH,United States;28
ZUVENTUS HEALTHCARE;3.9;231;Private;18;3000;Mumbai;42
Napino Auto & Electronic;3.9;231;Public;23;3000;Gurgaon;1
Maharashtra State Electr;4.2;231;Private;15;10000;Mumbai;44
Kutumbh Care;3.9;231;Private;;350;Noida;73
Rentokil Pest Control;4.0;231;Private;3;7500;Mumbai;53
Aramex;3.8;230;Private;38;10000;Dubai,United Arab Emirates;42
Alight Solutions;3.6;230;Private;24;10000;Lincolnshire;6
Chegg;4.3;230;Private;15;3000;Santa Clara,CA;26
Cerner Healthcare Soluti;3.5;229;Public;41;10000;Kansas City;0
Hilton;4.4;229;Private;101;10000;Mc Lean;19
Ebix Software India;3.4;229;Private;44;7500;John Creek;16
Aisin Automotive Haryana;4.1;229;Unknown;9;350;Haryana;8
TVS Sundaram Clayton;4.1;228;Public;58;10000;Chennai;6
Technip;4.3;228;Private;62;10000;Paris,France;20
Vedanta Aluminium;4.1;228;Private;19;10000;Mumbai;13
TNQ Books & Journals;3.8;228;Private;22;3000;Chennai;3
SAI Life Sciences;3.7;228;Public;21;3000;Hyderabad;3
Descon Engineering;4.3;228;Private;43;10000;Lahore;15
Sanghi Industries;3.8;228;Public;35;750;Ahmedabad;12
Genpact Headstrong Capit;3.3;227;Private;39;10000;Reston;6
ADFC;3.8;227;Private;26;10000;Mumbai;24
Defence Research & Devel;4.4;227;Private;62;10000;New Delhi;23
Vasan Eye Care Hospitals;3.9;227;Private;73;7500;Chennai;59
Leadec;3.8;227;Private;58;10000;Stuttgart;20
DigiCall Teleservices;3.4;226;Private;17;3000;Johannesburg;12
CitiusTech;3.7;226;Private;15;3000;New Jersey;3
TVS Electronics;4.2;226;Public;34;3000;Chennai;33
Somany Ceramics;4.0;226;Public;51;3000;Noida;33
GK PROJECTS;4.2;226;Unknown;29;7500;Centurion;26
Mount Litera Zee School;3.8;226;Private;26;750;Mumbai;58
Xchanging;3.8;225;Public;3;10000;Tysons;9
Yatra;3.7;225;Private;14;10000;Gurugram;15
Larsen and Toubro Power;4.0;225;Unknown;14;10000;Mumbai;44
Scientific Publishing Se;4.0;225;Private;25;3000;Chennai;2
Pamac Finserve;3.6;225;Private;25;7500;Mumbai;33
Hikal;4.0;225;Private;32;3000;Navi Mumbai;10
Carnival Cruise Lines;4.2;225;Unknown;48;10000;Miami;15
IFFCO;4.1;225;Private;53;10000;New Delhi;32
Lovely Professional Univ;3.7;224;Private;15;3000;Phagwara;12
Deepak Nitrite;4.1;224;Public;48;3000;Vadodara;6
Nippon Paint;4.1;224;Private;139;10000;Osaka;49
Blackberrys;4.1;224;Private;29;750;Gurgaon;47
Indo Autotech;4.0;224;Private;46;750;Faridabad;8
Creambell;4.1;224;Private;17;350;Gurugram;43
Religare Securities;3.9;223;Private;26;3000;New Delhi,India;60
Athena BPO;3.6;223;Private;30;3000;Mumbai;12
Franklin Templeton Inves;4.2;223;Private;73;7500;San Mateo;11
Amar Ujala;4.0;223;Public;72;3000;Noida;33
Ssipl Lifestyle;4.2;222;Private;26;7500;New Delhi;41
Medusind Solutions;4.1;222;Private;18;3000;Florida;4
Hitachi Payment Services;4.1;222;Private;12;3000;Chennai;15
PC Jewellers;4.0;222;Public;15;3000;New Delhi;55
Escon Elevators;3.7;222;Private;30;350;Navi Mumbai;11
Caparo Engineering India;3.9;221;Unknown;26;3000;Gurgaon;19
Star Cement;4.0;221;Public;19;10000;Meghalaya;23
Lea Associates South Asi;4.5;221;Private;27;3000;New Delhi;53
Hema Engineering Industr;3.6;220;Private;36;750;Gurugram;18
Central Reserve Police F;4.3;220;Unknown;81;10000;New Delhi,India;42
Vijay Nirman Company;4.2;220;Private;38;7500;Visakhapatnam;23
Dixon Technologies (indi;4.0;220;Public;27;3000;Noida;14
Westside;4.3;220;Private;22;7500;Mumbai;47
Dishnet Wireless;4.3;219;Unknown;22;7500;Chennai;43
LifeCell International;3.8;219;Private;16;3000;Chennai;41
My Home Industries;4.2;219;Private;23;3000;Hyderabad;22
Parag Milk Foods;3.9;219;Public;28;3000;Pune;35
Aparna Constructions and;4.3;219;Private;24;750;Hyderabad;13
Ninjacart;3.1;219;Private;5;3000;Bangalore;15
Orient Technologies;3.5;218;Private;28;3000;Mumbai;15
Federal Bank;4.0;218;Public;89;10000;Kerala;58
Rico Auto Industries;4.1;218;Public;37;3000;Gurgaon;12
Birla Corporation;4.1;218;Public;101;7500;Kolkata,India;42
Artech Infosystems;3.5;217;Private;40;7500;Noida;9
Tieto;4.1;217;Private;52;10000;Helsinki;1
Grant Thornton;3.5;217;Private;96;7500;Chicago,IL,United States;19
HARMAN;3.7;217;Public;67;10000;Stamford;9
BSCPL Infrastructure;3.9;217;Private;48;7500;Hyderabad;20
KPMG Advisory Services;3.6;216;Private;33;10000;Toronto;17
Ind-Swift Laboratories;3.7;216;Public;25;3000;Chandigarh;14
FoodPanda;4.2;216;Private;8;3000;Singapore;14
PropTiger.com;4.0;216;Private;9;3000;Gurgaon;11
TDK;4.1;216;Private;85;10000;Tokyo;13
Teleysia Networks;3.7;216;Private;12;750;Ahmedabad;23
RELIANCE SMSL;4.0;216;Public;13;10000;Mumbai;84
Ricoh;4.1;215;Public;84;10000;Tokyo;36
Encore Capital Group;4.1;215;Private;67;7500;San Diego;1
RAMTeCH Software Solutio;3.7;215;Private;28;3000;New Delhi;12
Agilent Technologies;4.3;215;Private;21;10000;Santa Clara;9
ChannelPlay;4.0;215;Private;14;3000;Gurgaon;40
IMRB International;3.3;214;Private;50;3000;Mumbai;22
3M;4.0;214;Public;118;10000;Saint Paul;31
Royal Orchid Hotels;4.0;214;Public;47;7500;Bangalore;26
MPS;3.6;214;Public;50;3000;New York;7
Neuland Laboratories;4.2;214;Public;36;3000;Hyderabad;1
InterContinental Hotels;4.3;213;Private;17;10000;Denham;23
Uber;4.1;213;Private;11;10000;San Francisco;23
Labournet Services;4.1;213;Private;14;3000;Bangalore;31
Aye Finance;4.3;213;Private;6;3000;Gurgaon;72
GirnarSoft;3.8;213;Private;13;3000;Jaipur;20
Integreon;3.4;212;Private;22;3000;New York;4
Audi;4.1;212;Private;111;10000;Ingolstadt (Germany);42
Softenger;3.9;212;Private;21;750;Pune;15
Newgen Software Technolo;3.3;211;Public;28;3000;New India;13
Sulekha.com;3.7;211;Private;13;3000;Chennai;15
Kalpataru Group;3.9;211;Private;51;3000;Mumbai;22
Genus Power Infrastructu;3.9;211;Public;28;3000;Jaipur;19
Mindarika;4.0;211;Unknown;28;3000;Gurgaon;11
Kidzee;4.2;211;Private;17;10000;Mumbai;54
Episource;4.0;211;Private;14;3000;Gardena,CA,United States;5
IRB Infrastructure;4.2;211;Public;22;3000;Mumbai;24
Jaypee Cement;4.2;210;Private;41;3000;Noida;43
Sharda Motor Industries;3.8;210;Public;34;3000;Delhi;17
J B Chemicals And Pharma;4.1;210;Public;44;3000;Mumbai;30
Sarovar Hotels & Resorts;4.2;210;Private;26;3000;Mumbai;45
Deepak Fertilisers and P;4.0;210;Public;41;3000;Pune;23
Amphenol Interconnect;4.2;210;Unknown;48;3000;Pune;3
Asirvad Microfinance;4.3;210;Private;13;7500;Chennai;62
Centre for Development o;3.9;209;Private;32;3000;Pune;14
Affinity Express;3.0;209;Private;20;3000;Elgin,IL;4
IKS Health;3.0;209;Private;13;7500;Mumbai;5
Agility Logistics;4.1;208;Private;41;10000;Sulaibiya;26
Tata International;4.1;208;Public;58;7500;Mumbai;26
Kaya Skin Clinic;4.0;208;Public;17;3000;Mumbai;27
Kalyan Jewellers;4.2;208;Private;27;10000;Thrissur;49
National Informatics Cen;4.0;207;Private;44;3000;New Delhi;28
TEKsystems;3.5;207;Private;37;10000;Hanover;6
Lakshmi Machine Works;4.1;207;Public;58;7500;Coimbatore;7
Supertech;4.0;207;Private;28;3000;New Delhi;13
Indegene;3.7;207;Private;22;3000;Bengaluru;10
Craftsman Automation;3.8;207;Private;34;3000;Coimbatore;9
Pernod Ricard;4.1;207;Private;45;10000;Paris;47
RITES;4.2;207;Private;46;3000;Gurgaon;29
Mahendra’s Institute;3.6;207;Private;26;3000;Lucknow;60
XpressBees;3.8;207;Private;5;10000;Pune;57
Pratham Education Founda;4.3;207;Private;25;7500;Mumbai;43
Merino Industries;3.7;206;Unknown;52;3000;Kolkata;25
Prism Cement;4.0;206;Private;23;3000;Mumbai;31
Aditya Birla Capital;4.0;206;Public;13;10000;Mumbai;48
Maxi Multiservices;3.9;206;Private;5;350;Lucknow;44
Altran Technologies;3.5;205;Private;38;10000;Neuilly-sur-Seine;6
Fiat India Automobiles;4.3;205;Private;23;3000;Pune;13
HLL Lifecare;3.8;205;Private;54;750;Thiruvananthapuram;45
Genesys International Co;3.6;205;Public;25;3000;Mumbai;7
Alstom Transportation;4.0;205;Private;92;10000;Saint-Ouen;19
Quality Austria Central;3.3;205;Private;10;350;New Delhi;18
Instakart Services;4.4;205;Private;5;3000;Bangalore,India;75
Emerson Network Power;4.2;204;Private;20;10000;Columbus;32
General Mills;4.2;204;Private;154;10000;Minneapolis;22
Precision Infomatic M;3.8;204;Private;24;750;Chennai;33
Lumina Datamatics;3.2;204;Private;45;3000;Chennai;7
Geojit Financial Service;3.7;204;Public;33;7500;Kochi;63
Signify;4.1;204;Unknown;129;10000;Eindhoven;37
Essel Group;3.8;204;Private;94;10000;Mumbai;31
Ask Automotive;4.1;204;Private;31;3000;Gurugram;12
Fiem Industries;3.8;204;Public;31;7500;New Delhi;15
Consolidated Constructio;4.3;203;Public;23;3000;Chennai;18
Piramal Healthcare;4.2;203;Unknown;36;3000;Mumbai;46
BharatMatrimony.com;3.7;203;Private;23;3000;Chennai;19
Nelito System;3.6;203;Private;25;3000;Navi Mumbai;24
Stock Holding Corporatio;3.9;203;Public;34;3000;Mumbai;61
Standard Chartered Globa;3.8;203;Private;19;10000;Chennai;7
NecLife;3.9;203;Public;25;3000;Chandigarh;8
Medplus(optival Health S;4.0;203;Private;14;7500;Hyderabad;26
MINI MUTHOOTTU NIDHI K;3.6;203;Unknown;99;3000;Kochi;44
Net Connect;3.3;202;Private;23;3000;Bengaluru;31
IHS Markit;3.8;202;Private;61;10000;London;7
Jabil Circuit India;4.2;202;Unknown;54;10000;St Petersburg;9
Lakshmi Vilas Bank;3.7;202;Public;94;3000;Chennai;56
STUP Consultants;3.9;202;Private;57;3000;Mumbai;24
PeopleStrong;3.8;202;Private;14;3000;Gurgaon;14
Target;4.3;201;Private;118;10000;Minneapolis;3
Hpl Electric & Power;3.7;201;Unknown;28;3000;Noida;37
Nityo Infotech;3.2;201;Private;14;10000;Plainsboro New Jersey;15
SPML Infra;3.5;201;Public;91;3000;New Delhi;26
ICICI Prudential Asset M;4.1;201;Unknown;27;3000;New Delhi;58
NRB Bearings;4.2;201;Public;55;3000;Mumbai,India;12
Inbisco;3.8;201;Private;12;3000;Bangalore;35
Vidal Health Tpa;3.9;201;Private;18;3000;Bangalore;26
Pratibha Industries;3.8;200;Public;38;3000;Mumbai;18
Tecnimont;3.8;200;Private;62;3000;Mumbai;10
Srei Equipment Finance;4.2;200;Public;31;7500;Kolkata;55
Dr. Batras' Positive Hea;3.5;200;Private;38;750;Mumbai;55
Shivam Autotech;4.0;200;Public;21;3000;New Delhi;12
Ministry Of Health, New;4.2;200;Other;44;10000;New Delhi;28
Livpure;4.1;200;Private;10;3000;Gurugram;46
Efs Facilities Services;4.1;200;Private;14;3000;Dubai;21
H&M;4.3;200;Private;73;10000;Stockholm,Sweden;21
GTL;4.3;199;Public;33;3000;Navi Mumbai;30
Hofincons Group;3.9;199;Unknown;40;7500;Sharjah;30
Rallis India;4.1;199;Public;72;750;Mumbai;36
Michelin;4.0;199;Private;131;10000;Clermont-Ferrand;27
Transsion Holdings;4.1;199;Public;14;3000;Shenzhen;33
BlackBuck;4.0;199;Private;5;3000;Bangalore;47
Lionbridge Technologies;3.7;198;Private;24;7500;Waltham;6
First Advantage;3.6;198;Private;17;3000;Atlanta;4
Sterling Holiday Resort;3.9;198;Public;34;3000;Chennai;30
Ag Industries;4.2;198;Private;27;350;New Delhi;7
Apollo Pharmacy;3.9;198;Private;37;10000;Chennai;43
Pie Infocomm;4.6;198;Private;18;126;Lucknow;0
Intel;4.3;197;Private;52;10000;Santa Clara,CA (US);6
Federal mogul Goetze;4.1;197;Public;66;7500;Gurugram;16
Infinx;3.6;197;Private;8;3000;Mumbai;5
Gujarat Heavy Chemicals;4.2;197;Public;37;3000;Ahmedabad;15
Arvato;3.7;197;Private;185;10000;Gutersloh;9
Knorr-Bremse;3.9;197;Private;115;10000;Bayern;12
Central Bank of India;4.3;197;Public;109;10000;Mumbai;49
RuralShores;4.1;197;Private;12;3000;Bengaluru;23
Vijay Sales;4.3;196;Private;53;3000;Mumbai,India;19
FIITJEE;3.5;196;Private;28;3000;New Delhi;35
Gupta Power Infrastructu;3.7;196;Private;59;750;Bhubaneshwar;22
IIC Technologies;3.8;196;Public;26;3000;Hyderabad;8
Symantec;4.3;195;Private;38;10000;Mountain View;5
VirtusaPolaris;2.9;195;Private;24;10000;Westborough,MA,United States;8
Willis Towers Watson;3.7;195;Private;192;10000;London,England,United Kingdom;6
QualityKiosk Technologie;3.3;195;Private;20;3000;Navi Mumbai;3
VRL Logistics;4.0;195;Public;44;3000;Bangalore;53
Orient Cement;4.1;195;Public;41;3000;New Delhi;29
Bharat Gears;4.1;195;Public;49;750;Haryana;8
Lite Bite Foods;4.4;195;Private;18;3000;Gurgaon;12
QHTalbros;3.9;195;Public;34;750;Gurugram;11
Credit Suisse;3.8;194;Private;120;10000;Zürich,Switzerland;2
Aptech;3.9;194;Public;34;3000;Mumbai;40
Yokogawa;3.8;194;Private;33;10000;Tokyo;14
Onward eServices;3.7;194;Public;29;750;Mumbai;32
PUMA;4.3;194;Private;72;10000;Herzogenaurach;41
Ensure Support Services;3.9;194;Private;7;3000;Chennai;40
Gayatri Projects;4.0;194;Public;57;750;Hyderabad;35
Mahindra Vehicle Manufac;4.2;194;Private;13;3000;Mumbai;4
Indira IVF Hospital;4.2;194;Private;32;3000;Udaipur;36
MeritNation;3.7;193;Private;12;750;New Delhi;18
Medley Pharmaceuticals;4.1;193;Public;51;3000;Mumbai;34
Riya Travel;3.8;193;Private;40;3000;Mumbai;23
ReGen Powertech;3.9;193;Private;14;3000;Chennai;18
Page Industries;4.3;193;Public;26;10000;Bangalore;32
Paras Hospital;4.1;193;Private;14;3000;Gurugram;11
MALABAR GOLD AND DIAMOND;4.1;193;Private;27;10000;Kozhikode;37
Prime Focus Technologies;3.2;192;Private;12;3000;Burbank;5
Baxter International;4.1;192;Private;89;10000;Deerfield;17
Patel Engineering;4.0;192;Public;71;750;Mumbai;18
M*Modal;3.3;192;Private;19;10000;Franklin,TN;9
Atos Global IT Solutions;4.2;192;Unknown;23;10000;Paris;6
Reliance Home Finance;4.4;192;Public;54;750;Mumbai;42
National Collateral Mana;4.0;192;Unknown;16;3000;Mumbai;50
India Shelter Finance Co;4.0;192;Private;22;3000;Gurgaon;53
Financial Software Syste;3.8;191;Private;29;3000;Chennai;12
Kajaria Ceramics;4.4;191;Public;32;3000;New Delhi;31
Khazana Jewellery;4.0;191;Private;31;3000;Chennai;27
Shalby Hospitals;3.7;191;Public;26;3000;Ahmedabad;10
Atkins;4.0;190;Private;82;10000;Epsom;9
Rashmi Metaliks;3.3;190;Private;16;7500;Kolkata;6
Flex;4.0;190;Private;51;10000;Singapore;14
You Broadband;4.0;190;Public;19;3000;Mumbai;21
Balkrishna Industries;4.1;190;Public;33;7500;Mumbai;6
Minda Furukawa Electric;4.0;190;Private;13;10000;Rewari;8
VLCC Personal Care;3.6;190;Private;31;3000;Gurugram;43
Arohan Financial Service;4.0;190;Private;14;3000;Kolkata;36
Amazon Transportation Se;4.3;190;Private;8;10000;New Delhi;42
Indian Institute of Tech;4.4;189;Private;12;3000;Gandhinagar;24
Poly Medicure;3.8;189;Public;23;3000;New Delhi;19
Eris Lifesciences;3.9;189;Public;13;3000;Ahmedabad;39
Cpf India;4.0;189;Private;23;750;Bengaluru;23
VGN Projects Estates Pri;4.7;189;Private;78;750;Chennai;1
ETA Engineering;4.0;188;Private;26;10000;Chennai;16
Canon;4.4;188;Private;83;10000;Ohta-ku;32
VeeTechnologies;3.1;188;Private;20;3000;Bangalore;4
smartData Enterprises;3.5;188;Private;24;3000;New York;5
Forbes Marshall;4.3;188;Private;94;3000;Pune;15
Bridgestone;4.2;188;Private;89;10000;Tokyo;35
Knight Frank;4.4;188;Private;124;10000;London;18
Aditya Birla Finance;4.0;188;Private;13;3000;Mumbai;35
Jayaswal Neco Industries;3.9;188;Public;48;3000;Nagpur,Maharashtra;12
Medica Superspecialty Ho;3.5;188;Private;10;3000;Kolkata;12
GD Goenka Public School;3.7;188;Private;26;750;New Delhi;31
National Fertilizers;4.5;188;Public;46;3000;Noida;23
NISSIN BRAKE INDIA;3.9;188;Private;67;10000;Nagano;8
Tata Power Delhi Distrib;4.4;187;Private;12;3000;New Delhi;20
Jindal Intellicom;2.7;187;Public;21;3000;New Delhi;3
St. Xavier's High School;4.0;187;Private;151;3000;Gurgaon;48
Matrimony.com;3.7;186;Public;23;3000;Chennai;17
Rohan Builders;4.2;186;Private;27;3000;Pune;13
Updater Services;3.8;186;Private;35;10000;Chennai,Tamil Nadu;26
Medreich;3.6;186;Private;47;3000;Bangalore;4
Diageo;3.9;186;Private;23;10000;London;36
Portea Medical;3.7;186;Private;7;3000;Bangalore;12
N.C.L. Industries;4.0;186;Public;41;3000;Secunderabad;41
Morgan Stanley;3.3;185;Private;85;10000;New York;3
Sandoz;4.4;185;Private;134;10000;Bavaria;13
AVTEC;3.7;185;Private;15;3000;New Delhi;9
Offshore Infrastructures;4.1;185;Private;25;750;Mumbai;23
Balaji Enterprises;4.0;185;Private;28;3000;Pune;46
Syndicate Bank;4.0;185;Public;95;10000;Manipal;50
Jubilant Generics;4.1;185;Private;7;3000;Noida;10
Vulcan Express;4.1;185;Private;7;10000;Gurgaon;34
Happiest Minds Technolog;3.9;184;Private;9;3000;Bangalore;7
VMware Software;4.3;184;Private;22;10000;Palo Alto;3
EMERSON PROCESS MANAGEME;4.2;184;Unknown;130;10000;Missouri;15
Pyramid IT Consulting;3.5;184;Private;24;3000;Atlanta;14
B.L. Kashyap & Sons;4.2;184;Private;42;10000;New Delhi;17
RAK Ceramics;4.1;184;Private;31;10000;Ras Al Khaimah;28
Kohler;4.2;184;Private;147;10000;Wisconsin;16
Jyothy Laboratories;4.1;184;Private;37;3000;Mumbai;46
Bikanervala;4.1;184;Private;70;3000;New Delhi;23
TCNS Clothing Company;4.1;184;Public;48;750;Noida;37
Bisk Farm;3.8;184;Private;20;3000;Kolkata;34
Sintex-bapl;3.8;184;Public;13;7500;Pune;24
Ess Kay Fincorp;4.1;184;Public;28;3000;Jaipur;42
Allied Digital Services;2.5;183;Public;25;3000;Mumbai;19
Vatika Group;4.1;183;Private;34;3000;Gurgaon;9
Eureka Outsourcing Solut;3.3;183;Private;23;7500;Thane;7
Apar Industries;3.9;183;Public;62;3000;Mumbai;21
Centaur Pharmaceuticals;4.0;183;Private;42;3000;Mumbai;29
Kuwait National Petroleu;4.3;183;Unknown;60;7500;Ahmadi;12
JK Paper;4.0;183;Public;60;3000;New Delhi;9
Sri Chaitanya Techno Sch;4.0;183;Private;34;750;Hyderabad;27
V-Xpress;4.0;183;Private;18;3000;Navi Mumbai;40
Christian Medical Colleg;4.5;183;Private;120;3000;Vellore;12
Shaktiman Tirth Agro Tec;4.3;183;Private;23;3000;Rajkot;14
Su-Kam Power Systems;4.2;182;Private;32;3000;Gurgaon;40
DB Schenker;4.0;182;Private;148;10000;Essen;21
Tata Hitachi Constructio;4.2;182;Private;21;3000;Bangalore;37
Kellogg;4.2;182;Private;114;10000;Battle Creek;34
Fena;4.1;182;Private;44;10000;New Delhi;41
SHARE Microfin;4.2;182;Private;31;3000;Hyderabad;72
MCM Telecom Equipment;3.6;182;Private;5;7500;Noida;1
Times Internet;3.7;181;Private;21;3000;Gurugram;13
Telesonic Networks;3.8;181;Public;11;7500;Faridabad;20
Fleetguard Filters;4.2;181;Private;33;750;Pune;31
Munjal Showa;4.1;181;Public;35;3000;Gurgaon;7
Hapag-Lloyd;3.7;181;Private;173;10000;Hamburg;4
Mu Sigma;3.0;180;Private;16;3000;Northbrook;1
Ramco Systems;3.5;180;Public;23;3000;Chennai;5
Reliance Infrastructure;4.0;180;Public;91;7500;Mumbai;23
Kerala State Electricity;4.3;180;Private;9;10000;Thiruvananthapuram;21
Merck;4.2;180;Private;129;10000;New Jersey;29
Ongc Petro Additions;4.2;180;Public;14;3000;Vadodara;8
Hitachi;4.2;180;Private;100;10000;Tokyo;38
SABIC;4.4;180;Private;44;10000;Riyadh;10
Monte Carlo;4.1;180;Public;36;3000;Punjab;38
Bhagwati Products;3.5;180;Public;18;10000;Bhiwadi;14
Trident Hotels;4.3;180;Private;86;7500;New Delhi;17
Artemis Health Institute;4.4;180;Public;13;3000;Gurgaon;4
Patel Infrastructure;4.2;180;Private;48;3000;Vadodara;27
Fusion Microfinance;4.0;180;Private;26;3000;New Delhi;57
Nomura Holdings;4.0;179;Public;95;10000;Tokyo;3
Kotak Mahindra Prime;4.0;179;Unknown;24;10000;Mumbai;38
EID Parry (India);4.2;179;Public;232;750;Chennai;24
RPG Life Sciences;4.2;179;Public;52;3000;Mumbai;16
Sunbeam Auto;3.8;179;Private;34;3000;Gurgaon;9
MAS FINANCIAL SERVICES;3.5;179;Public;25;3000;Ahmedabad;45
Jaro Education;2.7;179;Private;11;750;Mumbai;8
GSH Group;4.0;179;Private;125;3000;New Jersey;24
Indecomm Global Services;3.5;178;Private;17;3000;New Jersey;5
Tavant Technologies;3.8;178;Private;20;3000;Santa Clara;1
Lear Corporation;3.9;178;Public;103;10000;Southfield;8
Birla Tyres;3.9;178;Private;29;3000;Kolkata;45
Jardine Lloyd Thompson;3.8;178;Private;23;10000;London;2
Action Construction Equi;3.9;178;Public;25;3000;Faridabad;23
Siyaram Silk Mills;4.1;178;Public;42;7500;Mumbai;19
V-Trans;4.2;178;Public;62;3000;Mumbai;41
Rolta India;3.0;177;Public;38;750;Mumbai;8
Elecon Engineering;3.8;177;Public;69;3000;Gujrat;15
ABM Knowledgeware;3.6;177;Public;27;750;Mumbai;21
Advik Hi Tech;3.7;177;Unknown;20;350;Pune;9
Ministry Of Education;4.3;177;Private;;7500;Male;18
Patra Corporation;4.0;177;Private;15;126;El Dorado Hills;5
Emami Cement;4.1;177;Public;13;750;Kolkata;28
Tata steel BSL;4.1;177;Public;33;7500;New Delhi;15
Scania;4.1;177;Private;129;10000;Stockholm;16
Eicher Motors;4.1;177;Unknown;;;Surat;43
Uae Exchange & Financial;4.0;176;Private;40;7500;Abu Dhabi;61
Allscripts;4.3;176;Private;34;7500;Chicago;2
Ugam Solution;3.7;176;Private;20;3000;Mumbai;3
J K Fenner;3.9;176;Private;91;3000;Madurai;20
K Raheja Corp;4.3;176;Private;64;3000;Mumbai;7
NJ India Invest;4.1;176;Private;26;3000;Surat;46
JTEKT;4.3;176;Public;14;10000;Nagoya;10
Cadbury;4.5;175;Private;196;10000;Birmingham;37
Sistema Shyam Teleservic;4.7;175;Private;25;3000;Gurugram;36
Investors Clinic;2.9;175;Unknown;14;3000;Noida;12
SMC Global Securities;3.7;175;Public;30;3000;New Delhi;27
WorleyParsons;4.2;175;Private;49;10000;North Sydney;17
Wuerth India;4.1;175;Private;26;3000;Mumbai;36
Mazagon Dock;4.2;175;Private;86;7500;Mumbai;0
IL&FS Technologies;4.0;175;Public;87;750;Gurgaon;43
HEISCO;4.0;175;Private;46;7500;Safat;11
Jubilant Foods Works;4.0;175;Unknown;25;10000;Noida;44
Sasken;3.4;174;Public;31;3000;Bengaluru;6
Bristlecone;3.4;174;Private;22;3000;San Jose;3
Reliance Money;4.1;174;Private;14;3000;Mumbai;40
DBS Bank;3.6;174;Private;52;10000;Singapore;12
Williams Lea Tag;3.7;174;Public;200;10000;London;6
Ramada;4.0;174;Private;67;10000;New Jersey;24
Ameriprise Financial;3.8;174;Private;126;10000;Minneapolis;2
Mahanagar Gas;4.0;174;Public;25;3000;Mumbai;9
Madura Coats;3.9;174;Private;46;750;Middlesex;27
TTK Healthcare;4.0;174;Public;62;3000;Chennai;41
NCCCL;3.9;174;Private;74;3000;Mumbai;11
All India Radio;4.1;174;Private;90;3000;New Delhi;51
Visionary RCM Infotech;3.2;174;Private;14;3000;Chennai;3
Tata Capital Housing Fin;4.1;174;Public;12;7500;Mumbai;55
WAPCOS;4.0;174;Private;51;3000;New Delhi;44
Satyam Auto Components;3.9;174;Private;19;3000;New Delhi;11
Uppcl;4.2;174;Unknown;20;7500;Lucknow;39
Micron Electricals;4.1;173;Private;44;3000;Bangalore;7
Aerial Telecom Solutions;3.7;173;Private;10;3000;Mohali;32
Ness Technologies;3.3;172;Private;22;3000;Teaneck;3
Altimetrik;3.5;172;Private;8;3000;Southfield,MI;4
Wartsila;4.3;172;Private;186;10000;Helsinki;23
Utility Powertech;4.0;172;Private;25;3000;Noida;28
Venky's;4.1;172;Public;49;10000;Pune;32
Westin;4.3;172;Private;35;7500;Maryland;15
Kataria Automobiles;3.7;172;Unknown;64;3000;Ahmedabad;8
Thriveni Earthmovers;4.1;172;Private;29;7500;Salem;14
IBS Software Services;4.0;171;Private;23;3000;Thiruvananthapuram;4
GE Healthcare;4.1;171;Private;26;10000;Chicago;14
Lenovo;4.0;171;Private;36;10000;Quarry Bay;39
Kirloskar Pneumatic;4.1;171;Public;62;750;Maharashtra;7
Microtek International;3.9;171;Private;40;750;New Delhi;37
National Bulk Handling C;4.1;171;Private;17;3000;Mumbai;49
Travel Food Services;3.7;171;Private;11;7500;Mumbai;10
Arthur J. Gallagher & Co;3.8;171;Private;93;10000;Illinois;2
Housing.com;3.9;170;Private;8;3000;Gurgaon;17
Castrol;4.3;170;Public;121;7500;London;45
ABP Group;3.5;170;Unknown;98;3000;Kolkata;16
ICCS;3.0;170;Private;16;3000;New Delhi;7
Country Inns & Suites;4.2;170;Private;33;750;Burnsville;21
B. Braun Medical;4.0;170;Private;181;10000;Melsungen;28
National Contracting Com;4.1;170;Private;53;750;Al-Khobar;13
Keventer Agro;4.0;170;Private;34;750;Kolkata;28
Nowfloats Technologies;3.1;170;Private;8;750;Hyderabad;35
L.G.Balakrishnan&Brother;3.8;170;Public;83;3000;Coimbatore;12
Ziqitza Health Care;3.8;170;Public;16;750;Mumbai;24
Fortis Escorts Hospital;4.2;170;Public;32;3000;New Delhi;11
Google;4.5;169;Private;22;10000;Mountain View;25
UCAL Fuel Systems;4.0;169;Public;35;3000;Chennai;9
Adidas;4.4;169;Private;71;10000;Herzogenaurach;35
Godrej Industries;4.3;169;Public;57;10000;Mumbai;29
Roop Polymers;4.1;169;Public;47;3000;Gurgaon;11
Bussan Auto Finance;4.0;169;Private;86;7500;New Delhi;35
TCI Express;4.2;169;Public;24;3000;Gurugram;38
Xoriant;3.7;168;Private;30;3000;Sunnyvale;6
UBS;3.5;168;Private;158;10000;Zurich;24
Xavient Digital - Powere;3.4;168;Unknown;18;3000;Simi Valley;2
Aquasub Engineering;4.1;168;Private;64;350;Coimbatore;3
Maini Precision Products;3.8;168;Private;47;3000;Bangalore;0
Jamna Auto Industries;3.8;168;Public;66;3000;Yamuna Nagar;17
Bharat Serums and Vaccin;4.2;168;Private;49;3000;Mumbai;25
Csc E Governance Service;4.0;168;Private;14;3000;New Delhi;59
Thermo Fisher Scientific;3.8;167;Private;14;10000;Waltham,MA;16
Pace Setters Business So;3.8;167;Unknown;14;7500;Mumbai;9
Bunge India;3.9;167;Private;20;3000;Mumbai;23
Hetero Healthcare;3.7;167;Private;27;3000;Hyderabad;29
Indian Space Research Or;4.5;166;Public;51;10000;Bengaluru;11
Grand Hyatt;4.7;166;Private;63;10000;Chicago;9
Nissan;4.0;166;Private;87;10000;Yokohama-shi,Kanagawa;45
Varun Motors;3.9;166;Private;26;350;Hyderabad;12
Tribhovandas Bhimji Zave;4.1;166;Public;156;3000;Mumbai;28
Aegis Essar;3.6;166;Unknown;51;10000;Mumbai;20
Jyoti CNC Automation;4.3;166;Public;31;3000;Rajkot;18
CNH Industrial;4.0;166;Public;21;10000;London;23
F1 Info Solutions Servic;4.0;166;Private;8;3000;Mumbai;26
Linkquest Telecom;3.4;165;Private;24;3000;Noida;30
Emaar MGF;3.9;165;Public;15;750;New Delhi;13
Sutherland Healthcare So;3.8;165;Private;34;7500;Pittsford (Rochester),NY;2
McDermott International;4.4;165;Unknown;97;;Houston;18
Essae Teraoka;3.8;165;Unknown;34;350;Bengaluru;41
Faasos Food Services;3.9;165;Private;9;3000;Pune;12
Indraprastha Gas;4.2;165;Public;22;750;New Delhi;7
Isuzu Motors;3.8;165;Private;104;750;Tokyo;9
Kirloskar Toyota Textile;4.2;165;Private;25;3000;Bangalore;2
PCS Technology;3.6;164;Public;39;3000;Mumbai;39
Serco Global Services;3.8;164;Private;91;10000;Hampshire;19
Jetking Infotrain;3.6;164;Public;73;3000;Mumbai;41
Delphi Automotive System;4.1;164;Public;26;10000;Dublin;13
Matrix Cellular Services;3.0;164;Private;25;3000;New Delhi;16
QUICK HEAL TECHNOLOGIES;3.3;164;Public;27;3000;Pune;21
Hindusthan National Glas;3.7;164;Public;74;7500;Kolkata;11
Minda Corporation;4.1;164;Public;62;10000;Gurugram;14
TI Cycles of India;4.1;164;Public;71;350;Chennai;21
Hyundai Heavy Industries;4.4;164;Unknown;48;10000;Dong-Gu;17
Netscribes;3.2;164;Private;20;750;New York;1
Meyer Organics;4.1;164;Private;38;750;Mumbai;34
Greet Technologies;3.3;164;Private;29;3000;Bangalore;0
Ashirvad Pipes;4.2;164;Private;45;3000;Bengaluru;29
T.v. Sundram Iyengar & S;4.3;164;Unknown;109;10000;Madurai;48
UCO Bank;4.2;164;Public;77;10000;Kolkata;49
H.G. Infra Engineering;4.1;164;Public;17;3000;Jaipur;22
CreditAccess Grameen;4.2;164;Public;21;10000;Bengaluru;40
Dainik Jagran;4.0;163;Private;78;7500;Kanpur;40
Epicenter Technologies;3.7;163;Private;20;3000;Mumbai;1
LIC Housing Finance;4.0;163;Public;31;10000;Mumbai;65
Bureau Veritas Consumer;3.8;163;Private;192;10000;New York;13
TTK Prestige;4.0;163;Public;65;750;Bangalore;42
Ryan International Schoo;3.5;163;Public;44;10000;Mumbai;29
SMS Infrastructure;4.1;163;Private;57;3000;Nagpur;34
Havmor Ice Cream;4.5;163;Private;76;3000;Ahmedabad;30
Ventura Securities;3.6;162;Public;26;3000;Thane;28
Hitachi Consulting;3.2;162;Private;20;7500;Dallas;6
BankBazaar;3.5;162;Private;12;3000;Chennai;2
Sakthi Auto Components;3.7;162;Unknown;37;350;Coimbatore;8
Rajsriya Automotive Indu;3.2;162;Private;43;750;Chennai;1
CDK Global;3.5;162;Private;48;7500;Hoffman Estates,IL;0
Mitsubishi Electric;4.2;162;Private;99;10000;Tokyo;16
Xiaomi;4.1;162;Private;10;10000;Beijing;35
Goldman Sachs;3.8;161;Private;151;10000;New York;3
JK Technosoft;3.4;161;Public;26;3000;Noida;10
Value Point Systems;3.5;161;Private;29;3000;Bangalore;20
FirstCry;3.8;161;Private;10;3000;Pune;22
Triveni Engineering & In;4.2;161;Public;88;7500;Noida;24
SRM University;3.9;161;Private;35;3000;Chennai;15
Magneti Marelli;3.7;161;Private;101;10000;Corbetta;6
Spar Hyper Market;4.1;161;Unknown;88;10000;Bengaluru;12
Molex;3.8;161;Private;82;10000;Lisle,IL;4
L & W Constructions;3.7;161;Private;14;750;Bengaluru;11
Akumentis Healthcare;3.2;161;Private;10;3000;Thane;27
Akshaya Patra Foundation;4.1;161;Unknown;20;7500;Bangalore;26
Andritz;3.7;161;Private;168;10000;Graz;7
Allied Blenders & Distil;3.8;161;Private;34;750;Mumbai;31
Siti Networks;3.8;161;Public;26;350;Noida;27
Zinka Logistics Solution;3.8;161;Private;5;3000;Bangalore;52
Religare Finvest;4.5;160;Public;25;3000;New Delhi;30
Shilpa Medicare;3.5;160;Public;33;3000;Raichur;12
Okaya Power;3.8;160;Private;33;3000;New Delhi,India;37
Avineon India;3.1;160;Private;22;3000;Mc Lean,VA;0
Kokilaben Dhirubhai Amba;4.0;160;Private;11;3000;Mumbai,India;6
Bharat Oman Refineries;4.1;160;Public;9;750;Bina;13
Country Club India;3.3;159;Private;35;10000;Hyderabad;23
Time Technoplast;3.6;159;Public;28;3000;Mumbai;24
Qcon;4.3;159;Private;45;7500;Doha;10
Allianz Cornhill Informa;4.3;159;Private;17;3000;Thiruvananthapuram;1
Aurangabad Electricals;3.9;159;Private;35;3000;Aurangabad;5
Synergy Property Develop;4.1;159;Private;17;3000;Bengaluru;17
Chemplast Sanmar;4.0;159;Private;48;3000;Chennai;5
eBIZ.com;4.1;159;Private;19;10000;Noida;24
Swadhaar FinServe;4.0;159;Private;12;3000;Mumbai;51
Miric Biotech;3.4;159;Private;8;350;New Delhi;38
Aspire Systems;3.9;158;Private;24;3000;Oak Brook;5
Iron Mountain Inc;4.0;158;Private;69;10000;Boston,Massachusetts;13
New Holland Fiat (India);4.3;158;Private;22;3000;Greater Noida;24
GlobalData;3.6;158;Private;4;3000;London;1
Angelique International;4.3;158;Private;24;750;Noida;9
Drake & Scull Internatio;3.7;158;Private;139;10000;Dubai;15
Eversendai;3.8;158;Private;36;10000;Rawang;10
Glaze Trading India;4.0;158;Private;17;3000;New Delhi;54
Toyoda Gosei Minda;4.2;158;Private;71;10000;Aichi;7
MetLife;4.2;157;Private;152;10000;New York;32
Prodapt Solutions;3.3;157;Private;21;3000;Chennai;2
Allegis Group;3.8;157;Private;37;10000;Hanover;5
Lakme;4.3;157;Unknown;68;10000;Mumbai;30
Precision Automation & R;3.8;157;Private;30;3000;Pune;9
Giesecke & Devrient;3.8;157;Private;168;10000;Munich;26
VKC Group;3.6;157;Private;;10000;Daman;21
Surin Automotive;3.7;157;Private;46;3000;Bangalore;11
Alankit;3.2;157;Public;25;3000;New Delhi;25
Heidelbergcement India;4.2;157;Private;147;10000;Heidelberg;26
GVPR Engineers;3.6;157;Public;23;750;Hyderabad;17
Orchids International Sc;3.2;157;Private;17;750;Hyderabad;7
Citylife Retail;3.9;157;Private;14;3000;Howrah;34
JSW Group;4.1;157;Private;38;10000;Mumbai;18
IMSI;3.8;157;Unknown;25;3000;Dehradun;28
Nucleus Software Exports;3.5;156;Public;34;3000;Noida;7
Unitech;3.9;156;Public;49;3000;Gurgaon;16
DEN Networks;3.9;156;Public;13;3000;New Delhi;20
Doosan Power Systems;3.9;156;Private;161;7500;Crawley;14
Shriram Housing Finance;3.9;156;Public;46;750;Mumbai;56
Vikram Solar;3.9;156;Private;14;3000;Kolkata;11
Richfeel Health & Beauty;3.3;156;Private;34;750;Mumbai;25
Liyaans Properties;4.3;156;Unknown;9;;Kolkata;0
Onward Technologies Inc;3.1;155;Public;29;3000;Mumbai;10
Flamingo Pharmaceuticals;3.2;155;Public;35;3000;Mumbai;5
Paramount Health Service;4.0;155;Private;24;3000;Mumbai;18
Asb International;4.1;155;Private;21;3000;Thane;5
Ceinsys Tech;4.0;155;Public;22;750;Mumbai;21
CRYSTAL CROP PROTECTION;4.1;155;Private;35;750;New Delhi;32
Cloudnine Hospital;4.1;155;Unknown;13;3000;Bangalore;8
Salcomp Manufacturing;4.0;155;Private;47;10000;Salo;5
P.D. Hinduja National Ho;4.3;155;Unknown;69;3000;Mumbai;7
Bank of America Continuu;4.3;154;Private;116;10000;New York;4
DST Systems;3.8;154;Private;34;10000;Windsor;0
Ingersoll Rand;4.1;154;Public;115;10000;Dublin;17
Telecom Network Solution;4.0;154;Private;19;3000;Noida;28
Godrej Properties;4.0;154;Public;30;3000;Mumbai;14
S2 Infotech;3.6;154;Public;15;10000;Mumbai;32
TVS & Sons;4.1;154;Unknown;109;10000;Madurai;32
MN Dastur & Company;3.9;154;Private;65;3000;Kolkata;10
Carlsberg;4.2;154;Private;173;10000;Copenhagen;37
Yazaki Wiring Technologi;4.0;154;Private;79;10000;Tokyo;15
CEC International;4.6;154;Private;75;3000;Taipei;12
GS Engineering & Constru;4.1;154;Unknown;51;7500;Seoul;12
Nesma & Partners;4.2;154;Private;39;10000;Jeddah;10
Zara;4.0;154;Private;46;10000;Arteixo;18
Avery Dennison;4.2;153;Private;85;10000;Glendale;15
Herbalife International;4.3;153;Private;40;7500;Los Angeles;38
Visionet Systems;3.3;153;Private;25;3000;New Jersey;0
Vimta Labs;3.9;153;Public;36;3000;Hyderabad;17
Sonalika Tractors;4.1;153;Private;51;10000;Hoshirarpur;27
Godrej Nature's Basket;4.1;153;Private;15;750;Mumbai;5
Teva API;4.2;153;Private;85;10000;Tel Aviv;11
Indo German Tool Room;4.1;153;Private;29;350;Aurangabad;10
Bajaj Capital Insurance;4.2;153;Unknown;16;3000;New Delhi;56
V5 Global Services;4.0;153;Private;15;10000;New Delhi;42
Victora Tool Engineers;3.9;153;Private;48;3000;Faridabad,Haryana;5
McCain Foods;4.3;153;Private;63;10000;Toronto,ON;30
Bioclinica;3.2;152;Private;30;3000;New Jersey;2
MEDALL;3.8;152;Private;;3000;Chennai;31
ReNew Power Ventures;4.3;152;Private;9;750;Gurgaon;20
EMCO;3.9;151;Public;56;750;Mumbai;21
Osource India;3.3;151;Private;16;3000;Mumbai;11
GEP Worldwide;3.7;151;Private;21;3000;Clark,NJ;1
Ferrero;4.3;151;Private;74;10000;Findel,Luxembourg;27
Shivam Infocom;4.0;151;Private;17;3000;New Delhi;27
Gopaljee Dairy Foods;3.7;151;Private;31;3000;New Delhi;21
RSWM;4.1;151;Public;59;10000;Noida;14
HCG Hospital;3.7;151;Public;15;3000;Bengaluru;20
Vedang Cellular Services;4.2;151;Unknown;10;3000;Mumbai;26
Honda Logistics;3.9;151;Private;60;350;Tokyo;13
Diya Systems;3.7;151;Private;17;3000;Mangalore;1
Paharpur Cooling Towers;4.3;150;Private;72;3000;Kolkata;21
AccorHotels;4.5;150;Private;53;10000;Paris;24
British Council;3.6;150;Unknown;86;7500;London;12
Matrix Business Services;3.8;150;Private;17;3000;Chennai;15
Allahabad Bank;4.0;150;Private;155;10000;Kolkata;42
Credence Resource Manage;3.4;150;Private;6;3000;Dallas;0
Caparo Maruti;4.2;150;Unknown;26;7500;New Delhi;5
Madina Group WLL;4.4;150;Private;23;3000;Doha;14
FCC Clutch;4.0;150;Unknown;81;10000;Hamamatsu;13
Spoton Logistics;4.0;150;Private;8;3000;Bangalore;34
PrimEra Medical Technolo;3.5;150;Private;5;3000;Hyderabad;0
El Seif Engineering Cont;4.2;150;Private;45;10000;Riyadh;11
Qualcomm;4.0;149;Private;35;10000;San Diego;5
Sunil Hitech Engineers;3.6;149;Public;36;10000;Mumbai;21
NetCracker;3.2;149;Private;27;7500;Waltham;3
Uniparts Group;4.2;149;Private;131;3000;Clermont-Ferrand;12
Railtel Corporation Of I;4.1;149;Public;20;350;New Delhi;39
Four Points By Sheraton;4.4;149;Private;25;10000;Connecticut;23
Writer Safe Guard;4.0;149;Private;19;7500;Mumbai;41
Ab Inbev;3.2;149;Unknown;12;10000;Bangalore;21
Amrit Cement;3.9;149;Private;12;750;Kolkata;8
Azmeel Contracting;3.4;149;Private;32;350;Al Jubail;8
GMR Hyderabad Internatio;4.0;149;Private;12;3000;Hyderabad;6
eMids Technologies;3.5;148;Private;21;3000;Franlin;0
Bennett Coleman and Co.;3.9;148;Private;182;7500;Mumbai;26
Praj Industries;4.2;148;Public;37;3000;Pune;4
Adani Enterprises;4.4;148;Public;32;3000;Ahmedabad;12
Prince Pipes & Fittings;4.1;148;Public;33;750;Mumbai;23
Kuwait Oil Company;4.5;148;Unknown;86;7500;Ahmadi;6
Hipad Technology India;3.9;148;Unknown;4;3000;Noida;2
SK E&C;4.4;148;Unknown;43;10000;Seoul;25
Concentrix Corporation;3.9;148;Public;37;10000;Fremont;11
Kores;4.0;147;Private;84;3000;Mumbai;22
RSB Transmissions;3.9;147;Unknown;46;350;Pune;6
Srei Sahaj e-Village;3.6;147;Private;12;350;Kolkata;29
SKH Metals;3.9;147;Private;;3000;Gurgaon;7
Midco;3.8;147;Private;89;3000;South Dakota;27
Pinnacle Infotech Soluti;3.9;147;Unknown;28;3000;Texas;6
Pacific BPO;3.6;147;Private;10;3000;Noida;3
Olx;4.1;147;Private;14;7500;Amsterdam;26
Hajee A P Bava Construct;3.8;147;Private;70;10000;Bangalore;25
Cigniti Technologies;3.3;146;Public;22;3000;Irving;2
Kelly Services;3.8;146;Private;74;7500;Troy;18
Colt Technology Services;3.9;146;Private;28;7500;London;2
e-Centric Solutions;3.3;146;Private;18;3000;Hyderabad;26
Linde India;4.0;146;Public;141;10000;Pullach;23
Madhucon Projects;3.4;146;Public;37;10000;Hyderabad;15
Himachal Futuristic Comm;4.1;146;Public;33;3000;New Delhi;35
Qatar Airways;4.4;146;Private;27;10000;Doha;10
Mecon;4.4;146;Private;61;3000;Ranchi;17
Omkar Realtors and Devel;4.2;146;Private;17;3000;Mumbai,India;2
Gtpl Broadband;3.9;146;Private;14;3000;Ahemdabad;26
ICON Clinical Research;4.2;146;Unknown;30;10000;Dublin;1
Ge T & D India;4.2;146;Public;63;3000;Henderson;17
Busybees Logistics Solut;3.8;146;Private;5;10000;Pune;47
Indiabulls Consumer Fina;3.7;146;Unknown;26;7500;Gurugram;42
Hindustan Times;3.8;145;Private;96;7500;New Delhi,India;30
Overnite Express;3.6;145;Private;33;3000;New Delhi;32
SunTec Web Services;3.3;145;Private;21;3000;New Delhi;2
MSD Pharmaceuticals;4.3;145;Private;16;10000;Gurgaon;30
Dalmia-OCL;4.1;145;Unknown;4;;New Delhi;20
OnProcess Technology;3.4;145;Private;22;3000;Ashland,MA;0
Chandigarh University;3.7;145;Private;8;7500;Mohali;18
Indian Overseas Bank;4.2;145;Private;83;10000;Chennai;48
MetroTelworks;4.2;145;Private;16;750;Shenton Way;21
Pennar Industries;3.9;145;Public;32;3000;Hyderabad;9
Vijaya Diagnostic Centre;3.8;145;Private;39;750;Hyderabad;10
Sterlite Power Transmiss;4.1;145;Unknown;10;750;New Delhi;22
HomeShop18;4.1;144;Private;12;3000;Noida;13
PC Solutions;3.5;144;Private;22;750;New Delhi;9
Muthoot Pappachan Group;3.8;144;Private;133;10000;Thiruvananthapuram;41
Saudi Oger;4.1;144;Private;42;10000;Riyadh;13
Prestige Group;4.0;144;Private;34;3000;Bengaluru;9
Sahyadri Hospital;4.2;144;Private;26;3000;Pune;2
Lloyd Electric & Enginee;4.1;144;Public;31;7500;New Delhi;30
Mahagun India;3.6;144;Private;25;750;Noida;4
Cera Sanitaryware;4.1;144;Public;40;3000;Ahmedabad;33
Brembo Brake India;4.1;144;Private;59;7500;Stezzano;5
NKG Infrastructure;4.0;144;Private;31;3000;New Delhi;20
Brg Iron And Steel Co.;3.3;144;Private;18;350;Kolkata;6
CSIR;4.2;144;Private;78;10000;New Delhi;21
Muthoot Microfin;4.2;144;Private;28;10000;Mumbai;47
Transguard Group LLC;4.0;144;Private;19;10000;Dubai;8
TEXMO INDUSTRIES;3.8;143;Private;64;3000;Coimbatore;15
Medtronic;3.8;143;Private;71;3000;Minneapolis,MN;19
Fresenius Kabi Oncology;4.2;143;Private;17;10000;Gurgaon;7
Khadims;4.1;143;Public;39;3000;Kolkata;25
Al Fara'a Group;3.8;143;Private;40;10000;Abu Dhabi;8
Wonder Cement;4.3;143;Private;8;750;Udaipur;23
VDA Infosolutions;3.7;143;Private;10;750;Mumbai;19
Global Autotech;4.0;143;Private;17;3000;Greater Noida;5
Ben Franklin Opticians;4.1;143;Unknown;12;3000;Hyderabad;48
Mikuni;4.0;143;Private;97;7500;Tokyo;5
Diraa HR Services;4.9;143;Unknown;14;26;Coimbatore;1
Trianz;3.4;142;Private;19;3000;Santa Clara;1
Weblink In;3.9;142;Private;23;3000;New Delhi;0
Hilti;3.8;142;Private;79;10000;Schaan;21
Transasia Bio-Medicals L;3.7;142;Private;41;3000;Mumbai;27
Globus Stores;3.8;142;Private;22;3000;Mumbai;29
Talentpro;4.1;142;Private;20;350;Chennai;33
Powerica;4.0;142;Private;36;750;Mumbai;13
Tata Marcopolo Motors;3.5;142;Public;12;3000;Dharwad;9
Bharat Fritz Werner;4.1;142;Private;59;3000;Bangalore;6
Indofil Industries;4.4;142;Unknown;58;3000;Mumbai;24
AuthBridge Research Serv;3.5;142;Private;15;750;Gurgaon;3
Alicon Castalloy;3.6;142;Public;30;3000;Pune;7
BLK Super Speciality Hos;4.1;142;Private;60;3000;New Delhi;2
Capri Global Capital;3.8;142;Public;23;3000;Mumbai;40
Dr. Reddy's Foundation;4.4;142;Private;24;750;Hyderabad;46
Zealous Services;3.2;142;Private;13;3000;Chennai;1
GE Capital;4.4;141;Private;88;7500;Norwalk;10
Maersk Line;4.2;141;Public;116;10000;Copenhagen;11
Tommy Hilfiger;4.4;141;Private;35;10000;Amsterdam;28
Goodyear;3.8;141;Public;122;10000;Ohio;25
India Glycols;4.2;141;Public;37;3000;Noida;10
Agro Tech Foods;4.3;141;Public;20;350;Secunderabad;29
Munjal Auto Industries;4.2;141;Public;35;3000;Gurgaon;7
Anu Industries;3.6;141;Private;46;350;New Delhi;8
TATA Advanced Materials;4.0;141;Public;30;750;Bangalore;0
Hilex;4.1;141;Private;74;350;Takarazuka;5
Ircon International;4.3;141;Private;44;3000;New Delhi;21
Samasta Microfinance;4.2;141;Public;12;3000;Bengaluru;48
Dodla Dairy;4.3;141;Private;25;3000;Hyderabad;19
Saudi Electricity Compan;4.2;141;Private;20;10000;Riyadh;11
Adani Solar;4.1;141;Public;5;;Ahmedabad;9
SIS Prosegur Holdings;3.6;141;Private;6;10000;New Delhi;34
Orchid Chemicals & Pharm;4.3;140;Private;28;3000;Chennai;14
Alembic;4.1;140;Public;113;7500;Vadodara;18
EdgeVerve Systems;3.2;140;Private;6;7500;Bengaluru;5
Petron Engineering Const;4.0;140;Public;44;10000;Mumbai;20
Hotel Park Plaza;4.2;140;Private;34;7500;London;16
Lloyd Insulations;3.9;140;Private;62;3000;New Delhi;17
Epsilon;3.4;140;Private;51;7500;Texas;3
Apple;4.4;140;Private;44;10000;California;39
Sudarshan Chemical Indus;3.6;140;Public;68;3000;Pune;9
Venkateshwara Hatcheries;4.0;140;Unknown;49;3000;Pune;19
PPG Asian Paints;4.1;140;Private;23;3000;Mumbai;27
Darcl Logistics;4.0;140;Private;34;3000;Hisar;23
Voyants Solutions;3.7;140;Private;16;750;Gurgaon;27
Penna Cement Industries;4.3;140;Private;29;750;Hyderabad;20
Aditya Birla Health Insu;4.0;140;Private;5;10000;Mumbai;44
Aequs;4.1;140;Private;14;3000;Belgaum;2
Narayana e-techno School;3.6;140;Private;8;10000;Hyderabad;24
FabHotels;3.5;140;Private;6;3000;Gurgaon;22
BMC Software;4.1;139;Private;40;7500;Houston;9
Claris Lifesciences Ahme;3.8;139;Public;21;3000;Ahmedabad;16
Bombay Rayon Fashions;3.8;139;Public;34;10000;Mumbai;10
Zee Entertainment Enterp;4.0;139;Public;28;10000;Mumbai;19
Flowserve;3.9;139;Private;23;10000;Texas;8
Global Hospital Pune Ind;4.1;139;Private;8;350;Pune;10
Delhi Metro Rail Corpora;4.1;139;Public;25;3000;New Delhi;15
Aarti Drugs;3.9;139;Public;36;3000;Mumbai;6
Indo Farm Equipment;3.5;139;Private;26;750;Himachal Pradesh;22
Eurokids;4.2;139;Private;19;3000;Mumbai;32
Win Medicare;3.8;139;Private;39;3000;New Delhi;30
Cooper Corporation;3.7;139;Private;38;3000;Pune;3
CallHealth;3.6;139;Private;5;750;Hyderabad;10
Zydus Wellness;4.0;139;Public;26;750;Ahmedabad;30
Bharat Biotech Internati;3.7;139;Private;24;3000;Hyderabad;14
Alpla;4.2;139;Private;65;10000;Hard;6
Vertex;3.8;138;Private;10;3000;Panchkula;14
Orient Electric;3.8;138;Public;66;3000;New Delhi;25
Autoliv;4.0;138;Private;67;10000;Stockholm;3
Rinder India;3.8;138;Private;23;750;Pune;8
RMC Readymix;4.1;138;Private;24;3000;Mumbai;34
Nuance Transcription Ser;3.7;138;Private;21;3000;Bangalore;7
Swaraj Division Mahindra;4.2;138;Private;55;7500;Mohali;17
Exicom;4.1;138;Public;26;750;Gurgaon;14
IndiaCan;4.4;138;Private;12;750;Noida;39
Apollo Health and Lifest;4.2;138;Private;18;3000;Hyderabad;23
iNurture Education Solut;3.6;138;Private;15;750;Bangalore;23
Marlabs;3.1;137;Private;24;3000;New Jersey;4
Nihilent;3.3;137;Private;20;3000;Pune;1
e4e Healthcare Business;4.0;137;Private;20;3000;Towson;4
Legrand;3.9;137;Private;116;10000;Limoges;30
Amec Foster Wheeler;4.3;137;Private;38;10000;Aberdeen;8
Radico Khaitan;4.0;137;Public;77;3000;Rampur;31
Global Logic Technologie;3.6;137;Private;20;10000;San Jose;5
Bhilosa Industries;3.6;137;Private;31;3000;Mumbai;2
Powerweave;3.4;137;Private;19;3000;Mumbai;1
Eastern Condiments;4.2;137;Private;37;3000;Idukki;26
Sir Ganga Ram Hospital;4.2;137;Private;99;3000;New Delhi;9
CALIBEHR;3.8;137;Private;14;10000;Navi Mumbai;28
Ashiana Housing;4.3;137;Public;41;3000;New Delhi;13
Vindhya Telelinks;4.0;137;Public;34;750;New Delhi;25
Cordova Publication;3.4;137;Private;10;350;New Delhi;38
Greenlam Industries;4.1;137;Public;7;3000;New Delhi;29
The Louis Berger Group;4.4;137;Private;67;7500;Morristown;22
Accord Synergy;3.8;137;Public;6;3000;Vadodara;24
Oerlikon Graziano Transm;4.5;137;Private;;10000;Rivoli;8
Torry Harris Business So;3.7;136;Private;22;3000;New Jersey;1
The Park Hotels;4.1;136;Private;53;7500;Kolkata;13
TNT Express;4.5;136;Private;74;10000;Hoofddorp;21
Roche Diagnostics;3.9;136;Private;124;10000;Basel;23
Monsanto;4.6;136;Public;119;10000;St. Louis;27
Trent Hypermarket;4.1;136;Private;12;7500;Mumbai;14
Vedang Radio Technology;4.0;136;Private;15;750;Mumbai;19
Rosmerta Technologies;2.9;136;Private;14;350;Gurugram;31
Kellogg Brown and Root;4.5;136;Unknown;22;10000;Houston;12
ASG Eye Hospital;3.6;136;Private;14;750;Rajasthan;24
SEW Infrastructure;3.9;135;Private;60;7500;Hyderabad;15
Aegon Life Insurance;3.6;135;Private;13;3000;Mumbai;32
Kraft Heinz Company;4.1;135;Private;5;10000;Chicago;20
Nvidia;4.3;135;Private;27;10000;California;2
Allcargo Logistics;3.9;135;Public;27;7500;Mumbai;22
DesignTech Systems;3.4;135;Private;22;750;Pune;23
NR Switch N Radio Servic;3.9;135;Private;22;750;Kota;30
Maharashtra Seamless;3.8;135;Unknown;32;3000;Gurgaon;7
Toshiba JSW Power System;4.0;135;Private;12;750;Chennai;6
Continental;4.0;135;Private;149;10000;Hanover;23
Deenanath Mangeshkar Hos;4.1;135;Private;19;3000;Pune;6
Advantmed;3.5;135;Private;15;3000;Santa Ana,California;3
Prem Henna;3.7;135;Private;90;3000;Indore;34
B2x Service Solutions;3.8;135;Unknown;13;3000;Munich;25
INDIABULLS PHARMACEUTICA;2.9;135;Private;4;3000;Mumbai;31
Sears Holdings;3.0;134;Private;15;10000;Hoffman Estates,IL;4
DSM Infocom;2.9;134;Private;16;3000;Mumbai;31
Gojavas;4.3;134;Private;7;3000;Gurgaon;44
Rieter;4.1;134;Private;225;3000;Winterthur;5
Naaptol Online Shopping;3.3;134;Unknown;12;750;Thane;14
Caretel Infotech;3.4;134;Private;14;7500;Noida;7
Aimil;3.7;134;Private;88;750;New Delhi;25
TAL Manufacturing Soluti;4.1;134;Private;20;750;Pune;4
Xalta Food And Beverages;2.8;134;Private;5;750;New Delhi;27
Walchandnagar Industries;3.8;133;Public;112;3000;Mumbai;6
Weizmann Forex;3.7;133;Public;27;3000;Mumbai;33
Methodex;3.7;133;Private;60;750;New Delhi;30
Quislex Legal Services;2.7;133;Private;16;3000;New York;1
Balmer Lawrie;3.6;133;Private;153;3000;Kolkata;24
Sanmina Sci;4.0;133;Private;40;10000;California;2
Suprajit Engineering;4.0;133;Public;35;3000;Bangalore;16
Chambal Fertilisers And;4.2;133;Public;35;750;New Delhi;24
Vision Express;4.2;133;Private;12;750;Bangalore;21
KIA MOTORS;3.9;133;Private;76;10000;Seoul;19
Monnet Group;4.0;132;Public;26;3000;New Delhi;9
Tata Advanced Systems;3.7;132;Private;13;3000;Hyderabad;3
CPA Global;3.7;132;Private;51;3000;Jersey;2
Universal Sompo General;3.8;132;Private;13;3000;Mumbai;44
Bmm Ispat;4.1;132;Public;22;3000;Bangalore;3
Ksk Energy Ventures;3.6;132;Public;19;3000;Hyderabad;11
Visaka Industries;4.3;132;Public;37;3000;Secunderabad;25
Onshore Construction;3.9;132;Unknown;25;3000;Mumbai;11
All India Institute of M;4.4;132;Private;64;10000;New Delhi;12
Cipla Industries;4.1;132;Unknown;22;350;New Delhi;23
Hitachi Hi-Rel Power Ele;3.6;132;Private;37;3000;Ahmedabad;17
Wildcraft;3.9;132;Private;22;3000;Bengaluru;26
Prem Motors;3.7;132;Private;30;3000;Gwalior;7
Bajaj Housing Finance;3.8;132;Private;64;3000;Pune;48
Manjushree Technopack;3.9;132;Private;43;750;Banglore;6
Silaris Informations Pvt;3.3;132;Unknown;9;350;New Delhi;4
Photon Interactive;3.0;131;Private;21;3000;London;0
Star Union Dai-ichi Life;3.4;131;Private;11;10000;Mumbai;46
iBall;4.0;131;Private;19;750;Mumbai;31
Reliance Life Sciences;4.0;131;Private;19;750;Mumbai,India;16
MT Educare;3.7;131;Public;32;3000;Mumbai;14
Pace Power Systems;4.1;131;Private;17;750;Bangalore;28
Tata BlueScope Steel;4.4;131;Private;15;3000;Pune;14
Seven Hills Hospital;3.8;131;Private;34;3000;Mumbai;6
Sotc Travel Services;3.8;131;Private;71;3000;Mumbai;25
Ramboll;4.2;131;Private;75;10000;Copenhagen;18
Aspire Home Finance;4.0;131;Private;7;3000;Mumbai;56
KWALITY DAIRY (INDIA);4.1;131;Public;28;10000;New Delhi;16
Capital Trust;3.5;131;Public;35;3000;New Delhi;31
Kentech International;4.3;131;Private;27;3000;Dubai;7
ITI;4.1;130;Private;72;10000;Bangalore;30
ITSource Technologies;3.0;130;Unknown;22;3000;Mumbai;17
Mukand;4.0;130;Public;83;3000;Mumbai;7
Mfar Constructions;4.2;130;Private;24;750;Bangalore;6
CtrlS Datacenters;3.4;130;Private;12;3000;Hyderabad;7
Dr. Agarwal's Eye Hospit;3.8;130;Public;63;3000;Chennai;19
Air India Air Transport;3.8;130;Unknown;17;10000;New Delhi;21
Checkmate Services;4.2;130;Private;35;10000;Vadodra;36
Resinova Chemie;3.8;130;Private;24;7500;Ahmedabad;34
Yusen Logistics;4.0;130;Private;65;10000;Tokyo;18
Jamshedpur Utilities and;4.0;130;Unknown;;10000;Dhanbad;6
Markets and Markets;2.9;129;Private;10;3000;Pune;0
CDS;3.9;129;Private;32;7500;San Jose;22
IDBI Intech;3.7;129;Private;20;750;Navi Mumbai;17
Shriram Chits;3.8;129;Private;46;10000;Chennai;47
Concorde Motors;4.0;129;Public;23;3000;Mumbai;10
Sterling Hospitals;4.0;129;Public;19;3000;Ahmedabad;7
Kuehne + Nagel;4.2;129;Private;130;10000;Bremen;19
Bhilai Engineering Corpo;3.8;129;Public;60;750;Bhillai;16
Wanbury;3.7;129;Public;30;3000;Navi Mumbai;18
Ramky Enviro Engineers;4.1;129;Private;26;10000;Hyderabad;26
MH Alshaya;4.2;129;Private;130;10000;Kuwait (Kuwait);7
S.c Johnson Products;3.9;129;Private;134;10000;Racine;27
Netafim Irrigation India;4.4;129;Private;23;3000;Vadodara;33
Krishnapatnam Port Compa;3.8;129;Private;12;750;Andhra Pradesh;6
India Nippon Electricals;4.0;129;Public;35;3000;Hosur;11
Vasudha Pharma Chem;4.1;129;Public;26;3000;Hyderabad;1
Shree Satya Sai Vidyalay;4.7;129;Unknown;38;350;Jamnagar;1
Citigroup;4.0;128;Private;208;10000;New York;15
Carrier;4.3;128;Private;105;10000;Farmington,CT;27
Nash Industries;3.8;128;Private;49;3000;Bengaluru;1
Škoda Auto India;4.3;128;Unknown;19;10000;Pune;31
Suma Soft;3.7;128;Private;20;750;Pune;0
Kokuyo Camlin;3.9;128;Public;9;750;Mumbai;30
C-Edge Technologies;3.7;128;Private;14;750;Thane;9
Tube Products of India;4.2;128;Unknown;65;10000;Chennai;7
HIL;3.9;128;Public;74;3000;Hyderabad;25
Phillips Carbon Black;3.7;128;Public;60;750;Kolkata;5
Daelim Industrial Co.;4.6;128;Private;81;7500;Seoul;10
METRO Global Business Se;4.0;128;Public;9;10000;Pune;0
DP World;4.2;128;Private;15;10000;Dubai;9
Dharampal Premchand;4.0;128;Unknown;91;750;New Delhi;26
Healthcare At Home;3.8;128;Private;28;750;Staffordshire;17
ALLEN CAREER INSTITUTE;4.3;128;Private;32;7500;Kota;18
Gandhi Automations;3.2;128;Private;24;750;Mumbai;10
Army Medical Corps;4.8;128;Unknown;256;10000;New Delhi;23
Jawahar Navodaya Vidyala;4.2;128;Private;35;10000;New Delhi;43
Shivalik Mercantile Co-o;3.5;128;Unknown;23;750;Saharanpur;14
Nitco;4.1;127;Public;67;3000;Mumbai;31
Essar Power;4.2;127;Public;51;7500;Mumbai;12
Competent Synergies;3.6;127;Private;25;7500;Chandigarh;6
Mitsuba Sical;3.9;127;Public;74;10000;Michigan;4
Bajaj Hindusthan;4.0;127;Public;89;7500;Mumbai;11
Continental Engines;4.0;127;Private;37;3000;New Delhi;16
Shyam Steel Industries;3.8;127;Private;67;750;Kolkata;14
VISA Steel;3.8;127;Public;24;750;Bhubaneswar;7
Nivea;3.9;127;Private;109;750;Hamburg;26
Andhra Bank;4.3;127;Private;97;10000;Hyderabad;41
LivSpace;3.7;127;Unknown;6;3000;Bangalore;8
Louis Philippe;4.3;127;Private;31;10000;Bangalore;34
Mrs Bector's Food Specia;4.0;127;Public;42;3000;Gurgaon;26
Affiliated Computer Serv;4.1;126;Private;32;10000;Dallas;6
Majesco;3.3;126;Public;38;3000;Morristown;2
Ge India Industrial;4.2;126;Private;118;10000;Bangalore;13
Cairn Oil & Gas Vertical;4.3;126;Public;14;3000;Gurgaon;9
NGA HR;3.9;126;Private;51;7500;Hemel Hempstead;6
Praxair;4.0;126;Private;113;10000;Danbury,CT;20
Tata Housing Development;3.9;126;Public;36;750;Mumbai;13
Yalamanchili Software Ex;3.5;126;Public;19;750;Chennai;6
BPTP;3.8;126;Private;17;750;Faridabad;2
Axles India;3.8;126;Private;38;3000;Chennai;10
Pearl Global Industries;4.1;126;Public;31;10000;Gurugram;7
CignaTTk Health Insuranc;4.1;126;Private;8;3000;Mumbai;29
Canvera;3.9;126;Private;13;750;Bangalore;19
Kaynes Technology;3.6;126;Private;32;350;Mysore;3
S P Singla Constructions;3.9;126;Private;24;350;Panchkula;26
Arabtec Construction;4.5;126;Private;45;10000;Dubai;8
Polyplastics Industries;4.0;126;Private;53;3000;Yamuna Nagar;12
Bharat Dynamics;4.4;126;Private;50;3000;Hyderabad;1
Yum! Restaurants (India);4.6;126;Unknown;23;10000;Louisville;16
McKinsey & Company;4.1;125;Private;94;10000;New York;3
Practo;3.6;125;Private;12;3000;Bangalore;14
SEED Infotech;3.6;125;Public;26;750;Pune;11
Puravankara Projects;4.1;125;Private;45;3000;Bangalore;6
Arena Animation;3.6;125;Private;24;350;Mumbai;36
GGS Information Services;3.7;125;Private;32;750;Pennsylvania;2
Hical Technologies;4.1;125;Private;32;750;Bangalore;0
Hella;4.0;125;Private;121;10000;Lippstadt;4
LT Foods;4.3;125;Public;30;350;Gurugram;26
Vayam Info Solutions;3.8;125;Unknown;10;350;Noida;18
Kalyani Technoforge;4.1;125;Private;41;3000;Pune;3
JK White Cement;4.2;125;Private;46;3000;Kanpur;48
Vizag Steel;4.3;125;Public;49;10000;Visakhapatnam;9
Drydocks World Dubai;4.3;125;Unknown;37;10000;Dubai;8
Myk Laticrete;3.6;125;Unknown;21;3000;Hyderabad;23
Munjal Kiriu Industries;3.8;125;Private;13;750;Gurgaon;1
Al Ahleia Switchgear;3.8;125;Private;38;3000;Safat;3
Calsonic Kansei Motherso;4.3;125;Private;45;10000;Noida;5
BMA Wealth Creators;3.4;124;Private;15;7500;Kolkata;28
IOT Infrastructure & Ene;4.0;124;Private;23;3000;Mumbai;18
Indiabulls Real Estate;4.2;124;Public;14;3000;Gurugram;15
Amri Hospital;3.9;124;Private;24;3000;Kolkata;4
MagicBricks;3.7;124;Private;14;750;Noida;17
Ups Logistics;4.3;124;Private;113;10000;Georgia;10
Manthan;4.2;124;Private;16;750;Bengaluru;6
Adhunik Metaliks;3.7;124;Public;19;3000;Kolkata;10
Naukri;3.7;124;Private;24;3000;Noida;24
Bhandari Automobiles;4.1;124;Private;26;3000;Kolkata;10
Mungi Group;3.9;124;Private;36;3000;Nashik;2
Allanasons;3.8;124;Private;155;7500;Mumbai;13
Deccan Fine Chemicals;3.8;124;Private;11;3000;Hyderabad;7
ITCONS e-Solutions;3.5;124;Private;13;3000;Noida;42
Elico Healthcare Service;3.2;124;Private;21;3000;Hyderabad;0
SUEZ Environnement;4.2;124;Private;151;10000;Paris;18
Voylla;3.6;124;Private;7;3000;Jaipur;32
Ppap Automotive;4.2;124;Public;42;3000;Noida;5
Serco;3.9;123;Private;32;10000;Hook;20
Rajasthan Patrika;3.8;123;Private;64;3000;Jaipur;25
Bharat Aluminium Company;3.9;123;Private;55;3000;Delhi;8
GMR Energy;4.4;123;Public;42;3000;Bangalore;14
Harsha Engineers;4.3;123;Private;34;3000;Ahemdabad;3
Jindal Poly Films;3.5;123;Public;46;3000;New Delhi;3
Technofab Engineering;3.9;123;Public;49;750;New Delhi;12
Health Care Global Enter;3.8;123;Public;31;3000;Bangalore;21
Anthem Biosciences;3.8;123;Private;14;350;Bengalore;4
Safari Industries India;4.0;123;Public;46;3000;Mumbai;34
Frigorifico Allana;4.0;123;Private;34;7500;Mumbai;14
Astra Microwave Products;4.3;123;Public;29;750;Hyderabad;2
Mahindra Trucks & Buses;3.9;123;Private;26;750;Pune;32
GKB RX Lens;4.1;123;Private;61;3000;Kolkata;16
Radical Minds;2.6;123;Private;10;3000;Gurgaon;3
Kailash Hospital;3.9;123;Unknown;36;7500;Noida;8
Bpo Convergence;3.6;123;Private;15;3000;Bhubaneswar;8
Parksons Packaging;4.1;123;Unknown;24;750;Mumbai;11
Time Inc.;3.9;122;Private;98;7500;New York;38
Silver Touch Technologie;3.5;122;Public;28;3000;Ahmedabad;18
Aeronautical Development;4.3;122;Private;36;3000;Bangalore;0
Kirloskar Electric Compa;3.8;122;Public;74;3000;Bengaluru;17
Moody's Analytics;3.2;122;Private;12;7500;New York;2
Kennametal;3.8;122;Public;82;10000;Latrobe;4
Olam International;4.1;122;Private;31;10000;Singapore;14
Cosmo Films;4.1;122;Public;39;750;New Delhi;2
Neeyamo Enterprise Solut;3.6;122;Private;11;3000;Chennai;4
Sharda University;3.8;122;Private;11;3000;Greater Noida;5
Roca Bathroom Products;4.0;122;Private;103;10000;Municipality Of Gavà;27
Tracxn;2.6;122;Private;7;750;Bangalore;0
Novotel Hotels;4.4;122;Private;53;3000;Évry;15
Treebo Hotels;3.7;122;Private;5;750;Bangalore;18
Family Health Plan;4.1;122;Private;25;3000;Hyderabad;12
Mytrah Energy;3.6;122;Private;11;350;Hyderabad;5
Pranav Vikas India;3.8;122;Unknown;35;3000;New Delhi;3
Sedemac Mechatronics;3.9;122;Private;13;350;Pune;2
IFFCO Kisan Sanchar;4.1;122;Private;13;750;New Delhi;26
Systra Consulting;4.0;122;Private;63;7500;Paris;17
DynCorp International;4.7;122;Private;69;10000;Virginia;12
United Bank of India;4.1;122;Public;51;10000;Kolkata;25
Alcatel-Lucent;4.3;121;Private;101;3000;Paris;17
Prokarma Softech;3.6;121;Private;16;3000;Beaverton;1
Thomson Digital;3.0;121;Private;53;3000;Noida;4
URC Construction;3.6;121;Private;64;10000;Erode;14
Subway;4.3;121;Private;55;7500;Milford;31
Barista Coffee Company;4.4;121;Private;21;3000;New Delhi;18
Talbros Automotive Compo;3.8;121;Public;64;7500;Gurgaon;8
Gujarat Ambuja Exports;3.9;121;Public;29;3000;Ahmedabad;16
MobileComm Technologies;3.6;121;Unknown;18;750;Gurgaon;19
Bosch Rexroth India;4.3;121;Private;45;10000;Lohr A. Main;8
Apollo Clinic;3.8;121;Unknown;18;750;Hyderabad;21
Dassault Systemes;4.2;121;Private;39;10000;Vélizy-Villacoublay;4
Mirza International;3.8;121;Public;41;7500;Kanpur;18
Polybond India;4.0;121;Private;72;750;Pune;5
ISS SDB Security Service;4.2;121;Private;10;10000;Mumbai;29
Sheela Foam;4.5;121;Public;49;750;Noida;34
Military Engineer Servic;4.6;121;Other;169;7500;New Delhi;32
Gammon Engineers And Con;4.1;121;Unknown;98;10000;Mumbai;19
LG Soft India;3.8;120;Private;24;750;Bangalore;3
ValueMomentum;3.6;120;Private;20;3000;Piscataway;2
Yodlee;3.7;120;Private;21;3000;Redwood City;0
ELGI Equipments;4.3;120;Public;60;3000;Coimbatore;15
Grindwell Norton;4.1;120;Public;79;3000;Mumbai;17
Gold's Gym;3.8;120;Private;55;7500;Dallas;39
Morepen Laboratories;3.7;120;Public;36;750;New Delhi;14
Bses Yamuna Power;4.0;120;Unknown;18;7500;New Delhi;1
Apollo Gleneagles Hospit;4.0;120;Private;37;750;Kolkata;0
Ruby Hall Clinic;4.2;120;Unknown;61;3000;Pune;4
Indian Bank;4.2;120;Private;113;10000;Chennai;36
Pfizer Products India;4.5;120;Unknown;70;10000;Mumbai;6
Nimbus Harbor Facilities;4.1;120;Private;16;10000;Gurugram;7
Aizant Drug Research Sol;3.9;120;Unknown;15;750;Hyderabad;2
Harley-Davidson;4.3;120;Private;117;7500;Milwaukee;21
Celebi NAS Airport Servi;3.8;120;Private;12;3000;Mumbai;5
United India Insurance C;4.2;120;Public;82;10000;Chennai;46
Uniinfo Telecom Services;3.5;120;Public;10;750;Indore;20
Zamil Air Conditioners;3.8;120;Private;46;3000;Dammam;14
Sata Vikas India;3.8;120;Unknown;13;3000;Palwal;5
Maxgen Technologies;4.2;120;Unknown;7;350;Pune;5
inTarvo Technologies;3.4;119;Private;25;3000;Noida;14
Attra Infotech;3.3;119;Private;25;3000;Melbourne;3
Principal Global Service;3.8;119;Private;141;10000;Des Moines;0
Etisalat;3.9;119;Private;44;10000;Abu Dhabi;8
Popular Vehicles and Ser;4.1;119;Private;81;7500;Cochin;17
Incedo;3.3;119;Private;9;3000;Santa Clara;4
Cochin Shipyard;4.3;119;Private;48;10000;Kochi;2
Path Infotech;3.7;119;Private;29;350;Noida;14
Tetra Pak;4.4;119;Private;69;10000;Pully;10
Boehringer-Ingelheim;4.3;119;Private;135;10000;Ingelheim Am Rhein;30
M3M India;3.3;119;Private;35;350;Gurgaon;1
MBD GROUP;4.2;119;Private;64;3000;New Delhi;27
Dana India;4.0;119;Unknown;116;10000;Maumee;5
IREO;4.1;119;Private;16;750;Gurgaon;5
Amrita Institute of Medi;4.3;119;Private;22;3000;Kochi;5
KSPG Automotive;4.0;119;Private;111;10000;Neckarlsum;9
Somic ZF Components;4.1;119;Private;25;3000;Gurgaon;3
Modi Mundi Pharma;3.8;119;Private;30;7500;New Delhi;29
Origo Commodities;3.5;119;Private;9;3000;Gurugram;26
Bajaj Energy;4.4;119;Public;12;10000;Mumbai;14
Vsun Mobile;4.0;119;Private;5;3000;Haryana;7
Anjali Mukerjee Health T;2.8;119;Private;23;350;Mumbai;6
Consulting Engineers Gro;4.3;119;Public;36;3000;Jaipur;28
Edubridge Learning;3.5;119;Private;11;750;Mumbai;36
Chaayos;4.0;119;Private;8;750;New Delhi;9
Jyoti Structures;3.9;118;Public;46;3000;Mumbai;19
LiquidHub;3.5;118;Private;19;3000;Wayne;3
Zycus Infotech;3.1;118;Private;22;3000;Princeton;2
Emerson Climate Technolo;4.0;118;Unknown;130;10000;St. Louis;17
Insolutions Global;3.5;118;Private;16;3000;Mumbai;9
Oxigen Services;3.4;118;Private;17;750;Gurgaon;26
BCH Electric;4.0;118;Private;55;750;New Delhi;14
Cargo Motors;4.3;118;Private;61;3000;Ahmedabad;11
Gallagher Offshore Suppo;4.0;118;Private;;10000;Shivamogga;2
Sundaram Motors;4.1;118;Private;75;3000;Chennai;22
Ramco Industries;4.1;118;Public;53;3000;Tamil Nadu;19
S. M. Auto Engineering;3.3;118;Unknown;44;3000;Pune;4
Pitti Laminations;3.7;118;Unknown;37;3000;Hyderabad;1
Tirumala Milk Products;4.0;118;Unknown;24;750;Chennai;16
McNroe Consumer Products;3.6;118;Private;34;750;Kolkata;24
Qatar Petroleum;4.5;118;Other;46;10000;Doha;5
Archirodon;4.4;118;Private;61;10000;Dordrecht;11
Bharat Seats;3.6;118;Public;34;350;Gurugram;4
Provana;3.0;118;Private;9;750;Lisle;3
Parsons International;4.5;118;Private;76;10000;Centreville;9
Onicra Credit Rating Age;3.2;117;Public;27;3000;Gurgaon;30
Tally Solutions;4.1;117;Private;34;750;Bangalore;30
Rockwell Automation;3.9;117;Private;117;10000;Milwaukee;10
NeoSoft Technologies;3.0;117;Private;24;3000;Mumbai;4
Mantri Developers;3.5;117;Private;21;750;Banglore;3
Nava Bharat Ventures;4.1;117;Public;48;3000;Hyderabad;9
MAN Truck & Bus;4.1;117;Private;105;10000;Munich;16
Danfoss Industries;4.3;117;Unknown;87;10000;Nordborg;8
Ramkrishna Forgings;3.9;117;Public;39;3000;Kolkata;6
Fenesta Building Systems;4.0;117;Private;18;7500;Gurugram;29
ASUS;4.2;117;Private;31;10000;Taipei;33
nThrive Global Solutions;3.8;117;Private;4;3000;Alpharetta;4
Senco Gold;3.7;117;Private;26;350;Kolkata;27
Smaaash Entertainment;3.9;117;Private;8;750;Mumbai;14
Cryoviva Biotech;3.3;117;Private;14;750;Gurgaon;36
Al-Futtaim Group;4.4;117;Private;90;10000;Dubai;11
Nephroplus;4.1;117;Unknown;11;3000;Hyderabad;36
Samsung R and D Institut;3.5;117;Public;51;;Seoul;3
Bharat Bijlee;4.0;116;Public;74;3000;Mumbai;12
Jai Balaji Industries;3.6;116;Public;21;3000;Kolkata;6
Netlink Software;3.4;116;Unknown;21;3000;Madison Heights;7
Apex Laboratories;4.2;116;Private;42;3000;Chennai;18
Reliance Fresh;4.0;116;Private;14;10000;Mumbai;34
THE KCP;4.0;116;Public;79;3000;Chennai;11
ACB (India);3.9;116;Public;23;750;Gurgaon;7
ESIC HOSPITAL;4.0;116;Private;68;7500;New Delhi;26
Suraksha Diagnostic;3.3;116;Private;28;750;Kolkata;11
PhonePe;4.2;116;Unknown;5;3000;Bengaluru;40
TriGeo Technologies;3.1;116;Private;24;750;Hyderabad;0
Aculife Healthcare;3.8;116;Private;6;3000;Ahemdabad;15
1 India Family Mart;3.7;116;Unknown;7;;New Delhi;22
Quinnox;3.5;115;Private;18;3000;Chicago;1
CA Technologies;4.3;115;Private;44;10000;California;1
Amrapali Group;3.8;115;Private;42;3000;Noida;10
Anji Technologies;4.0;115;Private;13;126;Plano;21
Shopclues;4.0;115;Private;9;3000;Gurgaon;6
Triumphant Institute of;4.0;115;Private;28;3000;Hyderabad;30
Indian Immunologicals;3.9;115;Unknown;37;3000;Hyderabad;15
Lotte India Corporation;3.8;115;Public;66;750;Chennai;31
Owens Corning;4.2;115;Private;82;10000;Toledo;4
Tradebulls Securities;3.4;115;Private;12;750;Mumbai;11
APOLLO POWER SYSTEMS;3.9;115;Private;35;750;Bengaluru;4
TÜV Rheinland;4.0;115;Private;148;10000;Cologne;27
Lambda Therapeutic Resea;4.1;115;Private;22;750;Ahmedabad;3
Sundaram Auto Components;4.3;115;Unknown;32;3000;Hosur;5
Securitas;4.3;115;Private;86;10000;Stockholm;15
Gujarat State Fertilizer;4.3;115;Private;58;3000;Vadodra;12
Buhler;3.9;115;Private;160;10000;Uzwil;12
Apex CoVantage;3.6;115;Private;32;3000;Herndon;18
Radheya Machining;3.4;115;Unknown;20;750;Pune;3
Victora Auto;4.1;115;Private;48;350;Faridabad;5
DFM Foods;4.2;115;Public;36;750;New Delhi;28
Adnoc;4.2;115;Private;49;10000;Abu Dhabi;3
TravelTriangle;4.3;115;Private;9;750;Gurugram;5
Simpa Energy;4.1;115;Unknown;10;350;Noida;19
Apollo Medskills;4.2;115;Unknown;8;3000;Hyderabad;21
Sanjay Ghodawat Internat;4.2;115;Unknown;10;126;Kolhapur;4
NEC;3.6;114;Private;121;10000;Tokyo;22
S&P Capital IQ;3.9;114;Private;22;10000;New York;2
Ksb Pumps;4.1;114;Private;149;10000;Frankenthal;20
Sun Life Financial;4.1;114;Private;155;10000;Ontario;2
VVDN Technologies;3.4;114;Private;13;3000;Gurgaon;7
Talwalkars Better value;3.7;114;Public;88;3000;Mumbai;37
MBL Infrastructures;3.8;114;Public;25;3000;New Delhi;11
Co-operative Bank;4.3;114;Private;148;3000;Greater Manchester;46
Ashapura Minechem;4.1;114;Public;60;3000;Mumbai;13
Navin Fluorine Internati;4.0;114;Public;53;350;Mumbai;5
Schwing Stetter;4.3;114;Private;86;3000;Herne;24
Nestaway;3.8;114;Unknown;5;3000;Bangalore;11
Oriental Bank of Commerc;4.1;114;Private;77;10000;Gurgaon;30
Capital Foods;3.7;114;Private;24;3000;Mumbai;22
Intercontinental Consult;4.0;114;Private;33;3000;New Delhi;27
Amber Enterprises India;4.0;114;Public;30;750;Gurugram;10
Total Oil;4.0;114;Private;96;10000;Courbevoie;18
Fourth Dimension Solutio;2.9;114;Public;9;350;New Delhi;17
Dynacons Systems & Solut;3.3;114;Private;25;3000;Mumbai;22
Big C;3.9;114;Private;17;3000;Bangkok;18
Associated Road Carriers;4.2;114;Private;48;3000;Secunderabad;35
Hanon Systems;4.0;114;Private;34;10000;Daejeon;7
NAFFCO;3.8;114;Private;29;10000;Dubai;8
Galore Networks;3.2;114;Private;8;3000;Bengluru;30
Airtel Payments Bank;3.8;114;Private;3;750;Gurgaon;49
Montecarlo Construction;4.3;114;Unknown;25;3000;Ahemdabad;21
Al Hassan Engineering Co;3.7;114;Private;20;3000;Ruwi;10
Mitsubishi Electric Auto;4.6;114;Public;62;10000;New Delhi;4
Paladion Networks;3.7;113;Private;20;750;Reston;2
Aloha Technology;3.3;113;Private;17;750;Pune;0
Satyam Venture Engineeri;3.2;113;Private;20;3000;Secunderbad;4
Airtel DTH Services;4.3;113;Unknown;12;10000;Gurgaon;41
Tata Global Beverages;4.2;113;Public;56;7500;Kolkata;24
ETV Network;3.9;113;Private;25;7500;Hyderabad;10
FIGMD;2.9;113;Private;10;750;Rockford;0
Nilons Enterprises;3.9;113;Private;58;3000;Pune;16
Aachi Foods;4.2;113;Private;25;750;Chennai;12
The New India Assurance;4.5;113;Public;101;10000;Mumbai;37
Machino Plastics;3.6;113;Public;33;350;Gurugram;6
NSH Corp;3.5;113;Unknown;42;10000;Dhahran;12
V.S.T Tillers Tractors;4.1;113;Public;53;350;Bangalore;18
Coffee Day;3.9;113;Private;24;10000;Bangalore;22
Ujaas Energy;3.5;113;Public;41;350;Indore;13
CK Birla Group;3.9;113;Unknown;158;10000;New Delhi;29
Vipul Motors;4.0;113;Private;33;350;Faridabad;8
Mahindra Insurance Broke;4.2;113;Private;16;750;Mumbai;49
Carnival Group;4.2;113;Private;13;7500;Mumbai;30
Mastek;4.1;112;Public;38;3000;Mumbai;6
SABMiller;4.3;112;Private;125;10000;Woking;27
Syscom Corporation;3.6;112;Private;24;3000;Noida;4
NTT-Netmagic;3.7;112;Private;22;3000;Mumbai;6
Sundaram Business Servic;3.7;112;Private;19;3000;Chennai;2
Reliance Petroleum;4.3;112;Public;12;10000;Ahemdabad;21
ITC ILTD DIVISION;4.3;112;Unknown;110;10000;Kolkata;26
M & M Financial Services;4.3;112;Public;29;10000;Mumbai;29
CareerNet Consulting;3.5;112;Private;21;3000;Bangalore;4
Pepperfry;3.7;112;Private;9;750;Mumbai;14
Kalyani Forge;3.4;112;Public;41;3000;Pune;2
Molecular Connections;3.3;112;Private;19;3000;Banglore;14
Shantha Biotechnics;4.5;112;Private;27;750;Hyderabad;2
Bombay Intelligence Secu;3.8;112;Private;44;10000;Mumbai;28
Aptean;2.9;112;Private;8;3000;Georgia;0
Save the Children;4.2;112;Private;88;3000;Fairfield;24
Aero Club;4.0;112;Private;93;750;New Delhi;31
Manpasand Beverages;3.0;112;Private;22;3000;Vadodara;28
Arabian Industries;4.0;112;Private;29;3000;Muscat;3
Hindustan Syringes & Med;4.1;112;Private;63;3000;Faridabad;9
Roquette Riddhi Siddhi;4.2;112;Unknown;87;7500;Lestrem;6
Wellness Forever Medicar;3.9;112;Private;12;3000;Mumbai;10
TCS iON;3.8;112;Unknown;9;10000;Mumbai;36
Bharti Walmart;4.4;111;Private;13;3000;Gurgaon;29
Siemens Healthcare;4.1;111;Private;124;10000;Erlangen;16
Jindal Power;3.9;111;Public;13;10000;New Delhi;10
Kaizen IT Services;3.7;111;Private;21;750;Kolkata;29
Axiscades Engineering Te;3.1;111;Public;33;3000;Bengaluru;2
Schneider Electric Infra;4.1;111;Public;184;10000;Rueil-Malmaison;15
Shangri-La Hotel;4.5;111;Private;49;10000;Hong Kong;10
Autometers Alliance;3.9;111;Private;61;750;Noida;5
Navata Road Transport;4.0;111;Unknown;38;3000;Vijayawada;20
Bhavani Industries;3.9;111;Private;33;350;Bangalore;9
Mothers Recipe;4.0;111;Unknown;119;;Pune;27
Elin Appliances;3.9;111;Private;51;3000;New Delhi;6
FieldFresh Foods;4.1;111;Private;16;350;Gurugram;17
India Post;4.1;111;Public;166;10000;New Delhi;51
Otsuka Pharmaceutical;3.4;111;Private;56;3000;Tokyo;11
Jumio;3.8;111;Private;10;350;Palo Alto;0
Techavera Solutions;4.2;111;Unknown;10;;Noida;2
OnMobile Global;4.0;110;Private;20;3000;Bangalore;9
Amadeus;3.8;110;Public;33;10000;Madrid;6
Subex;2.9;110;Public;28;3000;Banglore;3
Groupon;3.6;110;Private;12;7500;Chicago;5
Jsw Energy;4.4;110;Public;26;3000;Mumbai;9
Sequential Technology In;3.8;110;Private;16;3000;Warren;3
Signode;4.2;110;Private;107;750;Glenview;21
e-Procurement Technologi;3.5;110;Private;14;750;Ahmedabad;11
BancTec;3.5;110;Private;3;10000;Irving;3
Kirby Building Systems;4.0;110;Private;44;3000;Kuwait City;10
Sheenlac Paints;3.4;110;Public;58;750;Chennai;24
NTL Electronics India;4.1;110;Private;27;3000;Noida;8
Joyalukkas;4.2;110;Unknown;33;3000;Dubai;36
Hamdard;4.3;110;Unknown;114;3000;New Delhi;27
Cooper-Standard Automoti;3.8;110;Private;60;10000;Novi;8
Efftronics Systems;3.3;110;Private;35;750;Vijayawada;15
Spm Autocomp;3.5;110;Private;25;350;Gurugram;5
Bridgestone India Automo;4.1;110;Private;24;3000;Pune;12
Smart Value Products And;3.9;110;Private;14;350;New Delhi;32
Sahajanand Laser Technol;3.6;110;Public;31;750;Gandhinagar;11
Me n Moms;3.4;110;Private;26;750;Mumbai;22
National Insurance Compa;4.3;110;Private;114;10000;Kolkata;43
Rupa;3.4;110;Private;52;750;Kolkata;17
Aurionpro Solutions;3.8;109;Public;23;3000;San Ramon;18
EVRY India;3.2;109;Private;58;3000;Helsinki;1
Servion Global Solutions;3.5;109;Private;25;3000;Chennai;8
Flatworld Solutions;3.4;109;Private;18;3000;Bangalore;0
Gokaldas Exports;4.1;109;Public;35;10000;Banglore;8
South Indian Bank;3.8;109;Public;91;7500;Thrissur;29
Alfa Laval;4.3;109;Private;137;10000;Lund;11
A2z Infra Engineering;3.4;109;Public;18;10000;Gurgaon;21
Bombay Dyeing;3.8;109;Private;141;750;Mumbai;19
Themis Medicare;3.3;109;Public;68;3000;Mumbai;18
AIG;3.5;109;Unknown;101;10000;New York;4
GGK Technologies;3.5;109;Private;16;3000;Duluth;0
Cenveo Publisher Service;3.3;109;Private;17;7500;Columbia;3
Orient Bell;3.9;109;Public;43;3000;New Delhi;26
Superhouse;3.8;109;Public;34;7500;Kanpur;5
Bose;4.3;109;Private;56;7500;Framingham;17
Nuziveedu Seeds;4.2;109;Public;47;10000;Telangana;23
Reliance Cement Company;4.2;109;Private;16;750;Kathmandu;19
Bill Forge;3.9;109;Unknown;35;3000;Bengaluru;5
Franchise India Brands;2.3;109;Private;21;350;New Delhi;18
Zen3 Info Solutions;3.4;109;Private;5;3000;Redmond;2
Zydex Industries;3.9;109;Private;23;750;Vadodara;30
Jaypee Hospital;4.1;109;Private;6;750;Noida;6
Mep Infrastructure;4.0;109;Public;18;3000;Mumbai;21
Steelman Telecom;3.9;109;Private;34;750;Kolkata;21
LogixHealth;3.6;109;Private;30;750;Bedford,MA;2
Ict Sms;3.9;109;Unknown;12;350;Bangalore;6
Vestige;4.5;109;Private;16;10000;New Delhi;49
SamarthJobs Management C;3.8;109;Unknown;14;126;Vadodara;26
Essar Projects India;4.3;108;Public;51;10000;Mumbai;17
Temenos;3.4;108;Private;27;7500;Geneva;4
Maveric Systems;3.8;108;Public;20;3000;Chennai;1
Trigent Software;3.3;108;Private;25;3000;Southborough;9
Mahindra Automotives;4.2;108;Unknown;72;;Hyderabad;31
Magic Software;3.1;108;Private;37;3000;California;1
Essilor;3.9;108;Private;48;10000;Charenton-le-Pont;20
Electrosteel Casting;3.9;108;Public;65;3000;Kolkata;3
National Payments Corpor;3.5;108;Private;12;750;Mumbai;4
Banco Products;3.8;108;Public;59;3000;Vadodara;7
Metro Hospital & Heart I;4.0;108;Unknown;23;3000;Noida;11
The Supreme Ind Ltd Jalg;4.0;108;Unknown;78;3000;Mumbai;20
Finastra;3.3;108;Private;3;10000;London;1
Shakti Pumps;3.8;108;Public;38;3000;Dhar;16
IFB Automotive;4.0;108;Private;46;750;Bangalore;7
CWT;4.2;108;Private;26;10000;Minnetonka;7
Consul Neowatt Power Sol;4.1;108;Private;39;750;Chennai;20
Pha India;4.1;108;Private;21;750;SRIPERUMBUDUR;3
Ivy Hospital;3.6;108;Private;13;3000;Mohali;8
Dineshchandra R Agarwal;4.0;108;Private;;3000;Surat;22
Novateur Electrical & Di;4.1;108;Private;36;7500;Chennai;39
Eisai Pharmaceuticals;4.0;108;Public;79;10000;Tokyo;8
Gujarat Gas;4.4;108;Public;31;3000;Ahmedabad;20
MattsenKumar;3.6;108;Private;18;3000;Woodburn;1
ING Vysya Bank;4.2;107;Public;18;10000;Bengaluru;37
Infor Global Solution;4.0;107;Private;18;10000;New York;2
Toshiba;4.1;107;Private;145;10000;Tokyo;14
Petrofac Engineering Ind;3.3;107;Private;39;10000;London;6
Cairn Energy;4.4;107;Private;40;3000;Edinburgh;10
Sun TV Network;3.8;107;Public;29;3000;Chennai;6
Orix Auto Infrastructure;4.1;107;Public;25;3000;Mumbai;13
GSP Crop Science;3.8;107;Private;35;750;Ahmedabad;15
Supershakti Metaliks;3.9;107;Public;25;3000;Kolkata;5
T&m Services Consultant;3.9;107;Private;24;750;Mumbai;28
Novotel;4.5;107;Private;53;7500;ISSY-LES-MOULINEAUX;11
Paytm Payments Bank;4.1;107;Unknown;3;3000;Noida;32
Coffee Day Global;3.8;107;Private;27;10000;Bangalore;25
St. John's Medical Colle;4.2;107;Private;57;750;Bengaluru;5
Dee Piping System;4.1;107;Unknown;37;;Tatarpur;4
Nisa Industrial Services;4.2;107;Private;47;10000;Mumbai;23
Aka Logistics;3.6;107;Public;12;3000;Kolkata;16
H&R Block;4.0;107;Private;65;10000;Kansas City;4
G D FOODS MFG;4.0;107;Private;36;750;New Delhi;15
TCG Lifesciences;4.1;107;Unknown;19;750;Kolkata;4
Madura Micro Finance;3.9;107;Private;14;3000;Chennai;27
University of Engineerin;4.0;107;Unknown;6;10000;Kolkata;15
Sales India;3.8;106;Private;49;750;Ahmedabad;39
PACL India;4.2;106;Public;24;750;New Delhi;37
Kinetic Engineering;3.8;106;Public;48;750;Pune;4
Henkel Adhesives Technol;4.0;106;Private;144;10000;Aachen;11
Clariant Chemicals;4.3;106;Public;25;10000;Muttenz;10
Dishman Pharmaceuticals;4.3;106;Public;37;3000;Ahmedabad;2
Shree Renuka Sugars;4.2;106;Public;22;10000;Mumbai;17
IGT;3.5;106;Private;45;10000;Reno;8
Hettich;3.9;106;Private;132;7500;Kirchlengern;20
Continuum Managed Servic;3.3;106;Private;15;3000;Boston;0
Cogencis Information Ser;3.4;106;Private;24;350;Mumbai;3
POSCO MAHARASHTRA STEEL;4.1;106;Private;52;10000;Raigad,Maharashtra;3
Catholic Syrian Bank;3.5;106;Private;100;3000;Thrissur;34
Metalman Auto;3.9;106;Private;34;3000;New Delhi;10
Kinara Capital;4.3;106;Unknown;9;3000;Bangalore;38
JDA Software;4.1;105;Private;35;7500;Scottsdale;5
Jabong;4.3;105;Private;9;750;Bangalore;6
HP India Sales;4.2;105;Private;23;750;Bengaluru;18
Prolifics Corporation;3.0;105;Private;42;3000;Orlando;4
The Pride Hotel;4.1;105;Private;45;3000;Mumbai;13
BCD Travel;3.5;105;Private;14;10000;Utrecht;6
Jaypee Hotels;4.5;105;Public;;3000;Delhi;11
Huntsman International;4.4;105;Unknown;50;10000;Texas;17
Zuari Cement;4.2;105;Private;25;750;Bengaluru;20
Kamineni Hospitals;3.7;105;Private;25;3000;Hyderabad;2
Polyplex;4.1;105;Public;36;3000;Noida;5
Halliburton;4.2;105;Private;101;10000;Houston;12
Veeda Clinical Research;4.3;105;Private;16;750;Ahmedabad;2
Ajnara India;4.1;105;Public;29;750;Noida;3
Vedant Fashions;4.1;105;Private;21;3000;Kolkata;24
Securens System;4.1;105;Private;9;750;Mumbai;21
BLS International Servic;3.3;105;Public;15;7500;New Delhi;24
Elentec India;4.2;105;Private;38;7500;Hwasung City;7
Zuari Agro Chemicals;3.8;105;Public;53;3000;Gurgaon;24
Balasore Alloys;3.6;105;Public;36;3000;Balasore;6
Jiva Ayurveda;3.7;105;Unknown;28;3000;Faridabad;16
Tata ClassEdge;3.8;105;Public;9;350;Mumbai;27
Liberty Videocon General;3.9;105;Private;7;3000;Mumbai;30
Narayana Junior College;4.4;105;Unknown;41;350;Hyderabad;15
Infrasoft Technologies;3.2;104;Private;25;3000;Mumbai;3
Minacs;4.0;104;Private;39;10000;Bangalore;7
Haldia Petrochemicals;4.2;104;Private;35;10000;Kolkata;3
National Institute of Te;4.1;104;Public;13;126;New Delhi;18
Rane Brake Lining;4.3;104;Public;56;7500;Chennai;8
Emirates NBD;4.0;104;Private;57;10000;Dubai;6
Jagran Prakashan;4.0;104;Public;45;7500;Kanpur;31
Morningstar;4.0;104;Private;36;7500;Chicago;3
Integrated Wireless Solu;3.6;104;Private;16;3000;Noida;21
Tata Toyo Radiator;4.1;104;Unknown;22;3000;Pune;5
Technico Industries;3.6;104;Unknown;48;750;Gurugram;5
Jay Chemical Industries;4.1;104;Private;53;3000;Ahmedabad;10
Apparel Group;3.5;104;Private;21;10000;Dubai;11
D'Decor Home Fabrics;3.9;104;Private;21;3000;Mumbai;19
Shyam Indus Power Soluti;3.7;104;Private;16;3000;New Delhi;9
Arabian Construction Com;4.2;104;Unknown;53;10000;Beirut;14
Kandhari Beverages;3.8;104;Private;53;350;Chandigarh;15
Sgs Tekniks Manufacturin;4.0;104;Private;30;3000;Gurgaon;3
Magna International;4.3;104;Public;63;10000;Aurora;5
Park Hospital;3.6;104;Unknown;38;750;New Delhi;8
PhyCARE Solutions;3.6;104;Private;20;3000;New York;2
Dinshaws;4.1;104;Private;88;750;Nagpur;12
Publicis Sapient MENA;3.5;103;Unknown;30;;Boston;3
Shreya Life Sciences;3.7;103;Private;25;3000;Mumbai;19
VVF;4.1;103;Public;81;3000;Mumbai;10
Writer Corporation;3.7;103;Private;67;7500;Mumbai;25
Raptakos Brett and Compa;3.6;103;Public;90;3000;Mumbai;24
Richa Global Export;4.2;103;Unknown;15;10000;Gurgaon;6
TRF;3.5;103;Public;58;3000;Jamshedpur;10
Datawind Innovations;3.1;103;Private;19;350;Mississauga;10
Alchem International;3.8;103;Private;85;3000;New Delhi;14
Lokesh Machines;3.6;103;Public;37;3000;Hyderabad;3
Cargill Business Service;3.7;103;Unknown;5;10000;Gurugram;5
JNET Technologies;3.7;103;Private;14;750;Hyderabad;18
Urban Ladder;4.2;103;Private;8;750;Bangalore;14
Sjmmcsl;3.5;103;Unknown;;7500;Mumbai;37
Takata;4.2;103;Private;11;10000;New Delhi;10
Urban Company;3.8;103;Private;6;10000;Gurgaon;12
Khimji Ramdas;3.9;103;Private;150;7500;Muscat;11
Electrical Research & De;4.1;103;Unknown;46;350;Vadodara;16
Prama Hikvision India;3.5;103;Private;19;7500;Hangzhou;20
Seoyon E-hwa Automotive;4.1;103;Unknown;18;750;Slovak Republic;5
Svatantra Microfin;4.1;103;Private;8;3000;Mumbai;36
Rustomjee Academy for Gl;4.1;103;Private;12;350;Mumbai;6
Anand Rathi Global Finan;3.5;103;Private;38;3000;Mumbai;25
Mahindra Finance;4.2;103;Unknown;26;10000;Mumbai;55
Brillio;3.2;102;Private;6;3000;Santa Clara;2
Metric Stream Infotech;3.1;102;Private;21;3000;Palo Alto;0
Blackrock;3.6;102;Private;32;10000;New York;3
IIT Bombay;4.5;102;Public;62;7500;Mumbai;3
Coastal Projects;3.9;102;Public;25;7500;Hyderabad;13
Asian Granito India;3.6;102;Public;20;750;Ahmedabad;24
Kolte Patil Developers;4.1;102;Public;29;750;Pune;2
ESAB;3.9;102;Public;116;7500;Annapolis Junction;11
Vishay Components;4.1;102;Private;58;10000;Malvern;3
Porteck India Infoservic;3.6;102;Private;18;750;New York;3
Tega Industries;3.7;102;Public;44;3000;Kolkata;10
Ample Technologies;3.4;102;Private;24;350;Bangalore;8
Mas Callnet;3.4;102;Private;17;3000;Noida;10
Garden Silk Mills;3.9;102;Public;41;750;Surat;11
Privi Organics;4.3;102;Public;38;350;Mumbai;7
Javi Systems India;3.2;102;Private;13;750;Bangalore;20
Shyam Sel & Power;3.7;102;Unknown;29;7500;Burdwan;8
Karamtara Engineering;3.0;102;Unknown;24;3000;Mumbai;5
Himalaya Herbal Healthca;4.3;102;Private;90;3000;Bengaluru;28
BajajSons;4.0;102;Public;35;3000;Ludhiana;4
MidasCare Pharmaceutical;3.6;102;Private;34;750;Mumbai;20
UAE Exchange;4.0;102;Public;40;7500;Abu Dhabi;29
Zoomcar;3.8;102;Private;8;350;Bangalore;14
Raj Petro Specialities;3.9;102;Private;78;750;Mumbai;16
Shree Baidyanath Ayurved;3.5;102;Private;102;3000;Allahabad;19
NVH India Auto Parts;3.8;102;Unknown;20;350;Ulsan;3
Transrail Lighting;3.9;102;Private;12;3000;Mumbai;22
CRB Tech Solution;3.7;102;Private;19;350;Pune;0
Royal Caribbean Internat;4.7;102;Unknown;51;10000;Miami;5
Cethar;3.8;101;Private;39;3000;Tiruchirapalli;10
IDS Infotech;2.9;101;Public;31;3000;Chandigarh;4
Wipro GE Health Care;4.2;101;Unknown;128;750;Chicago;21
Alchemist Hospital;3.7;101;Private;26;350;Panchkula;11
Aditya Birla Nuvo;4.3;101;Public;163;7500;Mumbai;26
Smc Insurance Brokers;3.9;101;Private;30;3000;New Delhi;28
Nippon India Mutual Fund;4.2;101;Unknown;25;750;Mumbai;43
Vascon Engineers;4.3;101;Public;34;3000;Pune;10
Liberty Shoes;4.0;101;Public;66;3000;Gurugram;24
Black Knight Financial S;3.4;101;Private;58;7500;Jackonville;0
ITC Wills Lifestyle;4.3;101;Private;21;3000;Mumbai;25
Pepe Jeans;4.1;101;Private;47;3000;Municipility Of Sant Feliu De Llobregat;29
Selec Controls;3.3;101;Private;20;750;Mumbai;3
Sel Manufacturing Co.;3.8;101;Public;51;7500;Ludhiana;6
Tube Investments of Indi;4.1;101;Public;61;10000;Chennai;18
UnitedLex;3.7;101;Private;14;3000;Overland Park;2
Cyfuture;2.9;101;Unknown;19;3000;Noida;10
Venus Remedies;3.8;101;Public;31;3000;Panchkula;21
SYMBIOTEC Pharmalab;3.8;101;Private;25;3000;Indore;2
Asian Institute of Medic;4.1;101;Private;10;3000;Faridabad;8
Flexituff International;4.1;101;Public;27;7500;Pithampur;10
Allengers Medical System;4.1;101;Public;33;3000;Chandigarh;22
Ralson India;4.1;101;Public;46;3000;Ludhiana;14
Samvardhana Motherson Gr;4.0;101;Unknown;45;10000;Noida;11
Tevapharm India;4.3;101;Private;119;10000;Petah Tikva;7
Ferromatik Milacron;4.1;101;Private;64;3000;Cincinnati;6
P&O Cruises;4.1;101;Private;183;7500;Southampton;4
Hyundai Construction Equ;4.2;101;Private;73;3000;Pune;23
Mann And Hummel Filter;4.1;101;Private;79;10000;Ludwigsburg;3
Gulf Oil Lubricants Indi;4.5;101;Public;107;10000;San Francisco;28
Xdbs;3.6;101;Unknown;9;3000;Redwood City;1
Cordlife Sciences India;3.8;101;Private;12;750;Kolkata;22
Varuna Integrated Logist;3.8;101;Private;24;3000;Gurugram;24
East India Udyog;4.1;101;Private;54;3000;Ghaziabad;18
Airports Authority of In;4.3;101;Private;25;10000;New Delhi;30
Pmkvy;3.9;101;Unknown;5;10000;New Delhi;44
Toyo Engineering India;4.1;100;Private;57;3000;Mumbai;9
Essar Group;4.2;100;Private;51;10000;Mumbai;21
MasterCard;4.0;100;Private;54;10000;New York;5
Mettler-Toledo;3.7;100;Private;74;10000;Greifensee;12
Franchise India Holdings;2.6;100;Public;21;350;Faridabad;8
Carzonrent;3.6;100;Private;20;750;New Delhi;11
Bonfiglioli Transmission;3.8;100;Private;64;3000;Bologna;6
BARC;4.4;100;Public;66;10000;Mumbai;11
Fedbank Financial Servic;3.7;100;Private;10;750;Mumbai;21
Hero Cycles;4.0;100;Public;64;3000;Ludhiana;16
Delta Electronics;4.2;100;Private;49;10000;Taipei;18
Autocop India;3.5;100;Private;31;3000;Mumbai;28
Van Heusen;4.3;100;Unknown;99;10000;New York;35
Kirloskar Ferrous Indust;4.2;100;Public;29;3000;Koppal;5
Syrma Technology;3.7;100;Private;14;750;Chennai;3
Toyota Tsusho;3.9;100;Public;84;10000;Nagoya;8
Exxon Mobil;4.2;100;Private;21;10000;Irving;15
Bharat IT Services;3.5;100;Public;24;750;Noida;23
Adient;4.1;100;Private;4;10000;Plymouth;8
Dusters Total Solutions;4.0;100;Unknown;26;10000;Bangalore;18
Kutchina;3.8;100;Private;18;26;Kolkata;25
Prabhat Dairy;4.0;100;Public;22;750;Rahata;13
Chassis Brakes Internati;4.2;100;Private;8;7500;Amsterdam;4
Nspira Management Servic;3.5;100;Unknown;7;10000;Hyderabad;12
XL Health;4.2;100;Unknown;23;750;Bangalore;0
Aagna Global Solutions;3.3;100;Unknown;6;350;Chennai;2
Danone Nutricia;3.9;100;Private;124;7500;Barcelona;30
Taraashna Services;3.7;100;Private;8;3000;Gurgaon;24
Lipi Data Systems;4.0;99;Private;34;3000;Mumbai;22
FCm Travel Solutions;4.0;99;Private;16;7500;Brisbane;17
CAMS;3.9;99;Unknown;32;7500;Chennai;16
Hi-Tech;4.0;99;Public;29;350;Mumbai;24
Focus Energy;3.3;99;Private;34;3000;Gurgaon;8
A2Z Infraservices;3.8;99;Public;18;10000;Gurgaon;13
Tablets (India);4.1;99;Private;82;750;Chennai;20
Policyboss.com;3.7;99;Unknown;8;26;Pune;17
Samsonite South Asia;4.5;99;Private;110;10000;Mumbai;27
Mjunction Services;4.0;99;Unknown;19;750;Kolkata;15
Taj Mahal Hotel;4.4;99;Private;117;10000;Mumbai;6
TowerVision India;3.9;99;Private;14;750;Gurugram;16
Carl Zeiss;4.2;99;Private;174;10000;Oberkochen;15
E-meditek Tpa Services;3.5;99;Private;20;750;Gurgaon;17
Wallace Pharmaceuticals;4.1;99;Private;30;750;Panaji;20
Veer-O-- Metals;3.8;99;Private;55;750;Bangalore;1
SAI Consulting Engineers;4.3;99;Private;37;750;Ahmedabad;21
Cremica Food Industries;4.2;99;Public;42;750;New Delhi;23
Grey Orange;3.5;99;Private;9;750;Atlanta;4
AL YAMAMA COMPANY;3.9;99;Unknown;68;10000;Dammam;10
Sonata Finance;4.1;99;Unknown;25;3000;Lucknow;28
Easy Day;3.7;99;Public;12;10000;New Delhi;34
Royal Caribbean Cruises;4.6;99;Private;51;10000;Miami;7
The MobileStore;4.3;98;Public;14;3000;Mumbai;24
Mobius Knowledge Service;3.5;98;Private;18;3000;Chennai;1
Kyungshin Industrial Mot;3.7;98;Unknown;23;10000;Chennai;3
Ador Welding;3.7;98;Public;69;750;Mumbai;14
SiliconIndia;2.6;98;Private;23;750;Banglore;1
Minda Sai;3.8;98;Public;17;10000;Greater Noida;11
Claris Otsuka;3.8;98;Private;56;3000;Tokyo;8
Ushodaya Enterprises;4.2;98;Private;46;3000;Hyderabad;21
Sunflag Iron and Steel;4.1;98;Private;31;3000;Nagpur;6
Gilbarco Veeder Root;3.7;98;Private;155;3000;Greensboro;17
RealPage;3.6;98;Private;22;7500;Texas;0
Bird Worldwide Flight Se;3.8;98;Private;21;3000;New Delhi;3
Banswara Syntex;4.1;98;Public;44;7500;Rajasthan;6
SOLAR INDUSTRIES INDIA;4.1;98;Public;25;3000;Nagpur;13
Flyjac Logistics;4.0;98;Private;30;3000;Chennai;20
DQ Entertainment;3.5;98;Public;20;3000;Hyderabad;2
Sterling Talent Solution;3.6;98;Private;45;3000;New York;0
Watertec India;4.3;98;Private;23;350;Coimbatore;35
Mitsubishi Heavy Industr;4.2;98;Private;136;10000;Tokyo;13
Texmaco Rail and Enginee;3.6;98;Private;81;3000;Kolkata;7
American Axle & Manufact;4.0;98;Private;26;10000;Michigan;5
Applus Velosi;4.0;98;Private;38;7500;Abu Dhabi;11
Suroj Buildcon;3.9;98;Private;7;750;Pune;8
JGC Corporation;4.5;98;Private;92;7500;Kanagawa;8
Moolchand Medcity;2.9;98;Private;62;750;New Delhi;2
Karvy DigiKonnect;3.4;98;Unknown;5;10000;Hyderabad;12
Sekisui Dljm Molding;3.7;98;Unknown;10;750;Noida;11
Balajee Group;3.8;98;Unknown;25;3000;Mumbai;19
Roki Minda Co;4.5;98;Private;10;10000;Bawal;8
Bell Finvest;2.3;98;Public;26;750;Mumbai;38
Asti Electronics India;4.2;98;Private;16;350;Gurgaon;2
Patil Group;3.5;98;Unknown;87;;Hyderabad;21
STAR;4.2;97;Unknown;26;;Mumbai;20
iOPEX Technologies;3.3;97;Private;11;3000;San Jose;6
PayU Payments;3.8;97;Private;18;3000;Hoofddorp;5
Bal Pharma;3.7;97;Public;33;750;Bangalore;13
Rooman Technologies;3.9;97;Private;21;750;Bengaluru;22
Mars International India;4.3;97;Unknown;;10000;Mumbai;28
Ashok Iron Works;3.8;97;Private;46;350;Belagavi;2
Veritas;3.8;97;Public;37;7500;Santa Clara;7
Amoli Organics;3.9;97;Unknown;29;350;Mumbai;3
Microsense;3.6;97;Unknown;38;350;Collegeville;18
APM Terminals;4.2;97;Private;19;10000;The Hague;12
SISL Infotech;3.7;97;Private;13;3000;New Delhi;22
L&T Valves;3.9;97;Private;59;750;Chennai;3
FMC;4.2;97;Private;137;7500;Philadelphia;29
Murugappa Group;4.2;97;Private;120;10000;Chennai;28
Anglo-Eastern Ship Manag;4.2;97;Private;46;10000;Wanchai;4
Preethi Kitchen Applianc;4.3;97;Unknown;42;3000;Chennai;26
Roop Automotives;4.4;97;Private;30;750;Gurgaon;3
Peregrine Guarding;3.9;97;Private;25;10000;Gurugram;27
Lotus Herbals;4.1;97;Private;27;3000;Delhi;19
Shalimar Group;4.0;97;Private;50;750;Kolkata;13
Wings Biotech;3.5;97;Public;33;3000;New Delhi;20
APC By Schneider Electri;4.3;97;Private;39;10000;West Kingston;5
Ratna Sagar;3.5;97;Private;38;750;New Delhi;19
MARK EXHAUST SYSTEMS;4.1;97;Unknown;27;350;Gurugram;5
Glocal Healthcare System;3.2;97;Unknown;10;750;Kolkata;11
Nlb Services;4.0;97;Private;;;Delhi;5
Accuster Technologies;3.5;97;Private;11;750;New Delhi;4
Shriram Group;4.2;96;Private;46;10000;Chennai;47
National Stock Exchange;3.7;96;Private;28;3000;Mumbai;13
Global Edge Software;3.1;96;Private;28;3000;Bangalore;1
Virtual Employee;3.3;96;Private;13;3000;Noida;1
Integra Software Service;3.4;96;Private;26;3000;Pondicherry;5
Hyperquality;3.7;96;Private;17;750;Seattle;6
ISMT;3.5;96;Public;43;3000;Pune;2
Valvoline Cummins;4.0;96;Private;26;750;Gurugram;26
Serum Institute of India;4.3;96;Private;54;3000;Pune;8
Prime Focus;3.3;96;Public;23;7500;Mumbai;7
Harman Finochem;3.5;96;Private;37;750;Mumbai;4
Office Beacon;3.6;96;Private;19;3000;California;9
SML Isuzu;4.0;96;Public;35;750;Chandigarh;15
INFRES METHODEX;3.3;96;Private;33;750;Faridabad;28
TIDC India;4.1;96;Private;60;10000;Chennai;10
Neel Auto;3.9;96;Private;;750;Delhi;8
Shah Technical Consultan;3.9;96;Private;44;750;Mumbai;15
IPE Global;3.9;96;Public;22;750;New Delhi;26
R-Logic Technology Servi;3.9;96;Private;24;750;Bangalore;4
Mobiloitte Technologies;2.0;96;Private;16;750;New Delhi;3
Fourrts India Laboratori;3.8;96;Private;43;3000;Chennai;18
Wonderla Holidays;4.1;96;Public;18;3000;Bangalore;6
Orion Security Solutions;3.6;96;Private;15;10000;New Delhi;23
QDVC;4.7;96;Private;13;3000;Doha;3
Northcorp Software;4.7;96;Private;;26;New Delhi;5
iiiEM;4.7;96;Unknown;12;;Ahmedabad;7
Teradata;3.4;95;Private;41;10000;California;6
Care IT Solutions;3.1;95;Private;17;3000;Chennai;11
IVTL Infoview Technologi;2.9;95;Private;20;750;Chennai;0
Metso Minerals;4.3;95;Private;21;10000;Helsinki;13
VSoft Technologies;3.6;95;Private;24;3000;Hyderabad;8
SPi Technologies;3.5;95;Private;40;10000;Paranaque City;6
KMC Constructions;3.9;95;Public;50;350;Hyderabad;18
TVS Srichakra;3.9;95;Public;38;3000;Madurai;19
Hamilton Housewares;3.9;95;Private;48;3000;Mumbai;7
OpenText Technologies;3.8;95;Private;29;10000;Waterloo;2
Centrumdirect;3.8;95;Private;23;350;Mumbai;19
American Tower Corporati;3.7;95;Private;25;3000;Boston;25
IMC;4.2;95;Private;13;350;Ludhiana;12
Paul Merchants;3.8;95;Public;36;3000;Chandigarh;33
British Biologicals;3.4;95;Private;32;3000;Bangalore;21
Sterling Tools;4.1;95;Public;41;750;Faridabad;6
Tata Steel Processing &;3.8;95;Private;23;3000;Kolkata;15
Essel Infraprojects;3.7;95;Private;13;10000;Noida;19
Sakra World Hospital;4.0;95;Unknown;7;3000;Bengaluru;2
Doubletree By Hilton;4.5;95;Unknown;51;7500;Virginia;11
Godrej Interio;4.1;95;Private;35;3000;Mumbai;31
Shubhalakshmi Polyesters;3.6;95;Unknown;15;750;Surat;4
Gallagher Service Center;3.9;95;Unknown;18;7500;Pune;2
Ordnance Factory;4.5;95;Other;245;10000;Kolkata;16
Abu Dhabi National Hotel;4.0;95;Private;44;10000;Abu Dhabi;9
Empower Pragati;3.7;95;Private;10;3000;New Delhi;29
Excelra Knowledge Soluti;3.6;95;Unknown;19;750;Hyderabad;0
Gyan Dairy;4.0;95;Private;13;750;Lucknow;9
Meeami Technologies;4.1;95;Private;21;126;Santa Clara;0
Videocon Telecommunicati;4.2;94;Private;12;3000;Gurgaon;28
Union Bank of India;4.2;94;Public;101;10000;Mumbai;23
Edac Engineering;4.2;94;Private;33;3000;Chennai;9
LTI;3.3;94;Private;23;350;Mumbai;6
CARE;4.1;94;Private;70;7500;Noida;28
Jagatjit Industries;3.7;94;Public;76;10000;Punjab;18
CESC;3.8;94;Public;121;10000;Kolkata;9
Kosamattam Finance;3.0;94;Private;170;3000;Kottayam;28
Bank of Maharashtra;4.1;94;Private;85;10000;Pune;24
Anchor Health and Beauty;3.6;94;Private;28;3000;Mumbai;21
Cheil India;3.0;94;Private;17;750;Gurugram;11
S.k Educations;4.1;94;Private;21;26;Bangalore;19
Bony Polymers;3.9;94;Private;39;750;Faridabad;7
Teva Pharmaceuticals;4.3;94;Private;119;10000;Petah Tikva;9
Astral Polytechnik;4.0;94;Public;24;3000;Ahemdabad;24
Radiant Cash Management;4.0;94;Private;15;7500;Chennai;21
Baramati Agro;4.1;94;Unknown;32;3000;Pune;12
Puranik Builders;3.7;94;Public;30;350;Thane;2
Sri Krishna Pharmaceutic;4.2;94;Private;46;3000;Hyderabad;1
Unimoni;3.8;94;Unknown;40;7500;Abu Dhabi;29
Waaree Energies;3.5;94;Private;31;3000;Mumbai;11
Saurav Chemicals;4.1;94;Private;29;750;Panchkula;5
Techno Electric & Engine;4.3;94;Public;57;350;Kolkata;14
YKK;3.8;94;Unknown;86;3000;Tokyo;12
Vadilal Enterprises;4.0;94;Public;113;750;Ahmedabad;32
S. Chand & Company;3.8;94;Public;50;3000;New Delhi;22
Rainbow Childrens Hospit;4.2;94;Private;21;3000;Hyderabad;7
Planetcast Media Service;3.9;94;Public;24;3000;Noida;5
Sun Pharma Laboratories;4.0;94;Unknown;37;3000;Mumbai;20
Lalitha Jewellery;3.9;94;Private;37;3000;Chennai;15
Massive Restaurants;4.3;94;Unknown;8;3000;Gurugram;12
Atibir Industries;3.5;94;Private;22;750;Giridih;1
Andhra Pradesh State Ski;4.0;94;Other;6;750;Vijayawada;9
TCS eServe;4.0;93;Private;13;10000;Mumbai;12
ALTEN Calsoft Labs;3.2;93;Private;28;3000;Santa Clara;4
Monster Com India;3.8;93;Private;21;3000;Hyderabad;6
Juniper Networks;4.0;93;Private;24;7500;Sunnyvale;2
Drive India Enterprise S;4.1;93;Unknown;17;3000;Mumbai;31
MothersonSumi INfotech &;3.6;93;Private;20;3000;Noida;9
Simplilearn;3.3;93;Private;10;3000;California;0
IPSoft;3.2;93;Private;22;3000;New York;1
Cotmac Electronics;3.9;93;Private;28;750;Pune;6
Aditya Infotech;4.1;93;Private;26;350;Noida;25
Mitsui O.S.K. Lines;4.0;93;Private;56;7500;Tokyo;8
Jupiter Hospital;4.0;93;Private;13;3000;Thane;2
La-Gajjar Machineries;3.9;93;Private;85;350;Ahemdabad;14
SVC Co-Operative Bank;3.8;93;Private;114;3000;Mumbai;21
ABI SHOWA TECH;3.9;93;Unknown;29;350;Chennai;4
Tagros Chemicals India;3.9;93;Private;28;750;Chennai;3
Offshoot Agency;3.1;93;Private;;126;Delhi;6
Stovekraft;3.9;93;Private;26;3000;Bangalore;9
ADARSH DEVELOPERS;4.3;93;Private;32;750;Bangalore;1
Sanoh India;4.2;93;Unknown;81;7500;Tokyo;9
Bharat Rasayan;4.3;93;Public;31;750;New Delhi;6
SSN Logistics (Delhivery;4.2;93;Private;9;10000;Gurgaon;27
Century Textiles and Ind;4.1;93;Private;123;3000;Mumbai;33
Peter England;4.2;93;Private;131;10000;Londonderry;40
Mitra SK;3.7;93;Private;82;750;Kolkata;14
RattanIndia Power;3.5;93;Public;13;350;New Delhi;7
ACG Associated Capsules;3.9;93;Unknown;56;3000;Mumbai;6
PTC;3.9;93;Public;35;7500;Boston;5
UNO Minda;4.0;93;Unknown;62;10000;Gurgaon;20
Rail Vikas Nigam;3.9;93;Private;;750;New Delhi,India;26
Ao Smith;3.9;93;Private;146;10000;Milwaukee;16
Sadara Chemical Company;4.5;93;Unknown;9;3000;Al Jubail;2
Futurewins Trading Solut;4.9;93;Private;10;126;Ernakulam;3
EPAM Systems;2.6;92;Unknown;27;10000;Newtown;1
Runwal Group;4.1;92;Unknown;42;750;Mumbai;1
Garware Technical Fibres;3.9;92;Private;44;3000;Pune;12
HMT Machine Tools;4.1;92;Private;;3000;Bangalore;11
B. E. Billimoria;4.1;92;Private;62;3000;Mumbai;10
Govt. Medical College;4.3;92;Private;;3000;Patiala;27
Karvy Financial Services;4.1;92;Private;19;10000;Mumbai;20
Neon Laboratories;4.0;92;Private;38;750;Mumbai;18
Hafele;4.1;92;Private;97;750;Unknown;0
Ukb Electronics;3.3;92;Private;24;750;Noida;5
MapmyIndia;3.8;92;Unknown;25;3000;New Delhi;3
National Engineering Ind;3.9;92;Unknown;74;3000;Jaipur;11
Keysight Technologies;4.2;92;Private;6;10000;Santa Rosa;3
Delhi Duty Free Services;4.1;92;Private;10;750;New Delhi;3
Vijaya Bank;4.1;92;Public;89;10000;Bengaluru;30
Zebronics;3.8;92;Private;23;3000;Chennai;29
Meghalaya Cements;4.2;92;Private;14;750;Kolkata;3
Aludecor Lamination;4.0;92;Unknown;16;350;Kolkata;16
ProConnect Supply Chain;4.2;92;Private;27;3000;Chennai;22
Baker Hughes;4.3;92;Private;33;10000;Houston;14
Ceragon Networks;4.1;92;Private;24;3000;New Jersey;22
COWI;4.0;92;Private;90;7500;Lyngby;4
B4S Solutions;4.3;92;Private;31;10000;Ghaziabad;27
1mg;4.1;92;Private;5;750;Gurgaon;11
Gravita India;3.7;92;Public;28;750;Jaipur;5
REPCO HOME FINANCE;4.2;92;Public;20;3000;Chennai;34
Adama;4.2;92;Private;75;7500;Tel Aviv;27
Trigo Quality Production;3.2;92;Unknown;23;10000;Nanterre;14
Federal Mogul Powertrain;4.0;92;Unknown;121;10000;Lake Forest;12
Kolkata Bazaar;3.9;92;Unknown;18;3000;Kolkata;14
Hill International;4.4;92;Public;44;3000;Philadelphia;10
Hartek Group;3.6;92;Private;29;;Mohali;2
Network 18;4.1;91;Private;24;10000;Mumbai;12
NetApp;4.3;91;Private;28;10000;Sunnyvale;0
Cvent;3.5;91;Private;21;3000;Tysons Corner;1
Zodiac Clothing Company;3.8;91;Public;36;3000;Mumbai;15
Shalimar Paints;3.9;91;Public;118;750;Gurugram;25
NDTV;4.3;91;Private;32;3000;New Delhi;4
Danieli;3.7;91;Private;106;7500;Buttrio;6
G.S.E.C;4.0;91;Private;55;750;Ahmedabad;7
SBI Mutual Fund;4.1;91;Private;33;7500;Mumbai;51
QX;3.4;91;Private;17;3000;North Yorkshire;3
Mobikwik;3.7;91;Private;11;350;Gurgaon;11
Grupo Antolin;4.1;91;Private;70;10000;Burgos;5
Nippon Audiotronix;3.7;91;Private;33;350;Delhi;7
Prism Johnson;4.0;91;Public;28;3000;Hyderabad;33
Dena Bank;3.8;91;Private;82;10000;Mumbai;27
Nahar Industrial Enterpr;3.9;91;Public;37;7500;Ludhiana;9
Fiat Chrysler Automobile;3.6;91;Public;6;10000;London;10
CPM India Sales & Market;3.8;91;Private;18;10000;New Delhi;14
Sentiss Pharma;4.1;91;Private;30;750;Gurgaon;7
Creamline Dairy Products;4.1;91;Unknown;34;750;Hyderabad;8
Spacewood;4.0;91;Private;24;3000;Nagpur;13
VST Industries;4.3;91;Public;90;750;Hyderabad;27
RA Chem Pharma;4.0;91;Private;24;750;Hyderabad;2
Vectus Industries;3.8;91;Private;15;3000;Noida;18
Carrier Midea;4.1;91;Unknown;8;3000;Gurgaon;22
Diagno Labs;3.5;91;Private;8;350;Chennai;23
ABCI Infrastructures;3.7;91;Private;36;750;Kolkata;7
RG Stone Urology & Lapar;4.0;91;Unknown;34;3000;Delhi;8
Akal Information Systems;4.1;91;Private;20;350;New Delhi;8
Theme Engineering Servic;3.9;91;Private;18;750;Rajasthan;25
Touchstone Educationals;3.6;91;Unknown;22;3000;Chandigarh;13
Kangaro Industries;4.3;91;Private;26;3000;Ludhiana;10
Corona Remedies;3.9;91;Private;16;3000;Ahmedabad;21
Psp Projects;3.9;91;Private;12;3000;Ahmedabad;4
Hygienic Research Instit;4.2;91;Private;63;3000;Mumbai;17
Bonace Engineers;3.9;91;Private;25;350;Thane;14
Muthoot Homefin India;4.1;91;Private;9;750;Kochi;36
Sir Hn Reliance Foundati;3.9;91;Private;95;750;Mumbai;0
Celebi Delhi Cargo Termi;3.8;91;Unknown;62;3000;Istanbul;0
IndianMoney.com;3.5;91;Private;12;350;Bangalore;5
Nova IVI Fertility;4.0;91;Private;9;3000;Bangalore;13
AYN InfoTech;4.7;91;Unknown;8;350;Pune;8
AVAYA;4.0;90;Private;20;7500;Santa Clara;3
NetAmbit;3.3;90;Private;20;10000;Noida;17
Appco Group;2.7;90;Private;25;750;Kuala Lumpur;14
TIL;3.8;90;Public;76;750;Kolkata,India;11
Stryker;3.7;90;Public;79;10000;Kalamazoo;11
Akbar Travels;3.9;90;Private;13;3000;Mumbai;20
Green Park Hotels;4.3;90;Private;29;750;Hyderabad;12
PMT Machines;3.4;90;Private;59;750;Pune;4
Forbes Technosys;3.6;90;Private;29;7500;Mumbai;25
Berkadia;4.1;90;Private;11;3000;New York;0
Food Corporation of Indi;4.0;90;Private;55;10000;New Delhi;36
Scope eKnowledge Center;3.5;90;Private;33;10000;Chennai;2
T R Chadha & Co Llp;3.4;90;Unknown;74;750;Gurugram;10
Major Brands;3.8;90;Private;19;3000;Mumbai;7
Kalyani Motors;3.6;90;Private;14;3000;Bengaluru;0
Supermax Personal Care;3.6;90;Private;71;7500;Dubai;26
Klt Automotive And Tubul;4.0;90;Private;26;3000;Mumbai;9
Vihaan Networks;3.6;90;Private;16;750;Gurgaon;12
Sical Logistics;4.0;90;Public;65;750;Chennai;14
Excel Crop Care;4.1;90;Public;17;3000;Mumbai;14
Trackon Courier;3.8;90;Unknown;18;10000;New Delhi;29
Concord Biotech;3.9;90;Private;20;750;Ahmedabad;1
Indian Metals & Ferro Al;4.2;90;Unknown;59;3000;Bhubaneswar;8
T.G.I. Friday's;4.5;90;Unknown;55;10000;Dallas;11
Core Integra Consulting;3.5;90;Private;11;3000;Mumbai;25
Fosroc Chemicals India;4.2;90;Private;48;3000;Bangalore;19
N Ranga Rao And Sons;4.3;90;Private;72;750;Mysore;27
Continental Hospitals;4.4;90;Private;13;750;Hyderabad;0
Gpt Infraprojects;3.5;90;Public;40;750;Kolkata;12
Anchor by Panasonic;4.0;90;Unknown;13;10000;Thane;24
Abbott Nutrition Interna;4.3;90;Private;117;10000;Illinois;28
Presto Infosolutions;3.9;90;Private;20;350;New Delhi;21
Ebix Smartclass Educatio;3.2;90;Private;6;3000;Gurugram;26
ZIM Laboratories;3.9;90;Public;30;750;Nagpur;2
SBFC;3.4;90;Private;3;750;Mumbai;31
Can-Pack;4.2;90;Private;28;7500;Krakow;5
Magic Bus India Foundati;4.0;90;Private;21;3000;Mumbai;24
Zydus Hospital;4.2;90;Unknown;10;750;Ahmedabad;3
Apcer Pharma India;3.4;90;Private;13;750;Princeton;1
Bilt;3.9;89;Private;75;10000;Gurugram;12
National Aerospace Labor;4.3;89;Private;61;3000;Bangalore;0
Hurix Systems;3.3;89;Private;20;750;Mumbai;2
Fedders Lloyd;3.7;89;Private;;750;New Delhi;23
US Tech Solutions;3.8;89;Private;20;3000;New Jersey;6
Sulzer;4.0;89;Private;186;10000;Winterthur;3
Cameo Corporate Services;3.7;89;Private;35;350;Chennai;8
Premium Transmission;3.8;89;Private;59;750;Pune;8
Sindhu Cargo Services;3.2;89;Private;33;750;Bengaluru;7
Pratibha Syntex;4.1;89;Unknown;23;7500;Indore;4
VISION;4.2;89;Private;27;126;Warren;42
Romsons Group Of Industr;4.0;89;Private;68;3000;Agra;20
Silverskills;3.4;89;Private;19;3000;Austin;2
Xceedance;3.4;89;Private;7;3000;Boston;3
Cargo Service Center Ind;3.6;89;Private;26;3000;Mumbai;5
Shadowfax Technologies;3.6;89;Private;5;750;Bangalore;17
Microlink Solutions;3.8;89;Private;24;750;Ahmedabad;11
Sciformix Technologies;3.9;89;Private;;3000;Westborough,MA;2
CETPA InfoTech;4.3;89;Private;18;26;Noida;5
Bharathi Cement;4.4;89;Private;21;7500;Hyderabad;20
Sanmarg Projects;3.9;89;Private;13;750;Noida;21
Pitambari Products;4.3;89;Private;34;3000;Thane;12
Sleek International;4.4;89;Private;27;750;Mumbai,India;24
Maharishi Vidya Mandir;4.2;89;Private;37;7500;Bhopal;29
Azure Hospitality;4.3;89;Private;11;3000;Delhi;8
Systopic Laboratories;4.4;89;Private;36;3000;New Delhi;27
Nandi Toyota Motor World;4.0;89;Private;21;350;Bangalore;0
Bharti Foundation;4.1;89;Unknown;20;3000;Gurugram;19
ICICI Foundation for Inc;4.1;89;Unknown;12;750;Mumbai;32
Vidya Mandir Classes;3.6;89;Private;31;750;New Delhi;21
SSEM;4.1;89;Private;44;3000;Riyadh;10
Bank Muscat;3.9;89;Private;38;3000;Muscat;41
Hyderabad Metro Rail;3.7;89;Private;10;750;Hyderabad;1
ADRA;4.0;89;Private;37;7500;Silver Spring;34
Chennai Petroleum Corpor;4.4;88;Public;55;3000;Chennai;4
Hitachi Home & Life Solu;4.1;88;Private;36;10000;Kadi;20
Property Solutions;3.9;88;Private;20;10000;Mumbai;11
Accelya Solutions India;3.5;88;Private;44;3000;Barcelona;4
Miracle Software Systems;3.5;88;Private;26;3000;Novi;3
Cardekho.com;3.9;88;Private;12;3000;Jaipur;10
Carraro;4.0;88;Private;88;3000;Campodarsego;0
Zee Learn;4.1;88;Public;10;750;Mumbai;18
Aspiring Minds;3.9;88;Private;12;350;Gurugram;8
ETA ASCON Group;4.2;88;Private;47;10000;Dubai;9
Enmas O & M Services;4.2;88;Private;15;3000;Chennai;10
Tops Security;3.4;88;Private;50;10000;Mumbai;18
Piramal Glass;4.2;88;Private;36;3000;Mumbai;5
Becton Dickinson;4.2;88;Unknown;123;10000;Franklin Lakes;15
Ganges Internationale;3.8;88;Private;29;3000;New Delhi;6
Lanxess;4.3;88;Private;16;10000;Cologne;10
MTR Foods;4.2;88;Private;96;3000;Bengaluru;16
Allianz Technology;4.0;88;Unknown;130;10000;Munich;0
Alkyl Amines;4.4;88;Public;41;750;Mumbai;6
Super Auto India;3.4;88;Private;52;3000;Faridabad;5
BKT Tyres;4.2;88;Private;32;26;Mumbai;6
Charak Pharma;3.7;88;Unknown;73;3000;Mumbai;20
AISECT;3.7;88;Private;35;3000;Bhopal;28
Country Club Hospitality;3.8;88;Private;31;3000;Hyderabad;20
Acute Informatics;3.4;88;Private;15;750;Ahmedabad;24
MEDOPHARM;4.0;88;Unknown;50;3000;Chennai;10
SUZUKI MOTOR GUJARAT;3.9;88;Unknown;;;Hyderabad;12
Bombay Hospital;4.0;88;Private;68;3000;Mumbai;1
Solartis Technology Serv;3.8;88;Unknown;16;750;Manhattan Beach;0
Hindustan Latex Family P;3.8;88;Private;28;3000;Noida;26
Neogrowth Credit;3.7;88;Private;7;350;Mumbai;16
XSEED Education;3.1;88;Private;12;350;Singapore;15
Sun Knowledge;3.5;88;Private;14;750;New York;0
Jubilant Agri and Consum;4.2;88;Private;10;750;Noida;23
Logicash;3.6;88;Private;10;3000;Navi Mumbai;22
Hardcastle Restaurants;4.3;88;Private;25;3000;Mumbai;15
Princess Cruises;4.5;88;Private;55;10000;Santa Clarita;3
Alghanim International;3.9;88;Unknown;60;10000;Kuwait City;5
AISATS;3.9;88;Private;12;7500;Mumbai;4
Kanpur Fertilizers and C;4.0;88;Private;10;750;Kanpur;6
Eptisa;3.7;88;Private;64;3000;Madrid;16
Career Launcher;4.1;87;Private;24;3000;New Delhi;24
Pramati Technologies;4.0;87;Private;22;750;Hyderabad;1
Damco Solutions;3.4;87;Private;24;3000;Princeton;12
Confederation of Indian;3.8;87;Private;125;7500;New Delhi;21
Reliance HR Services;4.2;87;Unknown;;350;Ahmedabad;23
Medical College, Kolkata;3.9;87;Private;185;10000;Kolkata;36
Cheers Interactive;3.0;87;Private;20;750;Utrecht;1
Kellton Tech Solutions;3.8;87;Public;11;3000;Hyderabad;5
Espire Infolabs;2.9;87;Private;19;750;Gurgaon;1
Primus Global Technologi;3.5;87;Private;18;3000;Irving;10
Indian Steel Corporation;4.4;87;Unknown;16;750;Indore;6
TechnipFMC;4.3;87;Unknown;3;10000;London;10
Western Refrigeration;4.2;87;Private;48;350;Mumbai;14
Casagrand;4.2;87;Private;16;350;Chennai;5
New Allenberry Works;3.6;87;Private;49;350;Kolkata;4
SMEC;4.3;87;Private;50;7500;Melbourne;22
Vadilal Industries;4.1;87;Public;94;750;Ahmedabad;7
Pierian Services;3.5;87;Private;18;750;Bengaluru;9
Tractebel;4.1;87;Private;34;3000;Brussels;17
Navigant Bpm;3.9;87;Unknown;37;7500;Washington DC;2
L&t- Mhps Boilers;4.0;87;Private;13;750;Faridabad;6
JCT;4.1;87;Public;74;7500;New Delhi;8
Vipul MedCorp TPA;3.7;87;Private;27;750;Gurugram;12
KRBL;4.0;87;Public;131;3000;Noida;11
Futuresoft Solutions;3.4;87;Private;24;750;New Delhi;10
Future Consumer;4.1;87;Public;24;3000;Mumbai;20
Aster mims;4.3;87;Private;20;3000;Kozhikode;8
Rajiv Gandhi Cancer Inst;4.2;87;Unknown;24;3000;New Delhi;1
Enco Engineers Combine;3.7;87;Private;37;750;Gurugram;1
Costa Cruise Lines;4.3;87;Private;72;10000;Genoa;4
Mahavir Die Casters;3.8;87;Private;29;3000;Faridabad;1
Pyro Group;3.7;87;Unknown;21;750;Hyderabad;18
Hinduja Housing Finance;3.5;87;Private;5;350;Chennai;40
Geetanjali Medical Colle;4.2;87;Unknown;13;3000;Udaipur;11
Sri Aurobindo Society;3.3;87;Unknown;60;350;Puducherry;11
Jana Bank;3.8;87;Unknown;12;3000;Bengaluru;38
Best Sellers;4.4;87;Private;45;10000;Brande;21
Cummins Sales and Servic;4.0;86;Private;101;3000;Columbus;14
Aditya Birla Money;3.5;86;Public;64;750;Mumbai;26
Einfochips;3.3;86;Private;26;3000;San Jose;2
Datamatics Financial Ser;3.7;86;Private;45;10000;Mumbai;1
Emirates Airlines;4.4;86;Unknown;35;10000;Dubai;7
People Tech Group;2.9;86;Private;14;3000;Washington;2
DDB Mudra Group;4.0;86;Private;40;3000;Mumbai;20
Infiniti Research;2.1;86;Private;17;750;London;0
Travelex;3.6;86;Private;18;7500;Mumbai;5
Call 2 Connect;3.4;86;Unknown;17;3000;Mumbai;5
Rohan Motors;4.0;86;Unknown;32;3000;Noida;13
Rusan Pharma;3.5;86;Private;26;350;Mumbai;4
BMW;4.1;86;Private;104;10000;Munich;23
VIT University;4.2;86;Private;36;3000;Vellore;5
LuLu Group International;4.2;86;Private;20;10000;Abu Dhabi;13
Rasna;3.5;86;Private;41;350;Ahmedabad;22
Godrej Appliances;4.0;86;Private;62;3000;Mumbai;29
RR kabel;4.1;86;Unknown;25;3000;Mumbai;17
Intelux Electronics;3.9;86;Private;24;750;Pune;6
Vardhman Yarns & Threads;4.1;86;Private;12;10000;Gurugram;18
IDMC;4.0;86;Private;42;750;Vitthal Udyognagar;5
Population Services Inte;4.4;86;Private;50;7500;Washington D.C;24
Sunshine Hospitals;4.0;86;Private;11;3000;Secunderabad;8
Qatargas;4.6;86;Unknown;36;3000;Doha;6
Four Seasons Hotel;4.3;86;Public;59;10000;Toronto;10
INDIAN PUBLIC SCHOOL;3.7;86;Private;16;;Erode;16
Star Wire India;4.0;86;Private;39;3000;Faridabad;3
Gulf Spic General Tradin;3.7;86;Private;23;7500;Ahmadi;6
Toshiba Transmission & D;3.9;86;Private;126;10000;Hyderabad;10
Brink's;4.2;86;Private;161;10000;Richmond;21
Sukhbir Agro Energy;3.4;86;Private;49;750;New Delhi;9
Habtoor Leighton Group;4.2;86;Private;13;10000;Dubai;6
Galgotias University;2.7;86;Private;9;3000;Greater Noida;4
Laser Power & Infra;3.9;86;Private;32;3000;Kolkata;11
Dayal Fertilizers;4.4;86;Unknown;41;3000;Meerut;11
NC Technologies;3.7;86;Unknown;;26;Mumbai;11
Toyo Engineeering;3.8;86;Private;44;3000;Mumbai;4
ASM Technologies;3.1;85;Public;28;750;Bengaluru;8
ACS;3.4;85;Private;10;10000;Oklahoma;22
Compuage Infocom;3.8;85;Public;33;10000;Mumbai;22
Hindustan Pencils;4.3;85;Private;62;10000;Mumbai;25
Super Auto Forge;3.9;85;Private;45;3000;Chennai;0
CL Educate;3.4;85;Public;24;350;New Delhi;18
Pole To Win;3.2;85;Private;26;3000;Larkspur;0
Lucas Indian Service;4.0;85;Private;90;3000;Chennai;22
Pegasystems;3.7;85;Private;37;3000;Cambridge;0
MMC Infotech Services;3.6;85;Private;30;3000;Chennai;0
ArcGate;3.6;85;Private;15;3000;Udaipur;0
GD Research Center;3.8;85;Private;14;3000;Hyderabad;4
FUJIFILM;4.1;85;Private;86;10000;Tokyo;12
Accurate Engineering Cor;3.5;85;Private;57;750;Pune;9
C DOT;4.2;85;Other;36;750;New Delhi;6
Unique Engineers;3.8;85;Private;30;350;Gurgaon;19
JNS Instruments;3.8;85;Public;19;7500;Gurgaon;9
R.V.R. PROJECTS;4.1;85;Private;44;126;Visakhapatnam;14
Dimension India Network;3.5;85;Private;21;350;Noida;10
Rainbow Hospital;4.2;85;Unknown;21;3000;Hyderabad;6
KJS Cement;4.0;85;Private;37;7500;Jabalpur;8
Mol Information Processi;4.1;85;Private;23;750;Kolkata;5
Yokohama;3.8;85;Private;103;3000;Minato;12
The Body Shop;4.1;85;Private;44;10000;London;21
Aksh Optifibre;4.1;85;Public;26;750;New Delhi;11
Dixit Infotech Services;3.5;85;Unknown;41;350;Mumbai;13
Jubilant Chemsys;4.2;85;Private;16;350;Noida;5
Globtier Infotech;3.2;85;Private;15;3000;Noida;16
Gerdau Steel India;4.4;85;Private;27;750;Bangalore;3
KK Spun Pipes;3.3;85;Private;43;750;Faridabad;12
AL JABER GROUP;4.2;85;Private;50;10000;Abu Dhabi;7
Secure Value;3.9;85;Private;18;7500;Mumbai;29
Dream India Schools;3.6;85;Private;7;3000;Hyderabad;32
Bioseed;4.1;85;Private;28;750;Hyderabad;21
Vaaman Engineers;3.7;85;Private;30;3000;Mumbai;13
Flash Viven Machining Te;4.0;85;Private;7;10000;New Delhi;1
Alysj jv;4.6;85;Private;6;10000;Al Rayyan;1
City Union Bank;3.7;84;Public;116;7500;Kumbakonam;26
Nous Infosystems;3.3;84;Private;24;3000;Bangalore;1
Dun & Bradstreet;3.6;84;Private;25;350;Mumbai;8
Abhijeet Group;3.9;84;Private;32;7500;Nagpur;16
Meghmani Organics;4.1;84;Public;34;3000;Ahmedabad;6
Eli Lilly and Company;4.2;84;Public;144;10000;Indianapolis;13
Oriflame;4.4;84;Private;53;7500;Stockholm;17
Hcl Infotech;3.8;84;Private;29;10000;Noida;14
Wrigley;4.2;84;Private;129;10000;McLean;20
Chettinad Cements;4.3;84;Private;58;10000;Chennai;20
Geo Chem Laboratories;3.9;84;Private;56;3000;Mumbai;12
Jockey;4.2;84;Private;144;3000;Kenosha;28
Suven Life Sciences;4.0;84;Public;31;3000;Hyderabad;3
Manipal Technologies;3.6;84;Private;79;7500;Manipal;12
Allianz;4.2;84;Private;130;10000;Munich;7
Career Point;3.9;84;Public;27;750;Kota;20
Jayashree Polymers;3.7;84;Unknown;36;3000;Pune;6
Control Print;3.5;84;Public;29;350;Mumbai;13
Lincoln Pharmaceuticals;3.8;84;Public;41;3000;Ahmedabad;8
Synthite Industries;4.3;84;Private;48;3000;Kolenchery;11
IDP Education;3.9;84;Private;51;3000;Melbourne;16
Leonia Holistic Destinat;3.7;84;Private;17;3000;Hyderabad;2
Corporation Bank;4.2;84;Private;114;10000;Mangalore;28
APL Apollo Tubes;3.9;84;Public;34;3000;Ghaziabad;15
Advaith Motors;4.1;84;Unknown;22;750;Bangalore;5
Olive Bar & Kitchen;4.2;84;Private;20;750;Mumbai;11
Puzzolana Machinery Fabr;3.4;84;Private;56;750;Hyderabad;4
MaxCure Hospitals;3.5;84;Unknown;9;10000;Hyderabad;6
Fossil Group;4.0;84;Private;36;10000;Richardson;15
CTDI;3.8;84;Private;45;10000;West Chester;7
RAKS Pharma;3.6;84;Private;11;350;Mumbai;3
InnoEye Technologies;3.5;84;Private;8;750;Indore;0
Emami Paper Mills;3.8;84;Public;38;3000;Kolkata;2
Walplast Products;3.6;84;Private;16;750;Navi Mumbai;19
Aptus Value Housing Fina;4.2;84;Private;11;3000;Chennai;39
Sona Blw Precision Forgi;4.1;84;Public;25;7500;Gurgaon;1
Wellspring Healthcare;3.4;84;Private;10;750;Mumbai;6
Aditya Birla Idea Paymen;3.5;84;Unknown;;;Lucknow;26
Prione Business Services;4.1;84;Private;6;750;Bangalore;16
Apsara Silks;4.3;84;Unknown;12;;Bengaluru;0
InfoService;3.5;83;Unknown;;750;Bhopal;14
McAfee;4.1;83;Private;33;7500;Santa Clara;4
Asia Motor Works;3.7;83;Private;18;3000;Mumbai;13
DBOI Global Services;3.6;83;Private;15;10000;Mumbai;2
Aker Solutions;4.1;83;Private;179;10000;Fornebu;3
Progressive Infovision;3.7;83;Private;19;3000;New Delhi;24
Jay Ushin;3.9;83;Public;61;3000;Gurugram;4
Atul Auto;4.4;83;Public;34;750;Rajkot;18
Invesco;4.1;83;Private;85;7500;Atlanta;0
UTC Aerospace Systems;4.1;83;Private;2;10000;West Palm Beach;0
2COMS;3.7;83;Private;21;3000;Kolkata;17
Pearl Polymers;3.9;83;Public;49;750;New Delhi;12
Vivimed Labs;3.9;83;Public;29;750;Hyderabad;7
J.M Baxi & Co;3.9;83;Private;104;750;Mumbai;10
CompuCom;3.5;83;Private;33;10000;South Carolina;3
DelEx Cargo;4.2;83;Private;11;3000;Mumbai;26
URS Scott Wilson India;4.6;83;Private;26;10000;New Delhi;26
Personiv;4.1;83;Unknown;35;3000;Austin;1
Aparna Enterprises;4.1;83;Unknown;30;3000;Hyderabad;12
Gates;3.6;83;Private;109;10000;Denver;6
Bimal Auto Agency;4.0;83;Unknown;18;3000;Bengaluru;1
Case New-Holland Constru;4.3;83;Private;178;10000;Madhya Pradesh;25
Bluechip Corporate Inves;4.0;83;Unknown;24;3000;Mumbai;26
Filatex India;3.9;83;Public;30;3000;New Delhi;6
Magma HDI General Insura;3.9;83;Unknown;11;7500;Mumbai;32
Sathavahana Ispat;3.0;83;Public;31;350;Hyderabad;1
Oberoi Realty;4.2;83;Public;40;750;Mumbai;2
Crossword Bookstores;3.9;83;Private;28;7500;Mumbai;18
NuvoEx;4.0;83;Private;7;3000;Gurgaon;16
Vem Technologies;3.6;83;Private;27;750;Hyderabad;0
D.p. Jain & Co. Infrastr;3.7;83;Private;45;3000;Nagpur;12
Global Indian Internatio;3.8;83;Private;18;750;Singapore;8
Hector Beverages;4.2;83;Private;11;750;Bengaluru;14
Sigma Supply Chain Solut;3.6;83;Private;13;750;Noida;18
Star Hospitals;4.0;83;Private;12;3000;Hyderabad;5
World Vision;4.2;83;Private;70;10000;Monrovia;27
Honour Lab;3.9;83;Private;8;750;Hyderabad;4
Rosenberger Electronic;4.3;83;Unknown;62;3000;Tittmoning;7
VIVO Healthcare;2.8;83;Unknown;11;350;Gurugram;15
Salini Impregilo;4.4;83;Private;6;10000;Milan;3
SKH Y-TEC;3.7;83;Private;7;3000;Becharaji;3
Max Super Speciality Hos;4.1;83;Unknown;14;3000;New Delhi;9
Unity Infraprojects;3.8;82;Public;41;3000;Mumbai;15
FCS Software Solutions;3.5;82;Public;27;3000;Noida;10
Visteon Automotive Syste;4.3;82;Unknown;20;10000;Van Buren Township;4
Doshion;2.3;82;Private;43;7500;Ahmedabad;5
AT&T;4.3;82;Private;37;10000;Dallas;7
Sharp Business Systems I;3.9;82;Private;108;126;Noida;23
Galax E Solutions;3.1;82;Private;30;3000;Somerset;1
United Telecoms;3.5;82;Private;37;3000;Bengaluru;13
Indo Rama Synthetics (i);3.8;82;Public;31;3000;Gurugram;5
Mahindra Retail;4.5;82;Private;13;3000;Bengaluru;27
Hyderabad Industries;4.2;82;Private;74;3000;Hyderabad;18
NSL TEXTILES HYDERABAD;4.1;82;Private;18;7500;Guntur;7
Fluentgrid;3.7;82;Private;22;750;Visakhapatnam;11
Doordarshan;4.0;82;Private;61;350;New Delhi;20
INOX Air Products;4.3;82;Private;57;3000;Mumbai;18
Isolux Corsan;3.8;82;Private;92;7500;Madrid;16
G.M.Pens International;4.5;82;Private;25;750;Chennai;21
LanceSoft;3.9;82;Private;20;3000;Herndon;5
COMSTAR AUTOMOTIVE TECHN;4.1;82;Private;23;750;Chennai;0
Speciality Restaurants;4.3;82;Public;28;3000;Mumbai;9
Accutest Research Labora;4.2;82;Private;22;750;Navi Mumbai;3
Andromeda Sales And Dist;3.4;82;Private;29;10000;Mumbai;15
Kaleesuwari Refinery;4.2;82;Unknown;;3000;Chennai;20
Zf Wind Power;4.4;82;Unknown;97;10000;Belgium;2
Paradeep Phosphates;4.1;82;Public;39;750;Bhubaneswar;11
Snowman Logistics;4.0;82;Public;27;3000;Bangalore;17
Precision Camshafts;3.6;82;Public;28;3000;Solapur;1
Sysinformation Healthcar;3.3;82;Private;15;3000;Texas;0
Sagar Hospital;4.0;82;Unknown;18;3000;Bangalore;3
Lawrence & Mayo;3.8;82;Unknown;143;3000;Mumbai;16
Ascent Business Solution;3.6;82;Private;19;3000;Roseland;2
Chandan Steel;3.5;82;Public;51;750;Mumbai;7
Macmillan Publishers;3.8;82;Private;177;3000;London;17
Hexagon Nutrition;3.1;82;Private;29;750;Mumbai;14
OEN India;3.6;82;Private;52;3000;Kochi;8
Impresario Entertainment;4.2;82;Private;19;3000;Mumbai;8
Konica Minolta Business;4.4;82;Private;10;350;Gurgaon;22
Lohia;3.8;82;Public;39;3000;Kanpur;8
Joannou & Paraskevaides;4.2;82;Public;59;10000;Guernsey;8
Sumitomo Chemical;4.2;82;Private;95;10000;Tokyo;25
Unibic Foods;4.0;82;Private;16;750;Bangalore;19
CRPF;4.6;82;Other;81;10000;New Delhi;18
Aamby Valley City;4.2;82;Public;17;3000;Pune;4
Vision India Services;4.2;82;Private;12;750;New Delhi;25
SHYAM METALICS AND ENERG;3.5;82;Private;18;3000;Kolkata;3
Ajax Fiori Engineering;4.1;82;Private;28;3000;Bengaluru;18
Sanjeev Auto Parts Manuf;4.1;82;Unknown;32;750;Aurangabad;0
Belstar Investment and F;4.2;82;Unknown;32;750;Chennai;23
Satguru Travels and Tour;3.6;82;Private;31;3000;Dubai;13
Sri Gopikrishna Infrastr;4.1;82;Unknown;15;350;Hyderabad;14
SONATRACH;4.2;82;Other;57;10000;Algiers;0
Aris Global Software;3.0;81;Private;33;3000;Coral Gables;0
Vodafone South;4.3;81;Private;25;10000;Hyderabad;28
The Professional Courier;3.8;81;Private;34;7500;Navi Mumbai;27
Binani Cement;4.1;81;Unknown;24;3000;Mumbai;14
Indus Net Technologies;3.5;81;Private;23;750;Kolkata;0
Jindal Group Of Companie;3.3;81;Private;68;10000;New Delhi;15
Supreme Infrastructure;3.2;81;Public;37;750;Mumbai;12
Luxor Writing Instrument;4.0;81;Private;57;3000;New Delhi;16
IIT Madras;4.4;81;Private;61;7500;Chennai;0
HFCL;4.3;81;Public;33;3000;New Delhi;33
Konecranes;4.0;81;Private;26;10000;Hyvinkää;10
Shriram Fortune Solution;4.0;81;Private;33;7500;Gurugram;39
Blue Cross Laboratories;4.2;81;Unknown;40;3000;Mumbai;18
Spear Logistics;3.9;81;Private;19;3000;Pune;13
Rajdeep Buildcon;3.9;81;Private;28;3000;Pune;12
Invensis Technologies;3.5;81;Private;20;3000;Bangalore;2
NIELIT;3.9;81;Private;26;3000;New Delhi;25
RV Solutions;4.0;81;Private;12;350;Noida;14
Chiripal Industries;4.0;81;Public;32;10000;Ahmedabad;3
Igarashi Motors;4.1;81;Public;28;3000;Chennai;0
Faiveley Transport;4.0;81;Private;151;10000;Pittsburgh;5
Lifelong India;3.9;81;Private;24;3000;New Delhi;3
Buzzworks Business Servi;4.0;81;Private;19;3000;Chennai;14
Thyssenkrupp Industrial;4.1;81;Unknown;161;10000;Essen;6
RDC Concrete (India);4.1;81;Private;27;350;Thane;16
TCI Supply Chain Solutio;4.2;81;Private;62;7500;Gurgaon;20
Jeena & Company;3.9;81;Private;;750;Mumbai;16
Ghatge Patil Industries;4.0;81;Private;60;3000;Kolhapur;4
Suburban Diagnostics;3.8;81;Private;26;750;Mumbai;8
360 Realtors;3.6;81;Unknown;6;750;Gurugram;16
Virchow Biotech;3.4;81;Private;21;750;Hyderabad;3
Insecticides India;4.2;81;Public;18;3000;New Delhi;17
Hermes I Tickets;3.8;81;Private;14;7500;Chennai;16
Shriram Automall;4.0;81;Private;9;750;New Delhi;37
J.K. Helene Curtis;3.8;81;Private;56;350;Mumbai;22
Franciscan Solutions;2.9;81;Private;13;3000;Greater Noida;12
Vacmet India;4.1;81;Public;27;750;Agra;8
International Paper APPM;4.2;81;Public;56;3000;Hyderabad;3
SRR Projects;3.8;81;Private;14;3000;Hyderabad;5
UNICEF;4.5;81;Private;74;10000;New York;27
Hipower Support Center;3.5;81;Private;9;3000;Noida;0
Target Engineering Const;4.3;81;Private;45;10000;Abu Dhabi;6
CG Foods;4.2;81;Private;36;750;Lalitpur;15
RS infra Projects;4.1;81;Unknown;15;750;Noida;11
Banaras Hindu University;4.1;81;Private;104;10000;Varanasi;9
Anudip Foundation;3.6;81;Unknown;13;350;Kolkata;13
Lalitpur Power Generatio;3.9;81;Private;57;3000;Mumbai;2
The Oriental Insurance C;4.2;81;Unknown;73;10000;Mumbai;33
Naandi Foundation;4.1;81;Private;22;750;Hyderabad;23
Don Bosco Tech Society;4.2;81;Private;14;750;New Delhi;32
Vishal Retail;3.9;80;Unknown;19;3000;New Delhi;29
Indian Institute of Scie;4.7;80;Unknown;111;3000;Bengaluru;0
Nirmal Bang;3.7;80;Private;34;3000;Mumbai;16
Sterlite Industries;4.2;80;Public;32;3000;Pune;9
Zoho;4.3;80;Private;24;7500;Austin;1
Madura Garments;4.3;80;Private;32;10000;Bangalore;22
Archies;3.9;80;Public;30;3000;New Delhi;19
The Indian Hotels Compan;4.2;80;Private;121;10000;Mumbai;16
Tejas Networks;4.1;80;Public;20;750;Bangalore,Karnataka,India;8
Neyveli Lignite Corporat;4.5;80;Private;64;10000;Chennai;5
SeQuent Scientific;3.6;80;Public;18;3000;Mumbai;7
MeritTrac Services;4.1;80;Private;20;750;Bengaluru;8
Sun Direct TV;4.3;80;Private;13;750;Chennai;22
Gaursons India;3.9;80;Public;25;750;Ghaziabad;5
Ascent Consulting Servic;3.2;80;Private;18;750;Bengaluru;5
MSP Steel & Power;4.0;80;Public;52;3000;Kolkata;6
Regalix;3.5;80;Private;15;750;Palo Alto;1
Sigma;3.6;80;Private;37;350;Altidona;20
Securitrans India;3.9;80;Private;22;3000;New Delhi;25
Chemtrols Industries;3.7;80;Private;45;750;Mumbai;13
NIMS University;3.9;80;Unknown;12;3000;Jaipur;8
TIAA;3.3;80;Private;102;10000;New York;0
Marine Electricals;3.5;80;Private;42;750;Mumbai;7
Triveni Turbines;4.0;80;Public;52;7500;Bengaluru;5
Ansal Housing & Construc;4.1;80;Public;37;750;New Delhi;11
IKYA;4.1;80;Unknown;13;10000;Bangalore;33
Eaton Fluid Power;4.3;80;Private;109;10000;Cleveland;3
AGI Glaspac;4.0;80;Private;48;3000;Hyderabad;2
Kiran Motors;3.7;80;Private;34;750;Ahmedabad;8
Iol Chemicals & Pharmace;3.8;80;Private;34;750;Ludhiana;2
Marathon Realty;4.3;80;Private;51;350;Mumbai;3
SMR Automotive Systems I;4.1;80;Private;85;10000;Stuttgart;7
Olam Agro India;3.8;80;Private;28;3000;Singapore;16
TÜV NORD;4.0;80;Private;151;10000;Hanover;10
Micromatic Machine Tools;4.3;80;Unknown;47;750;Bengaluru;17
Weavetex Overseas;3.5;80;Unknown;51;3000;New Delhi;3
Suhail Bahwan Automobile;3.5;80;Unknown;16;10000;Muscat;5
Kiswok Industries;3.4;80;Private;23;750;Kolkata;0
RASI SEEDS;4.4;80;Private;47;750;Coimbatore;28
Arabian Bemco Contractin;4.6;80;Unknown;52;10000;Jeddah;10
Allen Solly;4.6;80;Public;27;750;Bengaluru;22
Seco Tools;4.7;80;Private;86;3000;Fagersta;0
Maxop Engineering Co.;4.0;80;Unknown;17;750;New Delhi;4
JK Agri Genetics;3.9;80;Public;31;10000;Hyderabad;24
Brawn Laboratories;3.3;80;Private;32;750;Gurugram;5
Kef Infrastructure India;4.1;80;Private;6;3000;Bangalore;6
King George's Medical Un;4.3;80;Private;115;7500;Lucknow;3
Maxxis Rubber;3.3;80;Unknown;53;750;Ahmedabad;1
Shirdi Sai Electricals;3.8;80;Unknown;26;3000;Hyderabad;12
Sovereign Health;3.0;80;Private;11;750;San Clemente;2
Virbac Animal Health;4.3;80;Private;52;3000;Fort Worth;27
Mars;4.2;80;Private;129;10000;McLean;15
The Indian Express;4.0;79;Private;88;7500;Noida;19
Teamware Solutions;3.6;79;Private;17;3000;Chennai;6
SRM Technologies Pvt.Ltd;3.6;79;Private;22;3000;Chennai;2
Tyco Fire & Security;4.4;79;Unknown;28;3000;Abu Dhabi;14
Cleartrip;3.8;79;Private;14;750;Mumbai;6
DiTech Process Solutions;4.0;79;Private;12;350;Mumbai;5
Landis+Gyr;3.7;79;Public;124;3000;South Sydney;6
Ansal Properties & Infra;3.7;79;Public;53;3000;New Delhi;9
EQUATE PETROCHEMICAL COM;4.6;79;Unknown;25;3000;Ahmadi;4
SHV Energy;3.7;79;Private;124;10000;Hoofddorp;18
Jindal India;3.8;79;Public;68;3000;Kolkata;10
ACG Worldwide;3.8;79;Private;56;3000;Mumbai;4
Government Polytechnic N;4.2;79;Private;106;126;Nagpur;37
Prakash Industries;4.1;79;Public;40;3000;New Delhi;19
Nippon Express;4.3;79;Public;83;10000;Tokyo;15
JBS Enterprises;3.7;79;Unknown;33;3000;Thane;15
Li & Fung;4.1;79;Private;114;10000;Kowloon;6
Magnasoft Consulting Ind;2.9;79;Private;20;3000;Bengaluru;6
Megafine Pharma;4.0;79;Private;25;750;Mumbai;3
Mahindra Lifespace Devel;3.9;79;Public;26;350;Mumbai;10
Muthoot Capital Services;4.0;79;Public;26;3000;Kochi;35
Sequel Logistics;3.9;79;Private;16;3000;Bengaluru;21
DSK Toyota;4.6;79;Unknown;;350;Pune;5
Aditya Birla Memorial Ho;3.8;79;Private;17;3000;Pune;1
Venus Industrial Corpora;4.0;79;Private;48;3000;Faridabad;13
Meenakshi Polymers;3.7;79;Private;31;750;Gurugram;10
UGC Supply Chain Solutio;3.9;79;Private;21;3000;Pune;10
Government of West Benga;3.8;79;Private;73;10000;Howrah;7
Cliantha Research;4.0;79;Public;16;750;Ahmedabad;4
Hindustan Field Services;4.4;79;Private;;750;Mumbai;23
Acme Generics LLP;3.7;79;Unknown;15;3000;Solan;3
PharmEasy;3.4;79;Unknown;5;3000;Mumbai;3
Keppel Offshore & Marine;4.3;79;Private;22;3000;Singapore;7
Him Teknoforge;3.8;79;Public;39;3000;Chandigarh;5
Oakridge International S;4.2;79;Private;19;3000;Hyderabad;6
Dee Vee Projects;3.9;79;Private;31;350;Raipur;10
Kazo Fashion;3.5;79;Private;13;350;Noida;21
Desun Hospital & Heart I;3.2;79;Unknown;12;3000;Kolkata;4
Qdegrees Services;4.0;79;Unknown;7;350;Jaipur;13
Tokai Rubber Auto Parts;3.8;79;Private;12;126;Bengaluru;3
Bharti AXA General Insur;3.7;78;Unknown;12;10000;Mumbai;29
Bonanza Portfolio;3.5;78;Private;26;3000;New Delhi;22
Binary Semantics;3.3;78;Private;34;3000;Gurugram;4
Thirdware Solutions;4.0;78;Private;25;3000;Plymouth;0
AGC Networks;3.9;78;Public;34;3000;Mumbai;10
Religare;3.9;78;Public;36;7500;Noida;33
Goibibo;4.1;78;Private;11;750;Gurugram;8
Forbes & Company;4.3;78;Private;255;10000;Mumbai;14
Wave Infratech;4.0;78;Private;12;7500;Noida;10
Indus Motors;4.1;78;Private;36;7500;Kochi;14
Parsvnath Developers;3.3;78;Public;30;3000;Delhi;9
Inventia Healthcare;4.0;78;Private;35;750;Mumbai;3
Cadsys;3.9;78;Public;31;750;Ratnagiri;0
RSM Astute Consulting;3.4;78;Private;56;3000;Mumbai;14
Eastman Auto & Power;3.0;78;Public;20;3000;Gurgaon;12
Transpek-silox Industry;4.2;78;Public;19;3000;Vadodara;1
MahaOnline;4.0;78;Public;10;750;Mumbai;15
Pyrotech Electronics;3.5;78;Private;44;3000;Udaipur;5
Khanna Paper Mills;4.4;78;Private;35;750;Gurgaon;7
Peninsula Land;4.3;78;Public;23;350;Mumbai;5
LM Wind Power;4.0;78;Private;80;10000;Unknown;0
Franco-Indian Pharmaceut;4.0;78;Private;71;3000;Mumbai;15
Tata Institute of Social;4.0;78;Private;84;750;Mumbai;20
Nuberg Engineering;3.4;78;Private;24;750;Noida;4
C.G. Marketing;4.0;78;Private;6;750;Kowloon;13
Gruh Finance;4.1;78;Public;32;750;Kolkata;35
Billabong High Internati;3.6;78;Unknown;16;350;Bhopal;10
Aster Medcity;4.1;78;Private;5;3000;Kochi;1
Innovision;3.7;78;Private;13;10000;Gurgaon;23
CDM Smith;4.2;78;Private;73;7500;Boston;20
Singareni Collieries Com;4.1;78;Private;100;7500;Hyderābād,India;8
Global Consumer Products;4.0;78;Private;6;750;Bengaluru;22
Texspin Bearings;4.3;78;Private;59;3000;Ahmedabad;5
Bharat Benz;4.3;78;Private;9;3000;Chennai;31
Feedback Energy Distribu;4.0;78;Private;8;7500;Gurugram;11
Med Manor Organics;3.3;78;Private;22;3000;Hyderabad;19
Som Autotech;3.9;78;Private;9;750;Aurangabad;2
Emirates Flight Catering;4.3;78;Unknown;38;10000;Dubai;7
Allianz Worldwide Partne;3.8;78;Unknown;6;10000;Saint-Ouen;4
O2 Spa;3.0;78;Private;13;750;Hyderabad;15
Capital small Finance ba;4.2;78;Unknown;4;3000;Jalandhar;19
Koyo Bearings India;4.3;78;Private;13;10000;Gurgaon;2
North East Small Finance;3.9;78;Private;4;3000;Guwahati;11
Kinapse;4.2;78;Private;15;750;Farnborough;1
Mindteck;3.0;77;Public;29;3000;Bangalore;5
Computer Technologies;4.2;77;Private;27;350;Pune;37
Yardi Software India;3.7;77;Unknown;36;3000;Santa Barbara;0
Makino;4.4;77;Private;83;3000;Mason;7
Smart Chip;3.9;77;Private;24;750;Noida;22
Thomson Press India;4.1;77;Private;53;3000;Faridabad;7
Crest Premedia Solutions;3.6;77;Private;14;750;Pune;0
Health India Tpa Service;3.5;77;Private;18;350;Mumbai;13
Sahara India Financial C;4.0;77;Unknown;;10000;Kolkata;31
Sangeetha Mobile;4.2;77;Unknown;46;3000;Bengaluru;15
Stelmec;3.5;77;Public;36;3000;Mumbai;7
Tsys Card Tech Services;4.0;77;Unknown;132;;Columbus;5
Sakata Inx;4.2;77;Private;26;350;Gurugram;7
Stanley Black & Decker;3.5;77;Private;177;10000;New Britain;10
Zee Media Corporation;3.8;77;Public;21;3000;Noida;9
Dorf Ketal Chemicals;3.9;77;Private;28;750;Houston;13
Cavisson Systems;3.5;77;Private;15;750;Santa Clara;0
Sudhir Power;3.9;77;Private;47;3000;Gurugram;14
KNR Constructions;3.9;77;Public;25;3000;Hyderabad;11
Vashi Electricals;4.2;77;Private;42;750;Mumbai;13
Dev Information Technolo;3.7;77;Public;23;750;Ahmedabad;20
Jaslok Hospital and Rese;3.8;77;Private;47;3000;Mumbai;4
IndustryBuying.com;3.1;77;Private;7;750;Delhi;8
Plada Infotech Services;3.9;77;Private;14;3000;Mumbai;19
EXEDY;4.0;77;Private;97;10000;Keysborough;5
Parul University;3.8;77;Unknown;5;3000;Vadodara;4
Studds Accessories;3.6;77;Private;45;3000;Faridabad;2
S.M. Consultants;3.5;77;Private;21;750;Bhubaneswar;14
AVRA Laboratories;4.1;77;Unknown;25;750;Hyderabad;1
Energy Efficiency Servic;4.3;77;Private;11;750;New Delhi;23
JSG Innotech;3.8;77;Unknown;9;350;Kundli;4
Halonix Technologies;4.2;77;Private;29;3000;Noida;18
Ankur Seeds;4.2;77;Private;44;750;Nagpur;18
Reliance Jewels;4.1;77;Private;13;7500;Mumbai;30
Advantage One Tax Consul;3.8;77;Unknown;17;750;Sterling;0
SPIE Oil & Gas Services;4.2;77;Private;16;3000;Cergy- Pontoise;7
Dezire Research;4.7;77;Unknown;4;350;Indore;0
N+A;3.3;76;Unknown;;;Los Angeles;19
Polaris;3.5;76;Private;9;10000;Faridabad;9
GAVS Technologies;3.3;76;Private;22;3000;Princeton;5
Precision Techserve;3.4;76;Private;24;3000;Chennai;26
Allergan;3.9;76;Private;72;10000;Dublin;18
Henkel;4.1;76;Private;144;10000;Dusseldorf;14
Gini & Jony;3.5;76;Private;40;3000;Mumbai;19
Dynamatic Technologies;3.5;76;Public;47;3000;Bengaluru;2
Capricorn Logistics;3.6;76;Private;19;3000;Mumbai;14
Vyom Labs;3.2;76;Private;17;750;Pune;1
Adcock Ingram;4.0;76;Unknown;130;3000;Midrand;7
Raheja Developers;3.6;76;Public;30;350;Gurugram;3
eTouch Systems;2.6;76;Private;22;750;California;3
Convergent Communication;3.8;76;Private;19;3000;Bengaluru;17
Ciron Drugs & Pharmaceut;2.8;76;Private;54;750;Mumbai;5
Highway Industries;4.2;76;Private;49;3000;Ludhiana;4
Reliance Defence And Eng;3.5;76;Private;23;7500;Mumbai;8
Hicare Services;3.9;76;Private;16;3000;Mumbai;21
Star Engineers India;4.0;76;Private;32;3000;Pune;5
Spark Engineering;3.8;76;Private;31;126;Ghaziabad;15
Citrus Hotels;4.5;76;Private;12;3000;Mumbai;14
Brand Factory;4.0;76;Unknown;14;750;Mumbai;17
Indchemie Health Special;3.9;76;Private;34;750;Mumbai;20
Indo Nissin Foods;4.1;76;Private;32;750;Bengaluru;16
Fleet Management;4.0;76;Private;26;10000;Wong Chuk Hang;11
KPR Mill;4.2;76;Public;36;10000;Coimbatore;7
Sims Hospital;3.9;76;Private;8;3000;Chennai;5
Webtel Electrosoft;3.7;76;Unknown;20;350;New Delhi;8
IM Gears;3.8;76;Unknown;55;750;Chennai;1
Leayan Global;4.0;76;Private;25;3000;Kanpur;13
Rajesh Motors;4.0;76;Private;40;3000;Jaipur;7
Neosym Industry;3.8;76;Private;88;10000;Pune;4
Centre For Sight;3.9;76;Private;24;750;New Delhi;11
Technocon Services;3.5;76;Unknown;38;750;Kolkata;10
Ang India;3.4;76;Unknown;42;350;Noida;16
Milk Mantra Dairy;3.6;76;Private;11;750;Bhubaneswar;6
Ritz-Carlton;4.5;76;Private;37;10000;Maryland;8
Al Tasnim Enterprises;3.5;76;Private;44;10000;Muscat;4
Asian Heart Institute an;2.6;76;Private;18;350;Mumbai;0
Nesma Trading;4.2;76;Private;16;7500;Al Khobar;8
Achievers Spot;5.0;76;Unknown;10;;Chennai;0
MTS;4.7;75;Private;16;10000;Eden Prairie;32
Bharti Retail;4.4;75;Private;44;7500;New Delhi;30
Bitwise Solutions;3.9;75;Private;24;3000;Chicago;0
Fabtech Projects & Engin;3.6;75;Private;28;750;Pune;5
OPERATIONAL ENERGY GROUP;3.5;75;Private;18;3000;Chennai;17
LearningMate Solutions;3.6;75;Private;17;750;New York;1
Absotherm Facility Manag;4.3;75;Private;10;7500;Thane;14
Oxford University Press;3.8;75;Private;542;7500;Oxford;23
Rasandik Engineering Ind;3.6;75;Public;34;750;Gurgaon;6
Eros Group;4.0;75;Private;80;3000;New Delhi;9
Timex Group India;4.2;75;Public;166;7500;Noida;15
Roulunds Braking;3.7;75;Private;284;3000;Odense;2
Rittal;4.1;75;Private;59;10000;Herborn;8
ARSS Infrastructure Proj;3.6;75;Public;20;750;New Delhi;10
Oceaneering Internationa;3.5;75;Private;51;10000;Houston;0
Samarth LifeSciences;3.8;75;Unknown;23;750;Maharashtra;15
Ace Designers;4.2;75;Private;41;750;Bangalore;0
Bangalore International;4.4;75;Private;12;750;Bengaluru;4
St. Mary's School;3.9;75;Private;155;750;Medford;22
Nexval Infotech;3.3;75;Private;11;750;Kolkata;0
PaySquare Consultancy;4.0;75;Private;20;750;Pune;1
RNF Technologies;4.0;75;Private;11;350;Noida;0
Biostadt;4.3;75;Private;34;3000;Mumbai;24
Rain Cements;3.8;75;Unknown;;3000;Mumbai;14
India Power Corporation;3.5;75;Public;101;750;Kolkata;4
Cholayil;4.2;75;Private;51;750;Chennai;11
Sun Vacuum Formers;4.0;75;Unknown;34;126;New Delhi;1
Karam Industries;4.2;75;Private;22;3000;Noida;11
Doosan Heavy Industries;4.3;75;Private;58;7500;Seoul;10
Synophic Systems;3.8;75;Private;11;350;Cupertino;16
Moon Beverages;3.8;75;Public;33;750;New Delhi;4
Pacific Cyber Technology;3.6;75;Unknown;5;3000;Mumbai;4
SGT University;3.4;75;Private;7;3000;Gurugram;2
HealthSpring;3.2;75;Private;10;3000;Mumbai;7
AL-SUWAIDI INDUSTRIAL SE;4.3;75;Private;60;7500;Dammam;8
SEDER GROUP;4.0;75;Unknown;39;10000;Riyadh;6
Gangar Eyenation;3.9;75;Private;43;750;Mumbai;12
NSL Sugars;4.1;75;Private;47;7500;Hyderabad;9
Nippon Koei India;4.5;75;Private;12;3000;New Delhi;17
Walsons Facility Solutio;4.0;75;Private;15;10000;Gurgaon;13
Choice Solutions (India);3.7;74;Private;29;750;Hyderabad;8
Indu Projects;4.3;74;Private;19;7500;Hyderabad;12
Saipem India Projects;4.2;74;Unknown;63;10000;San Donato Milanese;1
GE Oil & Gas;4.2;74;Private;25;10000;Coimbatore;10
Furnace Fabrica India;4.3;74;Private;;750;Mumbai;9
Vodafone Spacetel;4.3;74;Private;23;10000;New Delhi;19
Iris Software;2.8;74;Private;24;3000;Edison;1
Chhatrapati Shivaji Inte;4.0;74;Unknown;78;;Mumbai;0
Autoline Industries;3.8;74;Public;24;3000;Pune;6
Kitex Garments;3.6;74;Public;28;7500;Ernakulam;2
Ortel Communications;3.1;74;Public;25;3000;Bhubaneswar;15
Unilog Content Solutions;4.0;74;Private;22;750;Bengaluru;1
Interarch Building Produ;4.3;74;Private;36;3000;Noida;9
ecare India;3.7;74;Private;20;3000;Chennai;1
Kantar Operations;3.6;74;Unknown;27;10000;London;16
John Energy;3.9;74;Unknown;33;750;Ahmedabad;7
Ayoki Fabricon;3.9;74;Private;36;750;Pune;1
Symphony;4.2;74;Public;32;3000;Ahmedabad;29
Suresh Surana & Associat;3.5;74;Unknown;36;350;Mumbai;11
Madura Fashion & Lifesty;4.4;74;Private;32;10000;Mumbai;22
PIX Transmissions;3.9;74;Public;39;3000;Nagpur;3
Agarwal Packers & Movers;3.7;74;Public;33;7500;Secunderabad;20
JM Financial;4.2;74;Public;47;3000;Mumbai;16
ESDS Software Solutions;3.9;74;Private;15;750;Nashik;6
PARAGON POLYMER PRODUCTS;4.2;74;Unknown;45;7500;Kottayam;14
Vijay Tanks & Vessels;4.4;74;Private;64;3000;Sankarda;4
Confidence Petroleum Ind;3.4;74;Public;27;750;Nagpur;17
Newgen Knowledge Works;3.8;74;Private;24;3000;Chennai;6
Ultra Engineers;3.9;74;Unknown;29;750;Pune;2
Chambor;4.2;74;Unknown;26;;Mumbai;21
NBCC;4.2;74;Private;60;3000;New Delhi;18
WaterHealth Internationa;3.5;74;Private;14;750;Irvine;7
Special Technical Servic;4.2;74;Unknown;40;7500;Muscat;3
STYLAM Industries;3.0;74;Public;29;750;Chandigarh;15
Amps Electrical Facility;3.6;74;Unknown;21;10000;Dubai;11
Star Agriwarehousing and;4.1;74;Unknown;14;750;Mumbai;34
ANEWA Engineering;3.6;74;Unknown;14;350;Hyderabad;0
Arun Excello;4.0;74;Unknown;33;750;Chennai;0
PureSoftware;3.4;74;Unknown;15;750;Noida;4
EASi;3.6;74;Private;39;3000;Hanover;4
Kovai Medical Center and;4.1;74;Unknown;35;3000;Coimbatore;3
St Regis;4.3;74;Private;116;7500;New York;3
Elsamex Maintenance Serv;4.2;74;Private;;350;Ahmedabad;22
T.R. Sawhney Motors;3.3;74;Private;33;350;New Delhi;7
Rahman Industries;4.1;74;Unknown;39;750;Kanpur;4
Maharaja Agrasen Hospita;3.8;74;Unknown;29;350;New Delhi;6
COSMO Infrasolutions;4.0;74;Unknown;20;750;Jaipur;10
Npcc;4.1;74;Public;63;10000;Gurgaon;8
Coslight India Telecom;3.8;74;Private;13;350;Gurugram;19
Unicorn Infosolutions;3.8;74;Unknown;18;750;Mumbai;10
Namaste India Foods;4.1;74;Unknown;10;10000;Kanpur;11
Dar Al Riyadh Consultant;4.5;74;Private;45;3000;Riyadh;6
Hamleys;4.1;74;Private;260;10000;London;19
Institute of Language Ma;4.1;74;Unknown;19;3000;Bengaluru;4
Qd-sbg Construction;4.4;74;Unknown;10;7500;Doha;2
Exilant Technologies;3.6;73;Private;16;3000;Bengaluru;1
QA InfoTech;3.4;73;Private;17;3000;Noida;1
Neilsoft;3.3;73;Private;27;750;Pune;2
Indian Institute of Mana;4.4;73;Unknown;;;Visakhapatnam;13
TIBCO Software;4.0;73;Private;23;3000;Palo Alto;1
The Saraswat Co-operativ;4.2;73;Public;102;3000;Mumbai;13
Xento Systems;3.9;73;Private;13;750;Pune;0
Groupm Media;3.9;73;Unknown;17;10000;New York;3
Sabre;3.7;73;Private;60;7500;South Lake;3
Cgi Info Systems;4.2;73;Unknown;44;10000;Montreal;2
ITW India;4.1;73;Private;108;10000;Glenview;10
Aker Powergas;3.8;73;Private;179;10000;Fornebu;1
Hidesign;3.4;73;Private;42;750;Pondicherry;14
Ad2Pro Media Solutions;3.7;73;Unknown;14;3000;Bangalore;1
NHPC;4.3;73;Private;45;10000;New Delhi;7
HEG;4.1;73;Public;48;3000;Noida;2
Hyva;3.5;73;Unknown;41;3000;Mumbai;6
Imarque Solutions;3.3;73;Private;15;750;Chennai;4
Rochem Separation System;4.0;73;Unknown;29;750;Mumbai;10
DLF Brands;4.1;73;Private;12;3000;New Delhi;10
Oil India;4.2;73;Private;61;10000;Noida;13
Techwave Consulting;3.1;73;Private;16;3000;Houston;0
Baxter Healthcare (Suzho;3.7;73;Public;89;10000;Deerfield;8
Indwell;4.1;73;Unknown;43;126;Vijayawada;11
Myoung Shin India Automo;4.0;73;Private;14;126;Chennai;1
Uneecops Technologies;3.8;73;Private;24;750;New Delhi;8
Autocomp Corporation Pan;3.8;73;Private;37;350;Pune;6
Ratnamani Metals and Tub;4.4;73;Public;37;3000;Ahmedabad;5
Hays Business Solutions;3.2;73;Unknown;52;7500;London;1
Viraj Projects;3.3;73;Private;19;350;Pune;6
WEG;3.7;73;Private;59;10000;Karnataka;2
Aster Dm Healthcare;3.9;73;Public;33;10000;Dubai;7
Dataflow Group;3.7;73;Private;14;750;Dubai;3
IKF Finance;3.8;73;Public;29;750;Hyderabad;19
TAJSATS AIR CATERING;4.2;73;Unknown;18;750;Mumbai;5
Mediterranean Shipping C;4.3;73;Private;50;10000;Geneva;14
Benteler Automotive;4.3;73;Private;144;10000;Salzburg;2
Radiant Export;4.1;73;Unknown;29;350;Noida;1
Rashtriya Chemicals and;4.6;73;Private;42;3000;Mumbai;8
Lohia Auto Industries;3.5;73;Private;12;350;New Delhi;6
Della Adventure Resort;3.3;73;Private;29;3000;Lonavla;6
Sterling;3.8;73;Private;;3000;Sunrise;18
Indian School Finance Co;4.3;73;Unknown;12;350;New Delhi;30
Dixcy Textiles;4.4;73;Private;38;3000;Bengaluru;17
Sendan International Co;3.9;73;Private;26;3000;Al Jubail;5
Danone;4.0;73;Private;101;10000;Paris;21
Organic India;3.9;73;Private;23;750;New Delhi;18
Akorn;4.5;73;Private;49;3000;Illinois;5
Kommineni Infotech;2.8;73;Private;22;3000;Hyderabad;21
Piramal Swasthya;3.7;73;Unknown;13;3000;Hyderabad;17
Yara Fertilisers;4.1;73;Unknown;115;10000;Oslo;15
Spark Minda;3.9;73;Public;62;10000;Gurgaon;16
Nalco Water An Ecolab;4.0;73;Public;92;10000;Naperville;13
Maharashtra state Electr;4.1;73;Private;15;7500;Mumbai;15
Gaja Engineering;4.4;73;Private;9;350;Hyderabad;5
Delhi Police;4.2;73;Private;159;10000;New Delhi;9
RevoKarmaHub Software An;3.7;73;Unknown;5;750;Vadodara;0
GETIT Infoservices;3.3;72;Private;34;3000;New Delhi;19
Bahwan CyberTek;3.4;72;Private;21;3000;Chennai;5
RS Software;3.7;72;Public;33;750;Milpitas;1
PayPal;4.1;72;Private;22;10000;San Jose;1
HP Enterprise Services;4.1;72;Private;;10000;Bhubaneswar;8
Akamai Technologies;4.4;72;Private;22;7500;Cambridge;1
Capco Technologies;3.5;72;Unknown;22;3000;London;2
IMS People;3.8;72;Private;14;3000;Ahmedabad;13
Ciena;4.3;72;Private;28;7500;Maryland;5
Aneja Associates;3.7;72;Private;39;350;Mumbai;6
Hindustan Media Ventures;4.1;72;Public;102;10000;New Delhi;22
R.K.M Powergen;4.0;72;Private;16;350;Chennai;1
Delta Power Solutions;4.6;72;Private;49;10000;Taiwan;10
Manipal University;4.1;72;Private;67;3000;Manipal;4
Jaguar Land Rover;4.1;72;Private;12;10000;Coventry;20
State Street Global Advi;3.7;72;Private;42;3000;Boston;1
Expert Global Solutions;3.5;72;Unknown;29;10000;Aurangabad;3
Kalindee Rail Nirman (E);3.8;72;Public;36;750;New Delhi;12
Toyota Kirloskar Auto Pa;4.5;72;Unknown;18;7500;Bangalore;1
National Steel & Agro In;3.9;72;Private;35;750;Indore;5
Creative Synergies Group;2.9;72;Private;9;750;Okemos;0
KEM Hospital;4.2;72;Private;94;750;Mumbai;0
Health & Glow;4.3;72;Unknown;23;3000;Bengaluru;5
Daebu Automotive Seat;3.8;72;Unknown;14;350;Chennai;2
XL Catlin;3.5;72;Public;34;7500;Stamford;1
Gawar Construction;4.1;72;Unknown;;350;Gurgaon;10
Swastika Investmart;3.6;72;Public;28;3000;Indore;27
Bengal Beverages;3.4;72;Private;36;750;Dankuni;1
Guardian India Operation;3.5;72;Private;160;3000;Chennai;1
Arihant Publications;3.4;72;Private;23;3000;Meerut;11
Y-Axis Overseas Careers;3.7;72;Private;21;750;Hyderabad;9
Yakult Danone India;4.0;72;Unknown;15;350;New Delhi;12
Matix Fertilisers & Chem;3.9;72;Private;11;750;Bardhaman;4
Teleindia Networks;3.8;72;Unknown;15;126;Bengaluru;7
TCPL Packaging;4.5;72;Public;33;3000;Mumbai;8
HDFC Credila Financial S;4.3;72;Private;14;350;Mumbai;12
Eicher Polaris;3.9;72;Unknown;8;350;Kukas;6
R L Fine Chem;3.6;72;Private;36;350;Bangalore;1
Schott Kaisha;4.0;72;Private;30;3000;Mumbai;3
Modern Automotives;3.8;72;Private;16;3000;Chandigarh;6
Swaraj Engines;4.3;72;Public;31;750;Mohali;3
Toyotetsu india auto par;4.4;72;Private;;10000;Bengaluru;1
Sv Edusports;4.1;72;Private;11;350;Bangalore;18
Shaze Luxury Retail;3.1;72;Unknown;10;126;Mumbai;5
Q Way Technologies;3.3;72;Unknown;10;3000;Princeton;0
Excel It Service;3.9;72;Private;4;350;Faridabad;19
World Health Organizatio;4.1;72;Private;72;3000;Geneva;31
VAYA Finserv;4.4;72;Unknown;6;3000;Hyderabad;15
Eye-Q Super Speciality E;4.2;72;Unknown;13;750;Gurugram;18
Lyrus Life Science;3.6;72;Private;5;350;Bengaluru;0
BDO India LLP;3.5;72;Unknown;47;3000;New Delhi;8
Enercon;4.4;71;Private;36;10000;Aurich;16
IVY Comptech;3.9;71;Private;19;3000;Hyderabad;0
Applied Materials;4.0;71;Private;53;10000;Santa Clara;3
ICAI;4.0;71;Private;71;750;New Delhi;20
Sqs Bfsi;3.7;71;Private;16;10000;Cologne;4
Test Yantra Software Sol;3.2;71;Public;13;3000;Bengaluru;2
Syntel International;3.8;71;Unknown;;10000;Mumbai;4
Development Consultants;3.8;71;Private;70;750;Kolkata;4
S.S. Kothari Mehta & Co;3.8;71;Private;67;350;New Delhi;4
British Airways;3.7;71;Private;101;10000;Harmondsworth;5
Onkar Infotech;3.0;71;Private;20;350;Gurugram;1
SECON Private Limited Ba;3.9;71;Private;39;3000;Bangalore;7
Foray Software;3.7;71;Private;9;3000;Hyderabad;4
TATWA Technologies;3.9;71;Private;18;3000;Bhubaneswar;5
Pacific India;3.6;71;Private;24;3000;New Delhi;16
Fortune Marketing;3.5;71;Private;26;350;New Delhi;11
Mutual Industries;3.8;71;Unknown;41;750;Mumbai;9
Terex;4.1;71;Private;34;10000;Westport;12
MyCar;4.1;71;Private;15;3000;Pune;13
Mafatlal Industries;4.2;71;Public;115;3000;Mumbai;8
Gufic Biosciences;3.8;71;Public;50;750;Mumbai;13
Magma Housing Finance;4.0;71;Unknown;31;7500;Kolkata;30
Kapil Chit Funds;3.7;71;Private;39;10000;Hyderabad;22
Sarvodaya Hospital And R;4.2;71;Unknown;29;750;Faridabad;5
Mylan Pharmaceuticals;3.8;71;Private;59;10000;Canonsburg;16
Essae Digitronics;4.1;71;Private;24;3000;Bengaluru;15
Oriental Aromatics;3.6;71;Public;65;;Mumbai;3
Sadhu Forging;4.1;71;Private;44;3000;Faridabad;3
SKS Ispat & Power;3.7;71;Private;20;350;Mumbai;3
Prothious Engineering Se;3.9;71;Private;15;3000;Mumbai;5
Sutures India;4.2;71;Private;28;3000;Bengaluru;16
Raksha TPA;3.5;71;Unknown;18;750;Faridabad;12
Nexteer Automotive;4.1;71;Private;114;10000;Auburn Hills;3
Quest Diagnostics;4.5;71;Private;53;10000;Secaucus;9
HLE Engineers;3.7;71;Private;39;750;Navsari;5
Greentech Industries;4.0;71;Unknown;12;3000;Nellore;1
The Indian Hume Pipe Co.;4.3;71;Public;94;3000;Mumbai;16
The Hershey Company;4.2;71;Private;126;10000;Hershey;16
Groz Engineering Tools;4.0;71;Private;44;3000;Gurugram;11
Mohani Tea Leaves;3.7;71;Private;27;750;Noida;13
Sparsh Hospital;4.1;71;Private;14;3000;Bangalore;7
Amrutanjan Health Care;4.0;71;Public;127;750;Chennai;17
Geno Pharmaceuticals;3.3;71;Unknown;45;3000;Goa;21
Reliance Footprint;4.1;71;Unknown;13;10000;Mumbai;30
Gujarat Co Operative Mil;4.4;71;Unknown;74;;Anand;29
Central Tool Room & Trai;4.3;71;Private;29;126;Bhubaneswar;5
Cape East;3.8;71;Unknown;;10000;Navi Mumbai;5
Makino Auto Industries;3.9;71;Private;30;750;Tokyo;4
International Automotive;3.8;71;Private;14;10000;Southfield,MI;5
Gautam Solar;3.4;71;Private;23;750;New Delhi;5
iMerit;3.6;71;Private;8;3000;Kolkata;1
MUNDRA SOLAR TECHNOPARK;4.1;71;Unknown;5;750;Ahmedabad;6
Tyco International;4.1;70;Unknown;60;10000;New Jersey;14
Southern Petrochemical I;4.3;70;Public;51;750;Chennai;5
UnitedHealthcare;3.9;70;Unknown;43;10000;Minnesota;8
Innominds Software;3.6;70;Private;22;3000;San Jose;2
NetAmbit Infosource & e-;3.6;70;Private;20;3000;Noida;10
Gitanjali Gems;3.4;70;Public;54;3000;Mumbai;9
International Travel Hou;3.9;70;Public;39;3000;Gurugram;12
Ninestars Information Te;3.6;70;Private;21;3000;Bangalore;7
Shore Infotech India;2.8;70;Private;13;750;New York;0
Hpcl;4.1;70;Public;68;10000;Mumbai;20
Shriram EPC;3.9;70;Public;20;750;Chennai;6
AT&S;3.7;70;Private;33;7500;Leoben;21
Envestnet Asset Manageme;3.8;70;Private;21;3000;Chicago;1
Desein;3.4;70;Private;55;750;New Delhi;9
Jasper Industries;4.2;70;Private;65;3000;Hyderabad;4
Hindware;4.2;70;Private;60;10000;Gurgaon;18
Festo;3.9;70;Private;95;10000;Esslingen;8
Enzen Global Solutions;3.7;70;Private;14;3000;Solihull;8
Encube Ethicals;4.0;70;Unknown;25;750;Mumbai;3
Danske It;2.7;70;Unknown;8;750;Bengaluru;0
Aegis Logistics;3.8;70;Public;64;350;Mumbai;9
ISRO Satellite Center;4.6;70;Unknown;44;10000;Bengaluru;3
Bry-Air (Asia);3.9;70;Private;39;3000;Gurugram;7
Borosil Glass Works;3.8;70;Public;58;3000;Mumbai;7
The Fern Residency;4.2;70;Private;;7500;Mumbai;16
YFC PROJECTS;4.1;70;Private;34;750;Gurugram;8
The Mission Hospital;4.4;70;Private;12;3000;Durgapur;10
Costa Coffee;4.3;70;Private;49;10000;Dunstable;13
Gujarat Alkalies & Chemi;4.4;70;Unknown;47;3000;Vadodara;2
Weatherford;4.3;70;Private;33;10000;Houston;10
Tbea Energy;4.0;70;Private;10;750;Karjan;7
Cotiviti;3.5;70;Private;41;3000;Atlanta;0
Jaipur Rugs;3.4;70;Private;42;350;Jaipur;3
Volvo Trucks;4.2;70;Private;92;10000;Gothenburg;13
Mitsubishi Elevators;4.0;70;Private;89;10000;Tokyo;13
TRL Krosaki Refractories;4.0;70;Unknown;62;3000;Odisha;7
Da Milano Leathers;3.8;70;Unknown;31;350;New Delhi;16
CNS Comnet;3.2;70;Private;15;7500;Gurugram;2
Walter Bushnell;3.3;70;Private;16;3000;Gurgaon;19
Barmalt Malting;4.0;70;Unknown;53;750;Gurgaon;3
Bellsonica Auto Componen;4.2;70;Unknown;;3000;Gurgaon;3
Harita Fehrer;4.2;70;Unknown;10;350;Chennai;3
Beri Udyog;3.8;70;Unknown;42;750;Haryana;7
General Energy Managemen;4.0;70;Private;21;350;Noida;23
Amcor Flexibles India;4.3;70;Private;156;10000;Zürich;10
AYTB;3.9;70;Private;41;7500;Al Jubail;4
Formel D;3.5;70;Private;27;10000;Troisdorf;9
Entab Infotech;3.3;70;Private;20;350;New Delhi;6
Orcapod Consulting Servi;2.6;70;Private;10;750;Mumbai;9
Emrill Services LLC;4.3;70;Unknown;18;7500;Dubai;2
Maharashtra Natural GAS;4.3;70;Private;14;126;Pune;2
Adani Green Energy;4.0;70;Private;5;10000;Ahmedabad;19
IKEA;4.1;70;Private;77;10000;Delft;7
Varthana;4.2;70;Private;7;350;Bengaluru;22
National Sample Survey O;4.0;70;Unknown;;350;Ahmedabad;36
Krsnaa Diagnostics;3.6;70;Unknown;10;10000;Pune;12
Unimark Remedies;3.2;69;Private;27;750;Mumbai;6
Source One Management Se;3.3;69;Private;15;750;Bangalore;5
Caresoft Global;3.4;69;Private;16;3000;Detroit;6
University of Delhi;4.0;69;Private;98;;Delhi;3
Panoramic Group of Compa;3.2;69;Private;23;3000;Mumbai;14
ICRA;3.4;69;Public;29;750;Gurugram;9
WOODLAND;4.1;69;Private;28;7500;Quebec;29
Sterling Biotech;4.2;69;Public;35;3000;Mumbai;0
ICICI Direct;4.1;69;Private;25;750;Mumbai;30
Sears IT & Management Se;3.8;69;Private;11;3000;Pune;1
Tecumseh Products;4.2;69;Private;86;7500;Michigan;4
NTTF;3.9;69;Private;57;750;Bengaluru;14
Jumbo Electronics;4.2;69;Private;46;3000;Dubai;12
Sany Heavy Industry;3.9;69;Private;31;7500;Beijing;11
The Indure;3.7;69;Private;50;750;New Delhi;8
Kisan Mouldings;3.8;69;Public;38;750;Mumbai;17
Matrix ComSec;3.6;69;Private;29;3000;Vadodara;3
NXP Semiconductors;4.0;69;Public;14;10000;Eindhoven;3
TC Global;4.0;69;Private;25;750;New Delhi;15
Maral Overseas;4.1;69;Public;29;750;Noida;3
Mahatma Gandhi Universit;3.7;69;Private;37;3000;Kottayam;22
Electrical Manufacturing;4.0;69;Private;67;3000;Kolkata;27
KGK Group;3.7;69;Private;115;10000;Kowloon;7
Brigade Enterprises;4.1;69;Public;34;750;Bangalore;1
Uttam Value Steels;3.7;69;Public;46;3000;Mumbai;4
Dubai Electricity & Wate;4.2;69;Private;28;10000;Dubai;1
FOCUS EDUMATICS;3.5;69;Unknown;21;750;Bangalore;0
Olympus;4.0;69;Private;101;10000;Tokyo;9
Mahyco;4.4;69;Private;56;3000;Jalna;17
Holisol Logistics;4.1;69;Private;11;350;New Delhi;13
Kauvery Hospital;4.0;69;Unknown;21;7500;Chennai;5
ArcelorMittal;4.0;69;Private;14;10000;Boulevard D’Avranches;11
Meneta Automotive Compon;3.8;69;Private;13;750;Sonipat;4
Nippon Toyota;4.4;69;Private;21;3000;Cochin;6
Epson;4.4;69;Unknown;78;10000;Suwa;25
Zamil Steel Buildings In;4.2;69;Private;12;750;Pune;9
Genus Electrotech;3.7;69;Private;21;750;Gandhidham;5
Ascend Telecom Infrastru;4.2;69;Private;18;750;Bengaluru;18
CPC Diagnostics;4.2;69;Private;33;350;Chennai;11
Amco Batteries;3.9;69;Unknown;88;350;Chennai;20
L. V. Prasad Eye Institu;4.6;69;Unknown;33;10000;Hyderabad;5
Margadarsi Chit Fund;3.9;69;Private;58;3000;Hyderabad;13
Wirtgen India;3.8;69;Private;59;7500;Pune;13
Rungta Mines;3.9;69;Unknown;58;350;Ramgarh;4
Digital Nirvana Informat;4.0;69;Private;24;750;Fremont;0
Dunkin' Donuts;4.1;69;Unknown;70;3000;Canton;15
Tata Metaliks;3.9;69;Public;26;3000;Kolkata;3
Vistaprint;4.3;69;Private;8;7500;Mumbai;5
Vesuvius;3.9;69;Public;104;10000;London;7
Jay Autocomponents;4.3;69;Private;61;3000;Gurgaon;6
Hbk Contracting Company;4.3;69;Private;50;7500;Doha;4
Slr Metaliks;4.0;69;Private;15;750;Karnataka;3
Perkins;4.3;69;Private;88;3000;Peterborough;4
CR Asia;4.2;69;Unknown;29;3000;Bangkok;3
Barbrik Project;3.7;69;Unknown;12;350;Surajpur;11
Religare Housing Develop;4.5;69;Public;27;350;Gurgaon;25
Childline India Foundati;4.0;69;Private;24;350;New Delhi;23
Gulf Contracting;3.7;69;Private;44;750;Doha;5
Millennium Engineers & C;4.3;69;Private;21;7500;Pune;8
IXAR;3.8;69;Private;51;750;Mumbai;5
Alivira Animal Health;3.5;69;Unknown;6;3000;Mumbai;5
Wheelseye Technology;3.8;69;Private;3;26;Gurgaon;34
Saksoft;3.3;68;Public;21;3000;Chennai;6
Watson Pharma;4.3;68;Unknown;;3000;Navi Mumbai;2
Capillary Technologies;3.8;68;Private;12;750;Singapore;1
High Court Lucknow;4.5;68;Unknown;;350;Hyderabad;15
IQ BackOffice;3.8;68;Unknown;18;750;California;0
GlobalStep;2.7;68;Private;13;3000;Dallas;6
MSPL;4.1;68;Private;59;3000;Hosapete;15
Pravin Electricals;3.9;68;Private;34;3000;Mumbai;5
Spectranet;3.8;68;Private;20;750;Gurugram;11
Reliable Autotech;4.2;68;Unknown;36;350;Nashik;4
Sangam;4.1;68;Public;36;10000;Mumbai;4
CTR Manufacturing Indust;3.5;68;Public;56;750;Pune;7
NOCIL;4.3;68;Public;45;7500;Mumbai;6
Ginni Filaments;3.8;68;Public;30;3000;Noida;9
TomTom;3.9;68;Public;29;3000;Amsterdam;0
Impressions Services;4.2;68;Private;26;10000;Gurugram;7
Radnik Exports;4.3;68;Private;47;3000;New Delhi;3
AVL;3.9;68;Private;72;10000;Graz;5
National Institute for S;3.4;68;Private;18;7500;New Delhi;14
St. Joseph's School;4.2;68;Unknown;;750;Hyderabad;19
Tangoe;3.0;68;Private;20;3000;Parsippany;0
Himatsingka Seide;3.8;68;Public;35;3000;Bangalore;4
Met Technologies;3.0;68;Private;10;750;Kolkata;1
Rithwik Projects;3.5;68;Unknown;21;750;Hyderabad;10
Lamprell Energy;4.4;68;Private;44;7500;Dubai;2
Imedx Information Servic;3.5;68;Unknown;18;3000;Atlanta;3
Bajaj Healthcare;4.1;68;Public;27;750;Mumbai;5
Jindal Worldwide;3.6;68;Public;34;3000;Ahmedabad;3
IDEMIA;3.4;68;Private;3;10000;Courbevoie;8
BPL Medical Technologies;4.0;68;Private;53;750;Bangalore;13
Fernandez Hospital;4.2;68;Private;72;3000;Hyderabad;0
Vertiv Energy;4.1;68;Private;4;10000;Columbus;19
Coverfox;3.6;68;Private;7;750;Mumbai;4
Dr Mohan's Diabetes Spec;3.8;68;Unknown;29;3000;Chennai;13
Cashpor Micro Credit;4.1;68;Unknown;18;3000;Varanasi;9
Border Roads Organisatio;4.3;68;Public;60;7500;New Delhi;10
Podar Jumbo Kids;4.2;68;Private;93;7500;Mumbai;18
MINISO;3.2;68;Private;7;10000;Guangzhou;11
Chanakya IAS Academy;3.7;68;Private;27;750;New Delhi;16
AJ Hospital and Research;4.1;68;Private;19;750;Mangalore;4
Livguard Energy Technolo;4.2;68;Private;6;3000;Gurugram;22
Maahi Milk Producer Comp;4.1;68;Unknown;8;750;Rajkot;8
Laxmi-Agni Components an;3.9;68;Unknown;21;350;Aurangabad;0
Infinity Technology;3.7;68;Private;8;126;Pune;24
Ibg Fincon Solutions;4.0;68;Private;8;750;Pune;3
Hinduja Foundries;4.0;68;Unknown;61;;Chennai;2
Development Credit Bank;4.4;67;Private;90;3000;Mumbai;27
Mahindra Two Wheelers;3.9;67;Public;12;3000;Pune;23
Olam Information Service;4.0;67;Unknown;31;350;Singapore;0
Aptara New Media;3.3;67;Private;32;7500;Falls Church;3
Marksans Pharma;3.1;67;Public;19;3000;Mumbai;3
Speridian Technologies;3.6;67;Private;17;3000;Albuquerque;3
SGS Group of Companies;3.8;67;Private;142;10000;Geneva;19
Jindal Aluminium;3.5;67;Public;52;3000;Bangalore;4
Ramoji Film City;4.0;67;Private;24;7500;Hyderabad;2
Netenrich Technologies;3.5;67;Unknown;16;750;San Jose;1
SEFORGE;3.8;67;Private;14;750;Coimbatore;1
Packt Publishing;3.2;67;Unknown;16;350;Birmingham;1
MAN Energy Solutions;3.9;67;Private;10;;Augsburg;4
Smc Pneumatics India;4.0;67;Private;25;350;Noida;13
Kanakia Spaces;3.8;67;Private;34;750;Mumbai;0
Tek Care India;3.4;67;Private;;750;Patna;30
Ncc Urban Infrastructure;4.2;67;Private;15;750;Hyderabad;10
Deep Industries;3.6;67;Public;29;750;Ahmedabad;6
DCM Engineering;4.0;67;Private;30;3000;New Delhi;1
Kusum Health Care;4.0;67;Private;23;3000;New Delhi;3
Oasis;3.6;67;Private;27;3000;Burlington;24
Trident Automobiles;4.6;67;Private;22;3000;Bengaluru;1
Xrbia Developers;3.2;67;Private;16;350;Mumbai;2
Pinkerton;3.8;67;Private;170;3000;Ann Arbor;8
KSK Mahanadi Power Compa;3.6;67;Public;19;750;Hyderabad;0
Scholastic;3.8;67;Private;23;7500;Gurugram;19
Tata Ficosa Automotive S;4.0;67;Unknown;22;10000;Pune;8
ABSAS Solutions;2.3;67;Private;11;350;Noida;2
Sara Suole;4.0;67;Private;19;750;Bengaluru;11
Godawari Power & Ispat;3.9;67;Public;21;3000;Raipur;4
Anunta Technology Manage;3.8;67;Private;8;750;Mumbai;4
Gtpl Hathway;3.9;67;Public;14;3000;Ahmedabad;9
ANAROCK Property Consult;3.4;67;Private;9;350;Mumbai;9
Chai Point;3.9;67;Private;10;3000;Bengaluru;7
Db Power;4.1;67;Unknown;14;750;Bhopal;2
Gems Education;3.7;67;Unknown;61;10000;Dubai;14
B.L Agro Oils;4.2;67;Unknown;27;350;Bareilly;4
Schreiber Dynamix Dairie;4.4;67;Public;16;3000;Pune;3
Azim Premji Foundation;3.9;67;Private;20;3000;Bengaluru;12
Ifb Appliances;3.9;67;Public;29;3000;Kolkata;28
Webhelp;3.7;67;Unknown;20;10000;Paris;0
Oncquest Laboratories;4.1;67;Private;20;3000;New Delhi;11
Anmol Industries;3.9;67;Unknown;26;3000;Kolkata;17
HRH Next Services;3.7;67;Private;13;3000;Hyderabad;0
Himalaya Opticals;4.3;67;Private;85;350;Kolkata;18
TALENTEDGE;3.6;67;Private;8;350;Gurgaon;7
Basix Sub K Itransaction;4.3;67;Private;10;3000;Hyderabad;22
Strategic Learning Solut;4.2;67;Private;24;750;Gurugram;17
GS Engineering;4.0;67;Private;19;7500;Houghton;8
Manhattan Associates;3.7;66;Private;30;3000;Atlanta;0
ANZ Operations & Technol;4.2;66;Unknown;31;10000;Melbourne;0
RAK BANK;3.8;66;Unknown;44;3000;Ras Al Khaimah;4
Softtek;3.3;66;Private;38;10000;Monterrey;0
Kopran;3.8;66;Public;62;750;Mumbai;7
Eastern Software Systems;2.7;66;Private;30;7500;Noida;4
Cygnet Infotech;3.7;66;Private;20;3000;Ahmedabad;3
IB Group;3.8;66;Private;35;3000;Chhattisgrah;16
India Pistons;3.7;66;Public;71;3000;Chennai;3
JBF Industries;4.1;66;Public;38;350;Mumbai;2
Kesari Tours;3.7;66;Private;36;3000;Mumbai;5
Nahar Group of Companies;4.0;66;Unknown;71;7500;Ludhiana;11
Roto Power Engineers;4.1;66;Private;35;;Noida;9
Sonalika Group of Compan;4.1;66;Private;51;10000;Hoshiarpur;17
Syncfusion;3.7;66;Private;19;750;Morrisville;0
Electronica Finance;4.1;66;Private;30;350;Pune;22
Harita Seating Systems;4.1;66;Public;32;750;Chennai;5
Entercoms;4.0;66;Private;12;350;Dallas;0
Metro Tyres;3.9;66;Public;52;3000;Noida;18
Nalco;4.4;66;Private;39;7500;Bhubaneswar;5
WWICS Group;3.3;66;Private;27;750;Mohali;13
Flemingo Duty Free Shop;3.7;66;Private;23;3000;Dubai;14
Hiranandani group;4.6;66;Private;42;7500;Mumbai;5
Synergies Castings;3.4;66;Unknown;21;350;Visakhapatnam;0
Domino Printech;3.8;66;Private;42;350;Gurugram;17
Arya Omnitalk Wireless S;4.2;66;Private;25;3000;Pune;15
Bharat BPO Services;3.9;66;Private;14;750;Noida;8
Trelleborg;4.2;66;Private;115;10000;Trelleborg;1
SMS Pharmaceuticals;3.3;66;Public;30;;Hyderabad;1
MIOT Hospitals;3.8;66;Private;21;3000;Chennai;0
Windlas Biotech;3.7;66;Unknown;19;350;Gurugram;5
Linc Pen & Plastics;3.3;66;Public;44;;Kolkata;13
Azure Power;4.1;66;Private;12;750;New Delhi;3
Indostar Capital Finance;4.2;66;Public;11;26;Mumbai;30
Kayjay Forging;3.8;66;Unknown;32;350;Ludhiana;2
Corporate Infotech;3.8;66;Private;13;;Noida;9
Rolex Rings;3.9;66;Unknown;17;3000;Rajkot;2
GRT Jewellers;4.2;66;Private;56;7500;Chennai;7
Haldiram Bhujiawala;3.7;66;Private;83;750;Nagpur;10
Gandour India Food Proce;4.1;66;Unknown;163;3000;Beirut;21
Exedy Clutch India;3.8;66;Private;9;750;Michigan;6
SRMB SRIJAN;3.8;66;Unknown;69;350;Kolkata;9
Jyote Motors;3.6;66;Private;24;350;Bhubaneswar;6
Maharishi Markandeshwar;3.5;66;Unknown;27;350;Ambala;2
Faurecia Interior System;4.3;66;Unknown;22;10000;Nanterre;2
Bgs Global Hospital;3.6;66;Private;21;3000;Bengaluru;0
Interface Microsystems;3.9;66;Private;36;350;Gurugram;2
Electropneumatics & Hydr;3.7;66;Private;48;750;Pune;1
Kamdhenu;3.9;66;Public;25;350;Alwar;17
Bharatiya Vidya Bhavan;3.9;66;Unknown;82;750;Mumbai;18
UIDAI;4.4;66;Public;11;3000;New Delhi;28
Norwegian Cruise Line;4.3;66;Unknown;54;10000;Miami;5
ICPA Health Products;4.0;66;Unknown;37;750;Mumbai;15
Ring Plus Aqua;4.0;66;Public;23;3000;Thane;5
Optiemus Electronics;3.9;66;Unknown;4;3000;Noida;2
Paragon Digital Services;3.3;66;Private;22;3000;Chennai;6
Parijat Industries (Indi;4.2;66;Private;25;350;New Delhi;13
India Transact Services;3.9;66;Unknown;13;750;Mumbai;21
Gamma Process Hub India;3.0;66;Private;5;3000;Chennai;2
I P Integrated Services;4.2;66;Private;9;3000;Gurgram;21
Hollister Medical India;4.2;66;Unknown;99;;Libertyville;3
TTEC India;4.1;66;Unknown;38;10000;Ahemdabad;0
Gulf Petrochemical Servi;4.2;66;Unknown;37;7500;Muscat;1
S G Encon;3.8;66;Private;12;750;Panchkula;16
Evelyn Learning Systems;3.7;66;Private;7;350;New Delhi;5
A&A Business Consulting;3.3;66;Private;11;26;Mumbai;8
Safeducate Learning;3.8;66;Private;13;126;New Delhi;20
Coolberg Beverages;3.8;66;Private;4;126;Mumbai;14
Cinif Technologies;4.5;66;Unknown;11;;Chandigarh;1
Gozocabs;4.5;66;Private;5;10000;Gurgaon;0
Cummins Turbo Technologi;4.2;66;Unknown;;;Dewas;5
Manpower Services;4.0;65;Public;72;;Milwaukee;19
CIBERsites India;3.7;65;Private;46;7500;Troy;1
CES;3.3;65;Public;24;3000;Hyderabad;7
Pitney Bowes;3.9;65;Private;100;10000;Stamford;6
Meru cabs;4.0;65;Private;13;3000;Mumbai;9
Alps Industries;3.6;65;Public;58;3000;Ghaziabad;8
Premier;3.8;65;Public;76;3000;Mumbai;14
Rave Technologies;3.8;65;Private;33;750;Mumbai;0
Accion Labs;3.7;65;Private;9;3000;Pittsburgh;3
Intense Technologies;3.7;65;Public;21;7500;Secunderabad;8
Airtel Broadband & Telep;4.0;65;Public;25;10000;Gurgaon;23
ABT Maruti;4.0;65;Private;99;3000;Coimbatore;9
Equiniti;3.4;65;Public;13;3000;London;0
Gulf Oil Corporation;4.3;65;Private;59;10000;Hyderabad;12
Manipal Global Education;4.1;65;Private;19;3000;Bangalore;4
Bambino Agro Industries;4.2;65;Public;38;750;Secunderabad;11
Energo Engineering Proje;3.9;65;Private;33;7500;Gurugram;12
Healthkart;3.6;65;Private;9;750;Gurgaon;12
Presidium School;3.5;65;Private;15;3000;New Delhi;5
GfK MODE;3.5;65;Private;86;10000;Nuremberg;13
Aditya Auto Products & E;4.0;65;Private;24;3000;Bengaluru;6
Dynamic Engineering;3.5;65;Public;38;126;Houston;17
Alcon Laboratories;4.4;65;Unknown;75;10000;Geneva;16
Uniproducts;4.0;65;Public;34;350;Noida;4
DCW;4.3;65;Public;81;3000;Surendranagar;5
Enaltec Labs;3.5;65;Unknown;14;750;Navi Mumbai;5
SSF PLASTICS;3.7;65;Private;35;350;Mumbai;7
Orient Paper Mill;4.0;65;Unknown;81;3000;Kolkata;4
HEUBACH Colour;4.0;65;Private;26;3000;Vadodara;7
Hathi Cement;4.1;65;Private;64;;Mumbai;7
Gemalto;4.2;65;Private;14;10000;Amsterdam;3
Aurigene Discovery Techn;3.7;65;Private;19;750;Bangalore;2
Rural Electrification Co;3.8;65;Private;51;750;New Delhi;22
Galpha Laboratories;3.5;65;Unknown;34;350;Mumbai;12
Elofic Industries;4.0;65;Private;69;750;Faridabad;10
My Home Constructions;4.4;65;Private;39;750;Hyderabad;2
Volvo Buses;4.5;65;Private;93;7500;Gothenburg;2
RA International;4.0;65;Private;16;3000;Dubai;9
Spectrum Talent Manageme;3.5;65;Private;12;7500;Noida;14
Rahee Infratech;4.0;65;Private;72;350;KOLKATA;7
SODECIA;3.5;65;Private;40;7500;Center Line;4
Bharat Wire Ropes;3.8;65;Public;34;750;Mumbai;0
Bhashyam Educational Ins;4.3;65;Private;22;350;Guntur;11
Varmora Granito;3.7;65;Private;26;3000;Wankaner;27
Epitome Components;3.5;65;Unknown;26;750;Ahmednagar;2
ATC Telecom Infrastructu;4.1;65;Private;16;7500;New Delhi;19
Zee Laboratories;3.5;65;Unknown;27;3000;New Delhi;6
Amity International Scho;4.3;65;Unknown;26;750;Noida;6
Balaji Action Buildwell;3.8;65;Unknown;15;3000;New Delhi;6
Carrefour;4.4;65;Private;61;10000;Massy;10
Regency Hospital;3.7;65;Private;25;750;Kanpur;3
Box8;3.6;65;Private;8;3000;Mumbai;5
Kcc Buildcon;3.8;65;Private;21;350;Gurgaon;11
Caratlane Trading;4.3;65;Private;12;3000;Chennai;8
TATA MEDICAL CENTER;4.2;65;Private;9;750;Kolkata;0
MMTC-PAMP;3.6;65;Private;12;350;New Delhi;9
Jamia Hamdard University;4.4;65;Public;31;3000;New Delhi;0
Masu Brakes;3.5;65;Private;38;3000;New Delhi;1
KINETIC TAIGENE ELECTRIC;3.2;65;Private;19;350;Pune;0
Modern V.R. Security For;3.8;65;Private;36;350;Mumbai;20
Seth M R Jaipuria School;3.9;65;Unknown;28;3000;Lucknow;9
Emmvee Photovoltaic Powe;3.6;65;Private;13;750;Bengaluru;1
Jodas Expoim;3.3;65;Private;14;750;Hyderabad;0
Cipla Health;4.0;65;Public;7;750;Mumbai;20
Ciel HR;4.1;65;Private;5;126;Bengaluru;17
SDM College of Engineeri;3.9;65;Private;41;350;Dharwad;16
Codeclouds IT Solutions;4.3;65;Private;11;350;Pipitea;0
UPL unit 5;4.4;65;Public;51;10000;Mumbai;7
Innovative;3.6;65;Private;18;;Bangalore;21
Patni Computer Systems;4.1;64;Private;12;7500;Mumbai;10
Motorola;4.3;64;Private;92;3000;Chicago;23
INDIA TODAY GROUP;4.0;64;Unknown;45;3000;Noida;4
UB Engineering;3.9;64;Public;57;3000;Pune;15
Arch Pharmalabs;4.1;64;Private;21;3000;Mumbai;8
Mindlance;3.3;64;Private;21;3000;Union;4
Marvel Realtors;3.5;64;Private;19;750;Pune;1
SDG Software;4.1;64;Private;27;350;Norwalk;1
C & C Constructions;3.8;64;Public;24;350;Gurgaon;13
Go Airlines;3.9;64;Unknown;15;3000;Mumbai;11
Reebok;4.3;64;Private;62;7500;Boston;32
GMP Technical Solutions;3.4;64;Private;15;750;Mumbai;10
Sofcon;3.9;64;Private;18;350;Noida;13
SIPL;3.8;64;Private;6;750;Ghaziabad;22
AMW Motors;3.2;64;Private;18;3000;Mumbai;18
Shivani Locks;3.6;64;Unknown;32;350;Faridabad;4
Onida;3.8;64;Private;39;3000;Mumbai;21
Lapiz Digital Services;3.0;64;Unknown;21;3000;Chennai;1
Galaxy Surfactants;4.0;64;Public;40;3000;Mumbai;5
Income Tax Department In;4.3;64;Private;163;3000;New Delhi;34
Kingdom of Dreams;3.2;64;Private;10;750;Gurgaon;2
Unique Pharmaceutical La;4.0;64;Private;33;126;Lagos;10
Creative Garments;4.1;64;Private;46;3000;Mumbai;6
Diffusion Engineers;4.0;64;Private;38;7500;Nagpur;14
The Chancery Pavilion;3.4;64;Private;13;350;Bangalore;3
Saregama India;3.6;64;Public;118;350;Mumbai;18
Clarivate Analytics;3.8;64;Unknown;4;3000;Philadelphia;5
Texport Industries;3.6;64;Private;42;7500;Mumbai;3
Kriti Industries;3.8;64;Public;37;750;Indore;13
Holy Family Hospital;4.2;64;Private;67;3000;New Delhi;7
Bacardi;4.1;64;Private;158;7500;Santiago De Cuba;22
Aarti Steels;4.1;64;Public;41;3000;Ludhiana;1
Essel Finance;3.8;64;Unknown;8;750;Mumbai;13
Raheja Universal;4.1;64;Unknown;40;750;Mumbai;3
G-Cube Solutions;3.5;64;Private;20;350;Noida;2
Noida Power Company;4.0;64;Private;27;350;Greater Noida;2
Vikram Hospital;4.3;64;Unknown;11;750;Bengaluru;3
Bygging India;4.0;64;Public;37;350;Mumbai;9
Colourtex;4.3;64;Private;53;750;Surat;4
Royal Infraconstru;3.8;64;Unknown;40;350;Kolkata;9
Spi Cinemas;4.5;64;Private;46;3000;Chennai;7
Linfox Logistics;4.4;64;Unknown;64;10000;Victoria;12
National Mineral Develop;4.5;64;Public;62;7500;Hyderabad;9
National Petroleum Const;4.4;64;Unknown;47;10000;Abu Dhabi;4
Patton International;3.9;64;Private;30;3000;Kolkata;0
Jaiprakash Power Venture;4.2;64;Public;26;10000;Noida;5
HIDADA;3.5;64;Unknown;38;3000;Jeddah;7
Himadri Speciality Chemi;3.6;64;Public;30;3000;Kolkata;2
QRG Central Hospital & R;4.1;64;Private;13;750;Faridabad;1
Gainwell Commosales;4.1;64;Private;76;3000;Kolkata;19
Vedika Credit Capital;3.7;64;Unknown;25;750;Ranchi;16
Kaefer;3.8;64;Private;102;10000;Bremen;9
Sushee Infra & Mining;4.2;64;Private;34;3000;Hyderabad;6
ACT Plast Paints;3.7;64;Private;14;126;Kancheepuram;0
Aster Cmi Hospital;4.0;64;Unknown;12;3000;Bengaluru;0
SOS Children's Village;3.7;64;Private;71;10000;Imst;18
Arkad Engineering and Co;2.8;64;Public;9;7500;Al Khobar;4
West Bengal State Electr;3.8;64;Private;13;10000;Kolkata;7
Sheraton Hotels and Reso;4.3;64;Private;83;;New York;8
DEC Infra;3.7;64;Unknown;52;126;Hyderabad;5
HDFC Ltd - Housing Finan;4.4;64;Unknown;;;Hyderabad;37
Samsung Engineering - SE;4.3;64;Private;50;;Al Jubail;7
Viom Networks;4.3;63;Private;10;3000;Gurgaon;21
TNS;4.2;63;Private;19;3000;London;19
BPO+;3.4;63;Private;15;750;Doha;24
Acer India;3.7;63;Public;44;7500;Xizhi;20
Lester Infoservices;3.4;63;Private;39;3000;Connecticut;1
Sai Service;4.4;63;Private;35;3000;Pune;12
Citrix;3.9;63;Private;31;7500;Fort Lauderdale;0
Nagarjuna Agrichem;3.9;63;Private;26;750;Hyderabad;16
Linde Engineering;4.2;63;Private;141;10000;Munich;6
Appasamy Associates;3.9;63;Private;42;3000;Chennai;10
Shipping Corporation of;4.0;63;Private;59;10000;Mumbai;4
Saburi TLC;3.3;63;Unknown;9;;New Delhi;2
Vcare Call Center;3.6;63;Private;21;3000;Noida;1
Nuance Communications;3.5;63;Unknown;28;10000;Burlington;6
Mold-Tek Technologies;3.4;63;Public;34;750;Hyderabad;3
Apollo Speciality Hospit;4.2;63;Unknown;37;10000;Chennai;13
ABC Bearings;3.8;63;Public;59;3000;Mumbai;7
Ginger Hotels;4.2;63;Private;16;750;Mumbai;22
HDFC Asset Management Co;4.3;63;Public;21;3000;Mumbai;33
Exclusífe Technosoft;3.2;63;Private;7;;Noida;10
EFKON INDIA;3.4;63;Private;19;10000;Mumbai;8
Solaris Chemtech;4.5;63;Private;50;750;Gurgaon;6
Central Institute of Pla;3.7;63;Unknown;52;3000;Chennai;21
UFO Moviez;4.1;63;Public;15;750;Mumbai;15
Bhadra International;3.5;63;Private;20;3000;New Delhi;5
Rabindranath Tagore Inte;4.3;63;Unknown;20;10000;Kolkata;0
Neolite Zkw Lightings;3.8;63;Private;68;3000;New Delhi;6
Dr ITM;3.8;63;Private;21;350;Chandigarh;7
Paras Buildtech;3.8;63;Private;18;350;Gurgaon;3
Suvidha Engineers India;4.2;63;Private;37;750;Noida;14
Kimberly-Clark;3.5;63;Private;148;10000;Irving;13
Bsh Household Appliances;4.2;63;Unknown;53;10000;Munich;12
Malabar Group Of Compani;4.4;63;Private;27;10000;Kozhikode;16
K L University;3.7;63;Private;40;3000;Vijayawada;4
Mahendra NextWealth;3.7;63;Unknown;11;750;Salem;2
Don Bosco School;3.8;63;Unknown;40;350;New Delhi;21
City Montessori School;4.3;63;Unknown;61;3000;Lucknow;8
Nettur Technical Trainin;3.9;63;Unknown;57;750;Bangalore;10
Shaily Engineering Plast;3.5;63;Public;33;3000;Vadodara;3
Agappe Diagnostics;3.8;63;Private;26;350;Mumbai;15
ICICI Merchant Service;3.9;63;Unknown;11;750;Mumbai;21
Damodar Valley Corporati;3.8;63;Unknown;72;;Kolkata;8
Vindhya e-Info Media;3.7;63;Private;14;750;Bengaluru;4
Chetak Enterprises;4.1;63;Public;20;3000;Mumbai;10
Chitkara University;4.0;63;Private;18;750;Chandigarh;3
Excelity Global;4.0;63;Unknown;23;750;Singapore;4
KidZania;3.8;63;Private;23;7500;Mexico City;2
SGPGI;4.2;63;Private;37;7500;Lucknow;5
Técnicas Reunidas;4.2;63;Private;48;7500;Madrid;8
Dr. Ram Manohar Lohia Ho;4.4;63;Private;88;3000;New Delhi;3
DEC Property Management;4.2;63;Private;22;3000;New Delhi;8
Arvind Fashions;4.1;63;Public;89;10000;Ahmedabad;19
Oswal Castings;3.8;63;Private;53;3000;Faridabad;1
Carillion Alawi LLC;4.6;63;Private;41;7500;Ruwi;7
Indian Coast Guard;4.4;63;Private;42;10000;New Delhi;16
Suzlon Gujarat Wind Park;4.3;63;Private;25;350;Pune;13
Sraco;3.7;63;Private;38;10000;Dammam;4
AppInventiv Technologies;3.5;63;Private;6;750;Noida;1
Dynamic Beneficial Accor;3.5;63;Unknown;9;;Mohali;20
L. N. Malviya Infra Proj;3.5;63;Private;22;3000;New Delhi;19
Creative Info-link;3.9;63;Private;9;126;Kolkata;21
Advics;4.4;63;Private;19;10000;Kariya;2
CQRA;3.9;63;Private;16;750;Pune;10
Rcpl Logistics;4.1;63;Private;23;750;New Delhi;17
Syneos Health;3.6;63;Private;3;10000;Morrisville;3
The Oman Construction Co;4.2;63;Unknown;55;3000;Muscat;2
STMicroelectronics;4.3;62;Private;33;10000;Geneva;4
Ford Business Services C;4.4;62;Unknown;;350;Mumbai;4
Frost & Sullivan;3.3;62;Private;59;3000;New York;7
AppsDaily;2.9;62;Private;12;3000;Mumbai;22
Plintron Global Technolo;2.6;62;Private;12;750;Singapore;1
MindCraft Software;3.3;62;Private;18;350;Mumbai;2
Sika;3.8;62;Public;110;10000;Baar;20
InKnowTech;3.5;62;Private;18;750;Bengaluru;12
Garware Polyester;3.6;62;Public;63;3000;Mumbai;4
Graphite India;3.5;62;Public;58;3000;Kolkata;4
Alp Consulting;3.5;62;Public;24;750;Bangalore;11
Linkwell Telesystems;3.8;62;Private;27;350;Hyderabad;6
Sumtotal Systems;3.8;62;Private;35;3000;Gainesville;0
Sungard Availability Ser;3.7;62;Private;42;3000;Wayne;0
Chowgule Industries;3.8;62;Unknown;34;350;Goa;5
Kantar;3.5;62;Private;28;10000;London;8
India Healthcare Solutio;3.4;62;Private;21;3000;Chennai;4
Escorts Construction Equ;3.9;62;Private;50;10000;Faridabad;15
OSI Consulting;3.8;62;Private;27;3000;Los Angeles;5
DS-MAX Properties;3.5;62;Private;13;7500;Bangalore;1
Mandovi Motors;4.4;62;Private;36;3000;Bengaluru;3
The Phoenix Mills;4.0;62;Public;115;750;Mumbai;3
C3i Support Services;4.0;62;Unknown;27;3000;Horsham;0
Wood Group;4.2;62;Private;108;10000;Aberdeen;13
Brinks Arya India;4.3;62;Private;161;350;Richmond;18
CBSL;3.8;62;Private;70;3000;New Delhi,India;20
Celkon Mobiles;3.8;62;Private;11;;Hyderabad;11
Om Innovation Call Servi;3.8;62;Private;15;3000;New Delhi;5
Nipro India Corporation;4.0;62;Unknown;10;3000;Satara;8
Caplin Point Laboratorie;3.8;62;Public;30;350;Chennai;3
ITM Group of Institution;3.7;62;Private;29;750;Bangalore;14
India Infoline Housing F;3.7;62;Public;11;10000;Gurgaon;27
Emami Frank Ross;3.5;62;Public;114;7500;Kolkata;4
Indian Terrain Fashions;3.9;62;Public;20;350;Chennai;19
Novozymes South Asia;3.9;62;Private;37;7500;Bangalore;4
EaseMyTrip.com;3.5;62;Unknown;12;3000;New Delhi;5
Orchid Pharma;4.3;62;Public;28;3000;Chennai;3
Forever 21;3.9;62;Private;36;10000;Los Angeles;13
Sv Creditline;4.2;62;Public;10;3000;Gurgaon;18
Maiyas Beverages Foods;3.5;62;Private;32;350;Bengaluru;9
Shiva Pharmachem;4.0;62;Unknown;21;350;Vadodara;2
LUX Industries;3.9;62;Public;63;750;Kolkata;9
Torque Pharmaceuticals;4.2;62;Private;35;3000;Chandigarh;17
Toyota Financial Service;4.1;62;Public;37;3000;Chandler;17
CANTABIL RETAIL INDIA;3.8;62;Public;31;;New Delhi;18
Jeeves Consumer Services;4.1;62;Private;13;3000;Bangalore;12
RJ Corp;3.8;62;Private;40;10000;Gurugram;17
Afflatus Gravures;4.0;62;Private;17;350;Noida;6
Dhampur Sugar Mills;3.5;62;Public;87;10000;New Delhi;8
Diamond Beverages;3.8;62;Private;25;10000;Kolkata;2
Manikaran Power;2.8;62;Private;15;350;New Delhi;4
Radium Creation;2.5;62;Private;29;3000;Mumbai;3
ACE Group;4.1;62;Private;10;350;Noida;15
Hyundai Engineering;4.2;62;Private;46;7500;Seoul;7
Faber Sindoori Managemen;4.0;62;Unknown;13;3000;Chennai;11
Amar Cars;3.7;62;Unknown;16;350;Vadodara;5
Spun Micro Processing;3.7;62;Unknown;29;750;Gurugram;3
Greenlight Planet;3.7;62;Unknown;11;750;Chicago;17
Heavy Engineering Corpor;4.0;62;Private;62;3000;Ranchi;4
Nippon Konpo India;3.8;62;Unknown;9;750;Gurugram;4
Bahar Infocons;2.3;62;Private;18;126;Mumbai;0
Teletext Holidays;3.2;62;Unknown;27;;London;2
ToXSL Technologies;4.5;62;Unknown;8;;Mohali;10
Education Culture;3.6;62;Private;5;350;Ludhiana;1
Impetus Infotech;4.0;61;Private;29;3000;Los Gatos;4
Sapient Global Markets;3.3;61;Private;30;3000;Boston;2
Icomm Tele;4.0;61;Private;31;3000;Hyderabad;8
Fractal Analytics;3.9;61;Unknown;20;3000;New York;2
Vayam Technologies;3.2;61;Private;19;3000;New Delhi;17
Philips Innovation Campu;4.1;61;Unknown;24;3000;Bangalore;2
Ntt Data Global Technolo;3.5;61;Public;32;10000;Tokyo;9
V2 Solutions;3.7;61;Private;17;750;Santa Clara;4
Homeward;3.5;61;Private;2;26;Austin;1
Hotel Sahara Star;4.3;61;Private;18;350;Mumbai;0
Corbus;4.0;61;Private;26;750;West Carrollton;3
Basix;4.4;61;Private;24;7500;Hyderabad;30
NIKE;4.5;61;Public;56;10000;Beaverton;20
Trivitron Healthcare;3.5;61;Private;23;3000;Chennai;10
Singer India;4.2;61;Public;43;750;New Delhi;16
Infodart Technologies;3.8;61;Private;13;350;Gurugram;9
Sigma Freudenberg NOK;4.0;61;Private;56;10000;New Delhi;4
Koenig Solutions;3.4;61;Private;27;750;New Delhi;1
Tata Autocomp GY Batteri;4.2;61;Private;15;350;Pune;17
CommScope;3.7;61;Private;44;10000;Hickory;4
RedBus;4.2;61;Private;14;750;Bengaluru;4
Tema India;4.1;61;Private;36;3000;Mumbai;7
Ozone Pharmaceuticals;4.2;61;Private;29;3000;New Delhi;12
National Highways Author;4.4;61;Unknown;32;;New Delhi;26
PurpleTalk;3.5;61;Private;12;750;Dallas;0
Gulbrandsen;4.4;61;Private;36;750;Clinton;5
Hindustan PowerProjects;4.1;61;Private;12;10000;New Delhi;6
Jewelex India;3.9;61;Private;54;3000;New York;2
Apex Hospital;4.2;61;Private;;126;Jaipur;11
Pratham Motors;3.6;61;Unknown;18;350;Bangalore;2
H-one India;3.8;61;Unknown;14;350;Saitama;5
Global Cloud Xchange;3.7;61;Private;6;3000;Hamilton;3
Petroleum Development Om;4.5;61;Private;83;7500;Muscat;3
Aia Engineering;4.3;61;Public;41;3000;Ahmedabad;1
Architect Hafeez Contrac;3.9;61;Private;38;750;Mumbai;3
Mayur Uniquoters;4.1;61;Public;26;350;Jaipur;0
Videojet Technologies;4.2;61;Private;60;3000;Wood Dale;13
MSL Driveline Systems;4.3;61;Unknown;41;;Mumbai;1
Prestige Estates Project;4.4;61;Public;34;3000;Bengaluru;3
Exela Technologies;3.1;61;Private;3;10000;Irving;4
Batra Hospital;4.0;61;Unknown;33;3000;New Delhi;2
Jamia Millia Islamia;4.4;61;Private;100;3000;New Delhi;1
University of Petroleum;4.1;61;Unknown;17;750;Dehradun;4
IFB Agro Industries;4.0;61;Public;38;10000;Kolkata;8
Karvy Innotech;3.5;61;Unknown;8;3000;Hyderabad;16
JAY JAY MILLS;3.9;61;Unknown;49;3000;Tirupur;4
Fresenius Medical Care;3.8;61;Public;24;10000;Bad Homburg;20
Varroc Lighting Systems;3.6;61;Private;8;7500;Plymouth;4
Reecomps Teleservices;3.6;61;Private;22;3000;Allahabad;16
Dantal Hydraulics;4.0;61;Unknown;30;750;Gurgaon;3
SHOP CJ Network;3.8;61;Private;12;350;Mumbai;8
Sula Vineyards;4.1;61;Unknown;21;750;Mumbai;7
NBC Bearings;3.9;61;Public;74;3000;Jaipur;3
MITA;3.5;61;Unknown;21;350;Ghaziabad;3
Pittie Group;3.2;61;Unknown;29;3000;Mumbai;10
MOLIPS;4.0;61;Unknown;;350;Madhupur;2
Dnata;3.9;61;Private;61;10000;Dubai;9
Khansaheb Civil Engineer;4.6;61;Private;85;7500;Dubai;5
Grace Toyota;3.8;61;Unknown;19;350;Nagpur;6
NPCC Engineering;3.4;61;Private;13;350;Mumbai;5
Kiran Foreign Trade;4.0;61;Private;13;750;Mohali;0
DECON;2.9;61;Unknown;27;750;Gurugram;16
IND-SPHINX PRECISION;4.1;61;Unknown;33;350;Parwanoo;0
Ecocat India;4.3;61;Private;29;3000;Faridabad;0
Sarva Shiksha Abhiyan;3.7;61;Private;18;750;Chandauli;24
Data-Core Systems;3.5;61;Private;32;3000;Philadelphia,PA;3
Pathways World School;4.2;61;Private;10;350;Gurgaon;4
Swami Rama Himalayan Uni;3.4;61;Unknown;7;3000;Dehradun;5
Satyam Computer Services;4.0;60;Public;;10000;Vadodara;8
Institute of Computer Ac;4.0;60;Private;21;750;Kolkata;24
ExcelSoft Technologies;3.3;60;Private;20;750;Mysore;2
InfoBeans;2.8;60;Public;20;750;Danville;2
Altisource Portfolio Sol;3.4;60;Unknown;11;;Mumbai;1
Innova Solutions;2.7;60;Private;6;3000;Duluth;3
InfoStretch;3.1;60;Private;16;3000;Santa Clara;2
Anna University;4.1;60;Private;42;7500;Chennai;9
Sai Service Station;4.3;60;Private;35;10000;Mumbai;8
DAS Offshore Engineering;4.2;60;Private;33;3000;Navi Mumbai;0
Government of Maharashtr;4.1;60;Unknown;;3000;Mumbai;15
Atcis Technology;4.0;60;Private;7;3000;Kolkata;2
Hubtown;3.5;60;Public;31;750;Mumbai;4
Indian School of Busines;3.8;60;Private;19;26;Hyderabad;4
TVS - SUNDARAM BRAKE LIN;3.9;60;Public;44;3000;Chennai;6
Pinnacle Industries;3.5;60;Unknown;24;3000;Pithampur;6
LimeRoad;3.8;60;Private;8;350;Gurgaon;2
Pharmed;3.6;60;Public;74;3000;Bengaluru;19
Parker Hannifin;4.1;60;Private;103;10000;Cleveland;7
Utsav Fashion;4.0;60;Private;20;750;New Delhi;4
Century Rayon;4.2;60;Private;68;7500;Mumbai;5
Abellon Clean Energy;3.8;60;Public;12;350;Ahmedabad;8
Manohar Filaments;3.8;60;Unknown;34;750;New Delhi;2
MIOT INTERNATIONAL;3.7;60;Unknown;21;3000;Chennai;0
Harita Techserv;3.4;60;Unknown;24;350;Chennai;5
Wilo Mather and Platt Pu;3.9;60;Public;148;3000;Dortmund;8
Welmade Locking Systems;3.5;60;Private;36;126;Pune;11
OneAssist Consumer Solut;3.6;60;Private;9;350;Mumbai;14
Safdarjung Hospital;4.6;60;Unknown;78;7500;New Delhi;3
TO THE NEW;4.0;60;Private;12;750;Noida;2
Dr. Balabhai Nanavati Ho;3.7;60;Private;70;3000;Mumbai;1
Laborate Pharmaceuticals;3.5;60;Unknown;35;7500;Panipat;10
ICT Mumbai;4.1;60;Private;87;750;Mumbai;13
Hellmann Worldwide Logis;3.6;60;Private;149;10000;Doral;10
MELCO;3.4;60;Private;25;10000;Faridabad;13
The Heritage School;4.2;60;Private;;350;Kolkata;10
Vaibhav Global;3.8;60;Public;31;3000;Jaipur;1
Siegwerk;4.0;60;Private;190;3000;Siegburg;9
Bhansali Engineering Pol;3.8;60;Public;36;750;Mumbai;4
Lifcare Pharmacy;3.6;60;Private;5;350;Noida;4
Divyasree Developers;3.8;60;Private;23;350;Bangalore;1
Cashify;4.0;60;Private;7;750;Gurgaon;11
Tenon Facility Managemen;4.1;60;Unknown;25;10000;Gurgaon;11
Firestar Diamond;4.1;60;Private;21;3000;Mumbai;3
Mapro Foods;4.0;60;Private;61;750;Mahabaleswar;20
Teerthanker Mahaveer Uni;3.7;60;Unknown;12;750;Moradabad;0
VASANTHA TOOL CRAFTS;4.4;60;Private;31;750;Hyderabad;0
Inland World Logistics;4.1;60;Unknown;41;3000;Kolkata;12
HMSHost;3.8;60;Private;123;10000;Bethesda;6
Polyhose;3.9;60;Unknown;24;3000;New Jersey;2
Micro Plastics;3.7;60;Unknown;15;350;Harohalli;1
Ammann Apollo;4.1;60;Private;23;350;Mehsana;11
Borgwarner Emission Syst;4.0;60;Private;92;10000;Auburn Hills;5
Imarticus Learning;3.8;60;Private;8;126;Mumbai;6
GITAM University;3.7;60;Private;40;3000;Visakhapatnam;1
Global Opportunities;3.8;60;Private;19;350;New Delhi;13
Five-star Business Finan;4.4;60;Public;36;3000;Chennai;31
Del Monte Foods;4.0;60;Private;134;7500;San Francisco;12
Kubota Agricultural Mach;4.2;60;Private;12;350;Chennai;10
Praxis Services;3.3;60;Private;9;350;Gurugram;3
Tata Main Hospital;3.6;60;Unknown;112;3000;Jamshedpur;3
Peerless Hospital;4.2;60;Private;88;3000;Kolkata;2
ABV Rock Group;4.2;60;Private;46;3000;Riyadh;4
Jiva Ayurvedic Pharmacy;3.6;60;Private;28;3000;Faridabad;14
Vivo Communication Devic;3.9;60;Private;6;126;Kolkata;4
Rtech Group;3.9;60;Unknown;13;;Gurgaon;5
DuPont Pioneer;4.5;60;Private;21;10000;Johnston;12
Lion Engineering Consult;3.9;60;Unknown;18;350;Bhopal;13
Shapoorji Pallonji Engin;4.0;60;Unknown;77;;Mumbai;15
PDVSA;4.2;60;Public;142;10000;Caracas;0
Keihin India Manufacturi;4.0;60;Unknown;64;10000;Tokyo;5
Fujiyama Power System;3.6;60;Unknown;24;350;Delhi;6
Jaguar Security Services;4.4;60;Unknown;30;3000;Noida;9
ADVIK;3.8;60;Private;20;350;Pune;8
Fortius Technologies;3.9;60;Private;12;26;New Delhi;18
Ghantoot Buildex gen. Co;3.7;60;Unknown;22;10000;Abu Dhabi;1
Travo Tripzooo Services;4.0;60;Private;3;3000;Gurgaon;0
CTS;3.8;59;Private;12;10000;Eysines;8
ABC;3.6;59;Public;77;3000;New York;18
I Yogi Technical Service;2.9;59;Private;13;7500;New York;5
Earth Infrastructure;3.3;59;Private;13;7500;New Delhi;6
Dhanlaxmi Bank;3.5;59;Public;93;3000;Thrissur;18
National Securities Depo;3.7;59;Private;24;350;Mumbai;1
Indium Software;3.9;59;Private;21;3000;Cupertino;0
The Cosmos Co-operative;3.8;59;Private;114;7500;Pune;11
Brigade Group;4.3;59;Unknown;34;750;Bangalore;3
Australia and New Zealan;4.1;59;Unknown;185;10000;Melbourne;0
Erection Instrumentation;4.3;59;Private;19;350;New Delhi;12
Simpson;3.9;59;Unknown;180;750;Chennai;2
Fouress Engineering Indi;3.5;59;Private;58;750;Mumbai;2
Pathfinder Business Anal;3.0;59;Unknown;12;350;Coimbatore;0
Shanthi Gears;3.8;59;Public;51;3000;Coimbatore;3
Shriram Properties;4.0;59;Private;25;750;Chennai;4
Sun Technologies Integra;3.5;59;Private;24;350;Alpharetta;3
HWASHIN Automotive;4.2;59;Private;18;3000;Chennai;0
Srei Infrastructure Fina;3.8;59;Public;35;7500;Kolkata;19
Rishabh Instruments;3.5;59;Unknown;35;3000;Nashik;9
Root Industries;3.8;59;Private;50;750;Coimbatore;2
Indo Amines;3.2;59;Public;26;350;Mumbai;4
Home Centre;4.2;59;Private;25;3000;Dubai;17
Taj Lands End Mumbai;3.8;59;Unknown;41;3000;Mumbai;0
Tata Memorial Hospital;4.3;59;Private;79;3000;Mumbai;4
Impulse;3.6;59;Private;38;350;Gurgaon;8
Monginis Foods;4.1;59;Private;64;7500;Mumbai;12
Harsha Toyota;4.2;59;Unknown;;;Hyderabad;5
Kronos Solutions;3.8;59;Private;43;7500;Lowell;1
Damac Properties;2.8;59;Private;18;3000;Dubai;3
Holostik;4.1;59;Public;29;750;Noida;7
Government Medical Colle;3.9;59;Unknown;;;Mumbai;25
Amarprakash Developers;3.6;59;Private;16;350;Chennai;0
PRERANA MOTORS;4.1;59;Private;29;3000;Bangalore;5
International Certificat;3.6;59;Private;21;3000;Mumbai;15
Rishi Laser;4.0;59;Public;28;350;Mumbai;6
K12 Techno Services;3.4;59;Private;10;10000;Bengaluru;6
Utkarsh India;3.6;59;Public;33;3000;Kolkata;3
Celio Future Fashion;4.3;59;Private;35;750;Saint Quen;16
Muthoot Housing Finance;3.8;59;Private;10;350;Mumbai;26
GASCO;4.5;59;Private;49;3000;Abu Dhabi;3
Danblock Brakes;4.4;59;Private;284;10000;Hestehaven;1
Ramky Group;4.2;59;Private;26;7500;Hyderabad;12
Century Pulp & Paper;4.0;59;Unknown;35;3000;New Delhi;2
KSA PowerInfra;4.0;59;Private;9;350;Chennai;10
Joister Infomedia;3.2;59;Unknown;18;750;Mumbai;4
Fastway Transmission Pvt;3.6;59;Unknown;12;3000;Ludhiana;9
Hawa Valves;4.1;59;Private;19;750;Navi Mumbai;2
Great West Global Busine;3.0;59;Private;113;750;Greenwood Village;0
Ray Engineering;4.2;59;Unknown;14;10000;Mumbai;6
DNV GL;4.3;59;Unknown;7;10000;Oslo;9
Vcs Quality Services;3.8;59;Unknown;18;750;Mumbai;10
Balrampur Chini Mills;4.3;59;Public;45;3000;Kolkata;3
Paradise Food Court;3.7;59;Unknown;67;3000;Hyderabad;5
Chaitanya India Fin Cred;3.9;59;Private;11;3000;Bangalore;17
Veritaz Healthcare;3.8;59;Private;15;3000;Hyderabad;15
NEMHANS SOLUTIONS;3.5;59;Unknown;13;350;Bhubaneswar;11
Serdia Pharmaceuticals;4.3;59;Private;34;10000;Mumbai;14
Zerodha;4.4;59;Private;10;750;Bangalore;12
G7 CR Technologies;3.3;59;Private;8;126;Bangalore;0
Jaipur National Universi;3.0;59;Private;13;750;Jaipur;1
Toyo INK;4.0;59;Unknown;9;3000;Tokyo;7
2Adpro;3.4;59;Private;12;3000;Bangalore;1
Smollan Group;3.8;59;Private;89;10000;Johannesburg;13
Manikgarh Cement;4.0;59;Private;33;750;Chandrapur;11
Gauteng Department of Ed;4.2;59;Private;;750;Pretoria;8
Mayfair Hotels & Resorts;4.1;59;Public;38;3000;Bhubaneswar;7
KRYFS POWER COMPONENTS;4.1;59;Private;28;750;Mumbai;8
Axa Parenterals;4.2;59;Unknown;14;;Roorkee;0
Bright Life Care;3.6;59;Private;9;750;New Delhi;19
MagicPin;3.1;59;Unknown;5;750;Gurugram;3
Service Master Clean;4.3;59;Unknown;91;10000;Chicago;21
Balaji Wafers;4.1;59;Unknown;24;3000;Gujarat;4
J Pan Tubular Components;3.7;59;Private;13;350;Greater Noida;4
Oaknet Healthcare;3.4;59;Unknown;5;3000;Mumbai;15
Knowledge Podium Systems;2.8;59;Private;9;350;Dehradun;3
WEBSOL ENERGY SYSTEMS;3.8;59;Public;30;350;Falta;0
Swami Vivekanand Subhart;4.0;59;Private;12;7500;Meerut;0
Ocl Iron & Steel;4.0;59;Public;19;350;Rajgangpur;8
Nabard Financial Service;4.0;59;Public;11;3000;Bengaluru;31
Biophore India Pharmaceu;3.3;59;Private;13;;Hyderabad;0
Mahindra Agri Solutions;4.1;59;Unknown;20;10000;Mumbai;14
Crystal Ceramic Industri;2.9;59;Private;23;350;Ahemdabad;22
DAEWOO E&C;4.6;59;Public;47;7500;Seoul;4
Six Construct;4.4;59;Unknown;55;10000;Dubai;7
Shri Mahant Indiresh Hos;4.1;59;Private;18;750;Dehradun;3
HungerBox;3.6;59;Private;4;750;Bangalore;8
Jaya Hind Montupet (p) L;4.0;59;Private;7;126;Pune;2
Metro One Operation;4.1;59;Private;14;3000;Mumbai;0
Licious;4.7;59;Private;5;3000;Bangalore;2
Texila Educational And M;4.1;59;Private;5;350;Coimbatore;0
IIHT;3.3;58;Private;27;750;Bengaluru;18
MS Technology;3.5;58;Private;29;126;Charlotte;9
Spice Retail;4.0;58;Private;15;3000;New Delhi;15
KGISL;3.2;58;Private;26;3000;Coimbatore;1
Mashreq Bank;3.2;58;Unknown;53;3000;Dubai;3
Amnet Systems;4.1;58;Unknown;20;3000;Chennai;1
Philips Healthcare India;4.0;58;Private;129;;Amsterdam;5
Sun N Sand;4.1;58;Unknown;58;;Mumbai;7
Texport Syndicate India;3.5;58;Public;42;7500;Mumbai;1
Gunnebo;4.2;58;Private;26;3000;Gothenburg;8
Gap;4.0;58;Private;51;10000;New York;9
Cartrade.com;4.1;58;Private;11;3000;Mumbai;10
RM Education Solutions;3.7;58;Private;47;750;Trivandrum;8
APL Logistics;3.8;58;Private;43;7500;Scottsdale;18
Nuclear Power Corporatio;4.3;58;Unknown;33;7500;Mumbai;7
Marathon Electric India;4.0;58;Unknown;107;10000;Wausau;7
GKN Sinter Metals;3.8;58;Private;118;7500;Auburn Hills;3
Gateway Hotel Dubai;4.5;58;Unknown;6;350;Bur Dubai Dubai;13
Alpha Design Technologie;3.7;58;Private;17;750;Bengaluru;4
DigiCaptions India;3.7;58;Private;105;750;Pune;0
District Rural Developme;4.1;58;Private;;350;Guwahati;20
Flowmore;3.9;58;Private;74;350;Gurgaon;7
Just Buy Live Enterprise;3.5;58;Unknown;5;350;Mumbai;7
Eaton Power Quality;3.9;58;Unknown;21;10000;Pondicherry;8
Express KCS;3.9;58;Private;16;750;Milford;3
John Distilleries;3.7;58;Private;24;3000;Bangalore;7
JMR Infotech;3.1;58;Private;13;350;Bangalore;2
Mahindra Electric;3.5;58;Private;26;350;Bengaluru;4
Nahar Spinning Mills;4.0;58;Public;40;10000;Ludhiana;5
ATC (Assam);3.6;58;Private;68;750;New Delhi;17
Ace Creative Learning;4.2;58;Private;22;3000;Bangalore;6
Mehta Cad Cam Systems;3.9;58;Private;31;350;Ahmedabad;9
Simhapuri Energy;3.0;58;Public;15;7500;Hyderabad;2
Morarjee Textiles;4.1;58;Public;149;350;Mumbai;2
Jayem Automotives;3.3;58;Private;51;750;Coimbatore;1
Cube Construction Engine;3.6;58;Public;26;7500;Vadodara;3
Merck Life Science;3.8;58;Private;352;3000;Mumbai;5
KIIT University;4.4;58;Private;28;3000;Bhubaneswar;1
Nikon;4.3;58;Private;103;10000;Tokyo;17
Century Metal Recycling;4.1;58;Public;14;3000;Faridabad;7
Gartner India Research a;3.7;58;Private;21;10000;Gurgaon;4
H'Reck Engineers;3.8;58;Unknown;41;3000;Mumbai;2
Universal Corporation;4.0;58;Private;102;10000;Richmond;14
Radix Electrosystems;3.5;58;Unknown;40;350;Mumbai;6
Jain University;3.3;58;Private;11;3000;Bangalore;0
Bilt Graphic Paper Produ;4.3;58;Public;13;350;Mumbai;4
Lilavati Hospital & Rese;4.5;58;Unknown;23;3000;Mumbai;2
Archidply Industries;4.0;58;Public;44;3000;New Delhi;21
Eastern Book Company;3.7;58;Private;78;750;Lucknow;5
Arkray Healthcare;3.9;58;Private;60;3000;Kyoto;11
SAVA Healthcare;3.8;58;Unknown;17;750;Pune;4
Alstrong Enterprises;3.8;58;Private;19;3000;New Delhi;13
Inorbit Mall;4.4;58;Unknown;16;3000;Mumbai;4
St. Thomas School;3.7;58;Unknown;;;Chennai;15
Sicagen;3.9;58;Public;16;350;Chennai;19
Duroshox;3.4;58;Private;33;750;Pune;0
Eternis Fine Chemicals;3.6;58;Unknown;32;750;Mumbai;0
3F Industries;4.0;58;Unknown;60;3000;Tadepalligudem;10
Leena Powertech Engineer;4.5;58;Private;25;750;Mumbai;5
Rolls-Royce;3.1;58;Private;114;10000;London;4
Toyota Material Handling;4.0;58;Private;64;3000;Gurgaon;12
Recipharm Pharmaservices;3.7;58;Private;25;7500;Bengaluru;1
Home First Finance Compa;3.8;58;Private;10;750;Mumbai;17
CIMS Hospital;4.4;58;Private;19;3000;Ahemdabad;3
Jal International;4.2;58;Private;35;3000;Dammam;6
Bhavani Erectors;4.1;58;Private;35;7500;Kerala;11
DOPET;4.4;58;Unknown;39;3000;Doha;4
Excitel Broadband;3.9;58;Private;5;3000;New Delhi;2
ONKAR DIES;3.3;58;Private;16;350;Nagpur;0
Katerra;3.4;58;Private;5;750;Menlo Park;5
Rashmi Group;3.4;58;Private;54;7500;Kolkata;6
Deepak Phenolics;4.1;58;Unknown;9;;Vadodara;4
Little Millennium;4.2;58;Unknown;12;26;Gurugram;15
Nidec;3.6;58;Private;47;10000;Kyoto;6
Peps Industries;3.8;58;Unknown;14;3000;Bangalore;16
Sand Martin Consultants;3.2;58;Unknown;36;350;New Delhi;3
Lanarsy Infra;3.3;58;Private;17;350;Hyderabad;5
eSense Learning;4.2;58;Unknown;12;350;Mumbai;10
BAIF Development Researc;4.1;58;Private;53;126;Pune;19
Maksat Technologies;4.0;58;Private;20;;New Delhi;12
Al Adrak Trading and Con;3.9;58;Unknown;30;7500;Muscat;9
HYT Engineering;4.0;58;Unknown;43;750;Pune;2
IMCO Engineering & Const;4.0;58;Unknown;50;;Ahmadi;2
Calvin Klein Jeans;4.5;58;Unknown;52;10000;New York;17
Municipal Corporation of;3.6;58;Public;132;7500;Mumbai;3
Anand CY Myutec Automoti;4.0;58;Unknown;28;350;Gurugram;2
Livguard;4.0;58;Private;6;750;Gurgaon;4
Sparsh BPO Services;3.9;57;Public;15;;Mumbai;14
The Grand New Delhi;3.8;57;Private;24;750;New Delhi;3
OEG INDIA;3.7;57;Unknown;13;3000;Chennai;11
Embee Software;3.6;57;Private;33;350;Kolkata;8
Venture Lighting;3.9;57;Private;39;350;Twinsburg;0
Cambata Aviation;4.3;57;Private;66;3000;New Delhi;5
Integrated Enterprises;3.9;57;Private;46;3000;Chennai;15
QBurst Technologies;4.2;57;Private;16;3000;Chantilly;3
Robosoft Technologies;2.8;57;Private;24;750;New Udupi;1
Fulcrum Worldwide Softwa;3.2;57;Private;21;750;Jersey City;0
Motorola Mobility;4.1;57;Private;9;;Chicago;16
Avantor;3.6;57;Private;116;10000;Pennsylvania;13
Minda Stoneridge Instrum;3.7;57;Unknown;25;750;New Delhi;3
The Dow Chemical Company;4.4;57;Private;123;10000;Midland;5
DCM Infotech;3.3;57;Unknown;48;;Gurgaon;5
Mahesh Tutorials;3.4;57;Private;32;26;Mumbai;9
Xplore-Tech Services;3.2;57;Private;16;126;Kolkata;0
ANR Software;3.5;57;Private;16;350;Noida;3
Ajay Industrial Corporat;4.1;57;Private;59;750;Ghaziabad;13
Biesse Manufacturing;3.9;57;Private;12;750;Bangalore;3
Barco Electronic Systems;4.3;57;Private;86;3000;Kortrijk;4
Way2wealth Brokers;3.7;57;Private;36;;Mumbai;15
Shreem Electrics;3.7;57;Unknown;44;750;Kolhapur;14
Dresser-Rand;3.7;57;Private;16;10000;Houston;5
Ihg Group;4.4;57;Private;17;10000;Buckinghamshire;9
Eurolife Healthcare;3.3;57;Private;19;750;Mumbai;5
CIPET;3.9;57;Other;52;350;Chennai;16
Hilton Garden Inn;4.2;57;Private;24;10000;Lancaster;7
Gold Plus Glass Industry;3.1;57;Private;35;3000;New Delhi;5
Durovalves India;3.7;57;Unknown;32;10000;Maharashtra;1
Tupperware;4.1;57;Private;74;10000;Orlando;9
LendingKart;3.6;57;Public;6;750;Ahmedabad;6
Al Jaber Energy Services;4.6;57;Private;26;7500;Abu Dhabi;4
Datatracks Services;3.7;57;Public;15;750;Singapore;0
Simon India;3.6;57;Private;25;350;New Delhi;8
Johnson Matthey;4.2;57;Private;203;10000;London;7
SALARPURIA SATTVA;4.0;57;Unknown;34;750;Bengaluru;4
Taikisha Engineering Ind;3.6;57;Unknown;25;350;Gurgaon;4
CMI FPE;3.9;57;Public;34;350;Mumbai;3
Stumpp Schuele & Somappa;3.8;57;Private;60;3000;Bengaluru;4
Sikka Group;3.7;57;Private;34;3000;New Delhi;4
Saifee Hospital;3.8;57;Unknown;15;350;Mumbai;0
Clarks Inn Group of Hote;3.6;57;Unknown;14;10000;New Delhi;16
Yeshshree Press Comps;4.1;57;Unknown;23;;Aurangabad;0
Dozco;3.5;57;Unknown;37;750;Visakhapatnam;14
GlobalHunt;3.6;57;Private;18;350;New Delhi;9
S & T Engineers (p);3.8;57;Private;53;750;Singapore;11
Sopan O&M;4.1;57;Private;19;3000;Pune;11
Spykar Lifestyles;4.3;57;Unknown;28;3000;Mumbai;13
Supreme Group;4.3;57;Private;63;3000;Dubai;14
Radio City 91.1 FM;4.1;57;Unknown;19;750;New Delhi;20
Injectoplast;3.7;57;Unknown;32;;Kanpur;0
Nyati Group;4.4;57;Private;23;350;Pune;5
Miraj Group;4.0;57;Private;33;350;Nathdwara;8
Sulzer Pumps;4.1;57;Public;186;10000;Winterthur;6
KLAY Schools;3.7;57;Unknown;9;3000;Bengaluru;5
Swiss Garnier Life Scien;3.9;57;Unknown;14;3000;Chennai;2
SAVIC Technologies;3.6;57;Private;4;350;Navi Mumbai;6
Orange City Water;3.6;57;Private;9;3000;Nagpur;1
CyberSWIFT Infotech;3.3;57;Private;23;350;Worthington;3
Antraweb Technologies;3.7;57;Private;28;350;Mumbai;2
Sankara Nethralaya;4.2;57;Private;42;3000;Chennai;0
Layam Management Solutio;3.8;57;Private;13;26;Chennai;13
94.3 MY FM;3.5;57;Private;14;750;Noida;18
Eye Q Vision;4.3;57;Private;13;750;Gurugram;12
Rotostat Services;3.9;57;Unknown;11;350;Mumbai;4
M Power Micro Finance;4.1;57;Private;11;750;Mumbai;9
Pon Pure Chemical;3.8;57;Private;39;750;Chennai;11
Normet;4.0;57;Unknown;58;3000;Peltosalmi;7
Ministry of Home Affairs;4.4;57;Private;73;10000;New Delhi;7
Amara Raja Infra;4.0;57;Private;36;10000;Hyderabad;5
Chennais Amirta Internat;3.2;57;Private;10;750;Chennai;6
S Mobile Devices;4.0;57;Private;8;350;Nagar;4
1ne Click Online;2.4;57;Private;6;750;Gurgaon;13
Narayana Medical College;4.3;57;Private;41;3000;Nellore;4
ElasticRun;3.6;57;Private;104;750;Pune;21
Aga Khan University Hosp;4.6;57;Unknown;37;3000;Karachi;2
Veative Labs;3.4;57;Private;4;350;Singapore;0
V-bazaar Retail;4.1;57;Unknown;4;3000;Gurgaon;18
Wishfin;4.2;57;Unknown;4;750;Noida;1
ALBANY MOLECULAR RESEARC;4.0;57;Private;29;3000;New York;4
IT Source;3.5;56;Public;22;750;Mumbai;13
Carlson Wagonlit Travel;4.1;56;Unknown;26;;Gurgaon;7
Privat Hospital;3.9;56;Unknown;25;;Gurgaon;21
Wissen Infotech;4.1;56;Private;20;3000;Bangalore;2
BSR;3.7;56;Private;28;3000;San Francisco;12
Softcell Technologies;4.1;56;Private;31;750;Pune;6
Lilliput Kidswear;4.1;56;Private;29;7500;New Delhi;15
Aster (India);3.9;56;Private;30;3000;New Delhi;10
AgreeYa Solutions;3.1;56;Private;21;3000;California;2
Chain-Sys;3.8;56;Private;22;26;Grand Ledge;1
Numeric Power Systems;4.2;56;Public;36;3000;Chennai;22
VHB Life Sciences;3.7;56;Unknown;74;;Mumbai;15
Red Hat;4.0;56;Private;27;10000;Raleigh;2
i-Source Infosystems;3.4;56;Unknown;17;;Pune;9
eNoah iSolution;3.6;56;Private;14;350;California;2
UTI Technology Services;3.6;56;Unknown;27;;Navi Mumbai;11
Lowe's;3.7;56;Private;74;10000;Mooresville;0
Virinchi Technologies;3.6;56;Private;29;3000;Edison;0
Sami Labs;3.3;56;Public;29;350;Bengaluru;1
Guardian Lifecare;4.1;56;Private;17;350;Pittsburgh;12
Air Liquide;4.1;56;Unknown;118;10000;Paris;12
Azure Knowledge Corporat;3.3;56;Unknown;17;3000;Palo Alto;5
Outworx Solutions;3.8;56;Private;17;750;San Jose;7
Keys Hotels;4.1;56;Private;14;3000;Mumbai;14
Alghanim Industries;4.2;56;Private;88;10000;Sharq;5
Chembond Chemicals;3.7;56;Public;45;350;Navi Mumbai;6
THERMAL SYSTEMS;3.9;56;Unknown;35;350;Hyderabad;0
Resonance Eduventures;4.4;56;Unknown;9;;Kota;15
S.R. Construction;3.8;56;Private;18;126;New Delhi;13
Fujitec;3.9;56;Unknown;72;10000;Tokyo;11
Casio India Company;3.8;56;Private;24;;New Delhi;15
ICFAI Business School;4.2;56;Private;25;3000;Hyderabad;18
Golden Tulip Hotels;3.9;56;Unknown;58;10000;New Delhi;17
Sarda Energy & Minerals;4.4;56;Public;47;3000;Chhattisgarh;3
PreludeSys;3.9;56;Private;21;750;California;0
Cummins Generator Techno;4.2;56;Private;29;3000;Ahmednagar;4
TLC Relationship Managem;3.5;56;Unknown;18;;New Delhi;11
Reserve Bank of India;4.4;56;Private;85;10000;Mumbai;11
Techno Kart India;3.2;56;Private;17;3000;Mumbai;15
MJ Biopharm;3.7;56;Unknown;21;350;Mumbai;4
Anmol Biscuits;4.0;56;Public;26;;Kolkata;14
Dr L H Hiranandani Hospi;4.1;56;Unknown;16;3000;Mumbai;1
Rich Graviss Products;4.4;56;Private;24;10000;Mumbai;14
Semac Consultants;3.9;56;Private;51;750;New Delhi;6
Velankani Electronics;3.4;56;Private;5;750;Bengaluru;3
Fortune Park Hotels;3.7;56;Private;25;7500;Gurgaon;17
In2IT Technologies;3.4;56;Private;9;750;Irving;6
Parle Elizabeth Tools;3.2;56;Unknown;12;3000;Mumbai;3
Gowtham Model School;3.9;56;Unknown;17;3000;Secunderabad;7
Swastik Enterprises;2.0;56;Private;25;;Kolkata;10
iSource;3.1;56;Private;17;350;Noida;2
Promac Engineering Indus;3.8;56;Unknown;48;350;Bengaluru;1
Pothys;4.2;56;Private;97;750;Chennai;8
Creamy foods;3.9;56;Public;29;350;Noida;9
Medfin India;3.7;56;Unknown;4;126;Bengaluru;0
Euro School;3.8;56;Unknown;19;;Gurugram;11
Obeetee;4.6;56;Private;84;750;Noida;8
Dream Plast India;3.6;56;Unknown;11;350;Pune;2
B M Birla Heart Research;4.0;56;Private;31;750;Kolkata;3
Maven Infotech;2.7;56;Private;12;350;Kolkata;0
HMEL;4.3;56;Private;13;3000;Noida;2
Opulentus Overseas Caree;3.0;56;Private;19;350;Hyderabad;7
Tirupati Medicare;3.9;56;Unknown;15;;Paonta Sahib;3
Can Fin Homes;3.5;56;Public;33;350;Bangalore;19
Etech Global Services;3.8;56;Unknown;23;3000;Nacogdoches;1
Patil Automation;3.3;56;Unknown;5;;Pune;2
Red Tag;3.8;56;Unknown;14;3000;Al Khobar;7
Shipco It;2.9;56;Private;32;3000;Pune;0
Rajagiri Hospital;4.3;56;Unknown;6;;Kochi;1
Indigo Paints;4.1;56;Unknown;20;750;Pune;21
Hamad Medical Corporatio;4.1;56;Unknown;41;10000;Doha;2
Government of Bihar;4.1;56;Private;;350;Patna;8
Finolex Plasson Industri;4.5;56;Private;28;750;Pune;21
United Electronics Compa;4.1;56;Private;;3000;Avenel;22
Aries Agro;4.3;56;Public;51;750;Mumbai;12
Utkal Alumina Internatio;4.5;56;Public;27;750;Rayagada;2
Al Ayuni Investment and;3.8;56;Private;60;10000;Riyadh;2
Evertogen Life Sciences;3.9;56;Private;7;;Hyderabad;1
Kaveri Seed Company;4.1;56;Private;34;;Secunderabad;21
Inditex;4.3;56;Private;57;3000;Arteixo;10
Chetana Publications;3.4;56;Unknown;45;;Mumbai;11
Opgs Power Gujarat;4.1;56;Private;12;;Chennai;5
Auraine Botanicals;3.9;56;Private;6;750;Gurgaon;6
Ibis Hotel Riyadh Saudi;4.3;56;Unknown;20;7500;Riyadh;11
Tata Interactive Systems;4.0;55;Unknown;30;350;Mumbai;11
Godrej Infotech;3.6;55;Private;21;126;Mumbai;3
Tecnotree Convergence;3.3;55;Private;42;750;Espoo;0
Synchronoss Technologies;4.0;55;Private;20;3000;New Jersey;0
Avasarala Technologies;3.9;55;Public;35;750;Bengaluru;2
Synopsys;3.9;55;Public;34;10000;California;5
Micro Focus;3.5;55;Private;44;3000;Newbury;2
M/s. Mahindra Susten;4.3;55;Private;10;750;Mumbai;10
Zicom Electronic Securit;3.5;55;Public;26;750;Mumbai;7
Alchemy Solutions;3.1;55;Private;20;350;Bengaluru;9
SoftwareONE;4.1;55;Private;35;7500;Stans;7
Wep Solutions India;3.9;55;Public;32;350;Bangalore;9
German Remedies;3.9;55;Private;71;750;Mumbai;15
Rockland Hospital;3.4;55;Private;16;750;New Delhi;2
Mandhana Industries;3.8;55;Public;36;;Mumbai;10
ECI Telecom;4.2;55;Private;59;3000;Petah Tikva;10
Cheminova;4.2;55;Private;82;3000;Lemwig;17
Rubicon Research;3.2;55;Private;21;750;Thane;4
Network Techlab;3.8;55;Unknown;24;750;Mumbai;4
General Motors Technical;4.3;55;Unknown;112;3000;Detroit;1
Bausch & Lomb;3.7;55;Private;167;10000;Bridgewater;15
ANY Graphics;3.9;55;Private;21;126;Noida;10
ITCube Solutions;3.5;55;Private;17;350;Pune;1
Acidaes Solutions;3.3;55;Private;19;350;Noida;3
Grauer & Weil (i);4.1;55;Unknown;63;750;Mumbai;9
Athenahealth Technology;3.5;55;Private;23;7500;Watertown;5
Gi Group;3.7;55;Private;22;3000;Milan;14
DUKES;3.7;55;Unknown;36;126;Hyderabad;13
Cheema Boilers;3.8;55;Unknown;21;750;Mohali;4
Ever Electronics;3.3;55;Unknown;;350;Navi Mumbai;1
Amanta Healthcare;3.8;55;Private;22;350;Ahmedabad;5
Medsave Healthcare TPA;3.3;55;Private;18;3000;New Delhi;8
Frick India;3.7;55;Public;58;26;New Delhi;7
Matrix Clothing;4.3;55;Private;40;3000;Gurugram;3
Sri Ramachandra Universi;4.2;55;Private;35;;Chennai;3
Paperchase Accountancy;3.5;55;Private;31;3000;New York;0
Trinity Engineers;3.5;55;Private;47;750;Pune;8
SYNCHRONIZED SUPPLY SYST;4.0;55;Private;13;350;Gurugram;7
Autohangar;4.1;55;Private;29;350;Mumbai;2
JoulestoWatts Business S;3.4;55;Unknown;5;26;Bangalore;7
Fitness First;4.3;55;Private;27;10000;Poole;7
Selectsys;2.8;55;Private;20;126;Knoxville;0
Lakshmi Hyundai;3.7;55;Private;22;;Hyderabad;5
VIS Networks;4.0;55;Private;9;350;Bangalore;8
Adani Gas;4.4;55;Unknown;15;10000;Ahmedabad;11
Contentra Technologies;2.6;55;Private;16;;New Delhi;2
Lakmé Salon;3.9;55;Unknown;40;;Mumbai;18
Regus;3.5;55;Private;31;7500;Luxembourg;13
WPIL;4.2;55;Public;68;3000;Kolkata;6
Kesoram Industries;3.6;55;Public;101;750;Kolkata;8
IIMT Group of Colleges;3.0;55;Private;26;750;Greater Noida;7
Siddha Group;3.4;55;Unknown;34;750;Kolkata;1
C. L. GUPTA EXPORTS;4.2;55;Public;65;750;New Delhi;5
The Millennium School;3.8;55;Unknown;11;3000;Amritsar;15
Gulshan Polyols;4.1;55;Public;20;7500;Muzaffarnagar;5
63 Moons Technologies;3.7;55;Public;25;750;Mumbai;4
Eon Electric;3.4;55;Public;62;750;Noida;8
Zillion Infraprojects;3.9;55;Private;45;3000;New Delhi;7
Mawana Sugars;4.3;55;Public;17;3000;Gurgaon;3
Wow Momo Foods;3.8;55;Private;12;3000;Kolkata;5
Sharadha Terry Products;3.7;55;Unknown;28;3000;Coimbatore;5
Gulf Contracting Co. WLL;4.3;55;Unknown;44;7500;Doha;4
Brihanmumbai Electric Su;4.1;55;Private;147;10000;Mumbai;1
E Pack Polymers;3.7;55;Unknown;21;;Greater Noida;2
J&K Bank;4.3;55;Public;82;10000;Srinagar;16
Quadgen Wireless Solutio;3.7;55;Private;13;750;Pennsylvania;8
Signature Global;3.9;55;Private;12;350;New Jersey;4
Aligarh Muslim Universit;4.7;55;Private;143;3000;Aligarh;3
RT NETWORK SOLUTIONS;3.8;55;Private;9;3000;Kolkata;10
CLP India;4.5;55;Private;18;350;Mumbai;6
Shahnaz Husain Group Of;2.9;55;Unknown;50;750;New Delhi;10
Oman Shapoorji Llc;4.2;55;Unknown;45;7500;Muscat;0
ICSIL;3.5;55;Public;36;7500;New Delhi;0
Saurer Textile Solutions;3.3;55;Unknown;167;;Wattwil;6
Shankar Electricals;4.0;55;Unknown;1;;Bengaluru;3
Covestro;4.4;55;Unknown;5;10000;Leverkusen;7
Piramal Capital Housing;4.1;55;Unknown;2;;Mumbai;11
Tarachandra Engineering;3.8;55;Unknown;22;350;Vadodara;2
Forest Essentials;4.4;55;Private;20;750;New Delhi;12
BRIGHTVIEW TELECOM;3.5;55;Private;12;750;New Delhi;7
Shiva Engineering Servic;4.0;55;Private;11;126;Vadodara;18
Jumeirah International;4.4;55;Unknown;23;10000;Dubai;2
Metahelix Life Sciences;4.1;55;Unknown;20;350;Bengaluru;22
Indian Synthetic Rubber;4.0;55;Private;10;350;Noida;3
Cosmos Impex;3.6;55;Private;33;750;Vadodara;16
Hegde & Hegde Pharmaceut;4.3;55;Unknown;31;;Mumbai;17
Ronch Polymers;3.3;55;Unknown;25;750;Mumbai;3
Optimus Drugs;4.0;55;Private;16;750;Hyderabad;0
Chemie-Tech Projects;3.6;55;Unknown;17;750;Sharjah;8
WM Logistics;3.7;55;Private;9;3000;Houston;0
Bihar Rural Livelihoods;4.3;55;Private;21;3000;Patna;9
Eaton Industrial Systems;4.1;55;Private;21;10000;Pune;2
Zamil;4.1;55;Private;100;10000;Al Khobar;9
C-quel Management Servic;3.4;55;Unknown;20;350;Kolkata;4
IAP Company;3.3;54;Unknown;22;3000;Gurugram;16
Mindfire Solutions;4.1;54;Private;21;3000;New Delhi;1
SBI Capital Markets;3.7;54;Public;34;3000;Mumbai;16
DynPro;3.7;54;Private;24;3000;Raleigh;7
S S Enterprises;4.0;54;Private;;126;Delhi;18
The New Indian Express;3.8;54;Private;88;26;Chennai;18
Chevrolet;4.6;54;Private;109;10000;Detroit;29
Unitech Machines;3.8;54;Private;34;750;Gurgaon;8
IKF Technologies;3.5;54;Public;20;7500;Kolkata;0
Orchid Hotel;4.1;54;Private;13;7500;Mumbai;1
Avon Beauty Products;4.2;54;Private;134;10000;London;11
RMS;3.3;54;Private;17;26;Giza;8
GSPANN Technologies;3.0;54;Private;16;26;Milpitas;1
Aristocrat Technologies;3.3;54;Private;67;3000;North Ryde;3
Mymoneymantra;3.6;54;Private;31;;New Delhi;5
Boeing;3.9;54;Public;104;10000;Chicago;2
Rds Project;4.1;54;Private;28;750;New Delhi;9
Automotive Stampings and;4.0;54;Public;30;750;Pune;5
TAM Media Research;4.4;54;Private;22;750;Mumbai;7
Botree Software Internat;4.3;54;Private;23;10000;Chennai;8
Netxcell;3.3;54;Private;20;3000;Hyderabad;4
Hawkins Cookers;4.2;54;Public;61;350;Mumbai;8
Thirumalai Chemicals;4.3;54;Public;47;350;Mumbai;2
Indus Health Plus;3.7;54;Private;20;350;Pune;12
Metro Shoes;4.3;54;Private;73;3000;Mumbai;16
Setco Automotive;3.6;54;Public;38;750;Mumbai;9
Baggit;4.1;54;Private;31;750;Mumbai;10
Supervisor;4.1;54;Unknown;;750;Hyderabad;29
eTeam;3.3;54;Private;21;126;New Jersey;5
EENADU;4.0;54;Unknown;;;Chennai;8
Phenix Construction Tech;4.1;54;Private;69;750;Ahmedabad;7
Madras Engineering Indus;4.2;54;Unknown;54;;Chennai;4
Jagsonpal Pharmaceutical;3.6;54;Public;56;3000;New Delhi;16
Sanzyme;3.9;54;Private;51;750;Hyderabad;6
Richa Industries;2.9;54;Public;27;750;Faridabad;7
BSC-C&C JV;4.3;54;Unknown;48;;Hyderabad;10
Cryptograph Technologies;2.7;54;Unknown;10;3000;Bengaluru;8
Sowparnika;3.7;54;Private;17;126;Bengaluru;4
Blue Dart Aviation;4.2;54;Private;24;10000;Chennai;9
IAF;4.5;54;Private;;26;Arlington;14
Rentokil Initial;4.1;54;Private;95;10000;Camberley;16
Deepak Fasteners;2.9;54;Unknown;62;3000;Ludhiyana;3
Indian Acrylics;4.0;54;Public;27;750;Chandigarh;4
GE Transportation;4.1;54;Private;124;10000;Chicago;4
Home-revise Education Pv;3.2;54;Private;18;350;Thane;8
Nccl;4.1;54;Unknown;;7500;Mumbai;14
Global Calcium;3.6;54;Unknown;41;;Bangalore;1
Armstrong International;4.2;54;Private;120;3000;Three Rivers;9
Moody International;4.2;54;Private;109;350;Haywards Heath;13
Legato Health Technologi;2.9;54;Unknown;3;7500;Bengaluru;0
ARCADIS;4.0;54;Private;132;10000;Amsterdam;11
Mahindra Sanyo Special S;3.9;54;Private;8;750;Mumbai;1
Government of Madhya Pra;4.1;54;Private;;750;Bhopal;16
MS Education Academy;3.8;54;Private;29;126;Hyderabad;13
Maharashtra Hybrid Seed;4.3;54;Unknown;56;;Mumbai;18
Satvat Infosol;2.8;54;Private;21;350;Chennai;2
Dealmoney Securities;3.3;54;Unknown;15;7500;Thane;10
RMZ Corp;3.7;54;Private;18;350;Bangalore;2
Indo Gulf Fertilisers;4.4;54;Public;;750;Lucknow;13
Kanwar Enterprises;3.9;54;Unknown;23;;Noida;6
GLA University;3.8;54;Unknown;10;;Mathura;1
Easypolicy.com;3.3;54;Private;9;350;Noida;0
Wizard e-Marketing;3.3;54;Private;15;350;Kolkata;1
Vodafone Mpesa;4.3;54;Private;13;10000;Newbury;22
Multi Mantech Internatio;3.4;54;Private;29;350;Ahmedabad;8
Rexel;3.6;54;Private;53;10000;Paris;10
Primus Super Speciality;3.4;54;Private;13;350;New Delhi;2
V.Ships;4.0;54;Private;36;7500;London;7
Asmitha Microfinance;4.3;54;Public;18;350;Hyderabad;22
Best Koki Automotive;3.4;54;Private;12;350;Gurgaon;1
LS Cable;4.4;54;Public;58;7500;Gyeonggi-do;5
Narula Infrastructure;3.8;54;Private;15;350;Kolkata;13
KOREA PLANT SERVICE AND;3.9;54;Private;36;7500;Naju-Si;4
Macmet Engineering;4.0;54;Private;8;350;Kolkata;5
Imdaad;4.4;54;Private;13;7500;Dubai;3
Saija Finance;3.6;54;Unknown;13;;Patna;11
Sridevi Tool Engineers;4.1;54;Private;48;350;Vasai;5
Kintech Synergy;4.2;54;Private;25;3000;Ahmedabad;3
Venkateshwar Hospital;3.5;54;Private;4;350;New Delhi;2
Aequs Aerospace;3.8;54;Private;23;;Belagavi;0
GUILTFREE INDUSTRIES;3.5;54;Public;3;350;Kolkata;18
Oceanic Pharmachem;4.2;54;Private;22;;Mumbai;0
King Plastic Group;3.8;54;Unknown;34;;Singapore;22
Amara Raja Power System;4.0;54;Unknown;35;;Hyderabad;8
Ok Play;3.5;54;Public;31;350;New Delhi;8
Kingfisher Airlines;4.0;53;Public;;3000;Mumbai;14
IBM Info Services;3.4;53;Private;21;10000;Chennai;15
Honeywell International;4.0;53;Private;114;10000;Charlotte;8
Axis Sales;4.1;53;Unknown;;;Mumbai;26
ATS Services;3.7;53;Private;20;350;Faridabad;7
Viveks;4.0;53;Private;55;750;Chennai;3
Trigyn Technologies;3.8;53;Public;34;750;New Jersey;2
Fidelity International;4.0;53;Private;51;350;London;3
Expedia;4.2;53;Private;24;10000;Bellevue;2
Leister Technologies;3.6;53;Unknown;71;750;Sarnen;3
S&P Global;4.1;53;Public;160;;New York;2
TTK Services;3.5;53;Private;20;350;Bangalore;6
HDFC Mutual Fund;4.0;53;Unknown;21;;Mumbai;23
Indraprastha Apollo Hosp;4.2;53;Unknown;;;Delhi NCR;2
Carnival Cinemas;4.0;53;Private;8;;Mumbai;25
Wolters Kluwer;3.3;53;Unknown;33;;Alphen Aan Den Rijn;7
MicroSpark Software Solu;4.4;53;Unknown;11;350;Hyderabad;0
Viteos Capital Market Se;3.2;53;Private;17;;New York;1
Merit Software Services;3.5;53;Unknown;;350;Mumbai;0
Mindcrest;3.2;53;Private;19;;Chicago;0
Napier Healthcare Soluti;2.8;53;Private;24;350;Singapore;1
Pan India foods Solution;4.7;53;Private;20;3000;Mumbai;5
Flex Industries;3.9;53;Unknown;;;Noida;6
Karbonn Mobile;3.8;53;Unknown;;3000;Hyderabad;19
Indus Software Technolog;3.2;53;Private;30;750;Pune;2
Gillette;4.6;53;Public;120;10000;Boston;12
Hotel Hindusthan Interna;3.9;53;Private;51;750;Kolkata;6
Golden Tulip Chandigarh;3.9;53;Private;58;750;Puteaux;11
Windsor Machines;4.3;53;Public;57;750;Ahmedabad;8
Trustline Securities;3.4;53;Private;31;750;Noida;14
Paranjape Schemes Constr;3.8;53;Private;33;350;Pune;5
Bl International;3.7;53;Private;9;3000;Baraily;3
Shri Lakshmi Cotsyn;3.8;53;Public;32;;Noida;4
Starion India;3.9;53;Unknown;;7500;Noida;7
IWS;3.3;53;Private;16;10000;Noida;11
Astute Corporate Service;3.8;53;Private;15;3000;Pune;13
Shivalik Prints;3.9;53;Private;22;3000;Faridabad;0
Bestech India;4.2;53;Unknown;28;3000;Gurugram;0
BITS Pilani;3.8;53;Private;56;750;Pilani;13
Shiksha Infotech;3.6;53;Private;11;750;Bangalore;2
Saxo Bank;3.2;53;Private;28;3000;Copenhagen;0
Modelama Exports;3.8;53;Private;41;3000;Gurugram;3
Skp Business Consulting;3.5;53;Unknown;22;3000;Mumbai;2
Shyama Power India;4.0;53;Public;41;350;Gurugram;5
Aditya Construction;3.3;53;Unknown;18;350;Hyderabad;8
Creativelipi Webtech;3.5;53;Private;17;126;Noida;0
TJSB Sahakari Bank;4.3;53;Private;48;3000;Thane;12
Spaze Towers;3.8;53;Private;14;350;Gurgaon;1
Maxinfra;3.8;53;Private;45;;Hyderabad;2
Lubi Industries Llp;4.3;53;Private;55;3000;Ahmedabad;11
Reliance Foundation Indi;4.0;53;Private;10;3000;Navi Mumbai;12
Windcare India;3.0;53;Private;19;350;Gudimangalam;4
Sakal Media Group;3.9;53;Private;;3000;Pune;12
Sargam Electronics;3.6;53;Private;36;;New Delhi;7
Lumino Industries;3.6;53;Unknown;;126;Howrah;8
Epiroc Mining India;4.2;53;Unknown;;;Mumbai;5
VRC Constructions India;4.0;53;Private;24;3000;New Delhi;9
Shree Balaji Constructio;3.3;53;Private;15;;Ahmedabad;12
Mega Rubber Technologies;3.7;53;Private;25;;Thane;4
Anabeeb;4.2;53;Unknown;37;3000;Dammam;4
FreshMenu;3.7;53;Private;6;750;Bangalore;4
Punjab & Sind Bank;3.9;53;Unknown;;;Chennai;17
Dr Oetker;4.3;53;Unknown;129;10000;Bielefeld;13
Breach Candy Hospital Tr;4.2;53;Unknown;70;;Mumbai;1
LOGICON FACILITY MANAGEM;3.7;53;Unknown;14;3000;Pune;2
Nando's;3.9;53;Private;33;;Johannesburg;8
Connect India E Commerce;3.2;53;Private;5;350;Bangalore;18
Red Bull;4.7;53;Private;33;10000;Fuschl;11
Bangalore Baptist Hospit;4.3;53;Unknown;47;3000;Bangalore;0
IndianOil Skytanking;3.3;53;Private;14;750;Mumbai;5
Gulf Ashley Motor;4.1;53;Private;16;750;Jharkhand;13
Al Naboodah;4.3;53;Unknown;62;;Dubai;1
Castex Technologies;4.0;53;Public;37;750;New Delhi;2
Ul India;4.3;53;Unknown;23;10000;Bengaluru;4
Apollo Fiege Integrated;4.0;53;Private;8;750;Gurugram;14
Lucy Electric;3.9;53;Unknown;208;;Thame;6
Indian Council of Agricu;4.1;53;Private;91;3000;New Delhi;17
Delcure Life Sciences;3.3;53;Unknown;7;350;Thane;10
PFSweb;3.4;53;Private;26;3000;Texas;0
KocharTech;3.5;53;Private;17;;Gurgaon;7
Covalent Laboratories;3.9;53;Private;18;;Hyderabad;2
Echs Polyclinic;4.0;53;Private;;10000;Bareilly;25
Ramee Group of Hotels;3.5;53;Private;35;10000;Dubai;5
Avontix;3.7;53;Private;;350;Hyderabad;1
Cotecna Inspection India;3.8;53;Unknown;46;;Geneva;13
Cure fit;4.0;53;Private;4;3000;Bangalore;7
Rajapushpa Properties;3.7;53;Unknown;14;350;Hyderabad;0
NOVO Medisciences;2.2;53;Unknown;74;;Mumbai;8
Pathkind Diagnostics Pri;3.4;53;Private;4;;Gurgaon;11
Devgiri Forgings;3.6;53;Unknown;;;Mumbai;4
Hcl Foundation;4.5;53;Private;44;750;Noida;0
South Eastern Coalfields;4.4;53;Private;35;;Bilaspur;5
E2E Networks;3.5;53;Private;11;126;Faridabad;4
Army Ordnance Corps;4.7;53;Unknown;245;;Secunderabad;22
Sai Estate consultants.;3.5;53;Private;11;126;Mumbai;15
Konexions Back Office Se;3.8;53;Private;13;;New Delhi;3
Embio Limited mahad Raig;3.8;53;Unknown;34;;Mumbai;3
Nutek;3.5;52;Public;26;3000;Gurgaon;17
SAMSUNG C&T;4.4;52;Private;82;10000;Songpa-gu;3
Calsoft;3.2;52;Private;22;750;San Jose;1
Educational Initiatives;3.7;52;Private;19;350;Ahmedabad;12
S. K Enterprises;3.7;52;Private;13;26;Mumbai;13
Daffodil Software;3.3;52;Private;21;750;Grandville;1
CBSI;3.3;52;Private;22;3000;Bangalore;7
Dotsquares;3.1;52;Private;18;350;Albourne;0
Intelliswift Software;3.3;52;Private;19;350;Newark;3
Syniverse Technologies;3.3;52;Private;33;3000;Tampa;1
Saggezza;3.6;52;Private;17;750;Chicago;5
Safran Engineering Servi;3.1;52;Private;15;3000;Blagnac;0
Lycatel BPO;3.3;52;Private;14;7500;London;0
BT E Serv;3.9;52;Unknown;;;Bengaluru;1
Compunnel;3.2;52;Private;26;350;New Jersey;5
Modi Revlon;4.1;52;Private;;7500;Chennai;15
Diksha Technologies;2.6;52;Private;20;350;Bengaluru;1
Lakshmi Precision Screws;3.5;52;Public;48;3000;Rohtak;0
CCS Computers;4.3;52;Private;;350;New Delhi;12
Vinati Organics;4.3;52;Public;31;3000;Maharashtra;1
Raintree Hotel;4.4;52;Private;10;;Chennai;3
VWR International;4.1;52;Private;16;10000;Radnor,PA;0
Rubamin;4.0;52;Private;35;;Vadodara;0
Yuken India;4.0;52;Public;44;350;Bengaluru;2
Eurofins It Solutions;3.2;52;Private;33;10000;Bangalore;0
Barclays Global Service;4.1;52;Private;13;350;Pune;2
Khivraj Motors;4.0;52;Private;59;350;Chennai;3
IOT Anwesha Engineering;4.0;52;Private;24;350;Vadodara;6
Bull Machines;3.7;52;Unknown;58;;Coimbatore;10
Degustibus Hospitality;4.0;52;Unknown;24;;Mumbai;2
Bafna Motors;3.6;52;Unknown;;;Pune;11
Jotun Paints;4.1;52;Private;100;126;Sandefjord;12
Madras Medical Mission;4.3;52;Private;38;3000;Chennai;2
Regenersis;3.8;52;Private;19;10000;Bangalore;9
Acg Pam Pharma Technolog;4.4;52;Private;59;3000;Mumbai;2
Hotel The Royal Plaza;3.8;52;Private;51;750;New Delhi;2
Laxmi Organic Industries;4.0;52;Public;28;750;Mumbai;2
Varrsana Ispat;4.3;52;Unknown;;;New Delhi;3
Roha Dyechem;3.4;52;Private;48;3000;Mumbai;3
AXIS Solutions;3.3;52;Private;21;;Ahmedabad;5
POSCO;4.5;52;Private;52;7500;Pohang-si;11
Deluxe Entertainment;3.4;52;Private;105;7500;Burbank;0
Hindustan Platinum;3.6;52;Private;59;350;Navi Mumbai;6
Prometric Testing;3.7;52;Private;;3000;Balti;8
Zopper;3.0;52;Private;9;350;Noida;14
Vikram Sarabhai Space Ce;4.6;52;Unknown;58;350;Thiruvananthapuram;0
VRVS Electrical Solution;4.0;52;Unknown;;750;Chennai;3
Swiss Re;3.7;52;Unknown;157;;Zurich;0
Lotus Footwear Enterpris;3.8;52;Private;49;10000;Tamil Nadu;3
Affluent Global Services;3.1;52;Unknown;8;;Hyderabad;1
Klouddata Labs;2.5;52;Unknown;9;350;California;2
Pentagon System and Serv;4.0;52;Private;26;750;Mumbai;14
Kobelco Construction Equ;4.4;52;Private;13;750;Noida;12
A.K.AUTOMATICS;3.8;52;Private;51;26;Hariyana;0
Iceberg Foods;3.3;52;Private;19;126;New Delhi;8
Vortex Engineering;3.8;52;Private;19;350;Chennai;11
JConnect Infotech;3.9;52;Unknown;12;350;Noida;2
e-mug Technologies;3.4;52;Private;19;126;Hyderabad;5
Koye Pharmaceuticals;3.2;52;Unknown;;;Kolkata;18
Preet Tractors;3.5;52;Private;40;;Patiala;14
Globus Infocom;3.3;52;Private;19;350;Noida;6
Jamboree Education;4.0;52;Private;27;350;New Delhi;13
Veritas Finance;4.4;52;Private;5;3000;Chennai;19
BIL Infratech;3.7;52;Unknown;;3000;Kolkata;0
Sj Contracts;4.2;52;Private;29;750;Pune;0
Modern Foods;3.7;52;Private;;10000;Gurgaon;11
Shakti Precision Compone;3.5;52;Private;28;126;Bengaluru;1
Rama Medical College Hos;3.1;52;Unknown;9;;Hapur;7
SMCC Construction India;4.3;52;Private;24;350;New Delhi;8
Suhail Bahwan Group;3.9;52;Private;55;10000;Muscat;8
Micromatic Grinding Tech;4.3;52;Private;47;350;Ghaziabad;3
Brunel;4.3;52;Private;45;10000;Delft;8
Almeer Technical Service;4.2;52;Private;;3000;Vadodara;4
Vkl Seasoning;3.9;52;Private;85;750;Mumbai;8
Azad Engineering;4.2;52;Private;37;;Hyderabad;3
Oman Trading Establishme;3.9;52;Private;29;3000;Muscat;1
Shri Bajrang Power & Isp;4.1;52;Unknown;;3000;Tilda Newra;4
Western Heat And Forge;4.0;52;Private;38;750;Pune;0
Petronas Lubricants;3.7;52;Unknown;12;;Kuala Lumpur;12
Metal man micro turners.;3.8;52;Private;10;3000;Rudrapur;6
BESIX;4.3;52;Unknown;111;;Woluwe-Saint-Lambert;5
Apollo Spectra Hospitals;4.0;52;Unknown;11;3000;Hyderabad;8
P N Gadgil Jewellers;3.8;52;Private;188;350;Pune;12
Polmon Instruments;3.4;52;Private;28;126;Hyderabad;0
AABSyS IT;3.7;52;Private;22;350;Bhubaneswar;1
Premier Irrigation Adrit;3.3;52;Private;55;26;Pial;14
Zenith Precision;3.9;52;Unknown;34;750;Bengaluru;0
Hombale Constructions an;4.5;52;Unknown;13;350;Bangalore;2
Jitm Skills;3.3;52;Unknown;7;;New Delhi;8
Ven Consulting;2.9;52;Private;10;;Banglore;5
Deen Dayal Upadhyaya Gra;4.0;52;Unknown;;;Lucknow;20
Nehru Yuva Kendra Sangat;4.3;52;Unknown;48;;New Delhi;21
Rajan Technocast;3.5;52;Private;28;350;Rajkot;1
Gemini Edibles & Fats In;4.0;52;Public;10;350;Hyderabad;6
Sahara World Management;4.6;52;Unknown;;;Hyderabad;0
GODREJ AND BOYCE MFG. CO;4.2;52;Unknown;123;10000;Mumbai;13
D A V School;4.0;52;Private;;26;Chamba;22
Geometric;3.7;51;Public;26;10000;Mumbai;1
Hindustan Dorr Oliver;3.5;51;Private;108;750;Mumbai;4
Consulting Engineering S;4.3;51;Private;;3000;New Delhi;16
Gateway TechnoLabs;3.1;51;Private;23;3000;Zoetermeer;4
Collins Aerospace;3.5;51;Unknown;;;Hyderabad;0
Frontier Business System;3.7;51;Private;26;750;Bangalore;5
vCentric Technologies;3.6;51;Unknown;15;350;Hyderabad;7
Visteon Technical and Se;4.0;51;Unknown;;;Bengaluru;2
Keltron;3.7;51;Private;47;7500;Thiruvananthapuram;6
Infibeam;3.2;51;Private;13;750;Ahmedabad;4
BookMyShow;3.7;51;Private;21;750;Mumbai;9
Emerson Innovation Cente;3.9;51;Unknown;;;Gurgaon;0
Technicolor;4.1;51;Private;105;10000;Bengaluru;1
TSR Darashaw;3.3;51;Private;94;350;Mumbai;5
Entertainment Network In;4.2;51;Public;;;Ahmedabad;21
Invenio Business Solutio;3.3;51;Private;14;350;Reading;5
Tafe Access;3.9;51;Private;60;126;Chennai;5
Lanco Amarkantak Power;4.2;51;Unknown;19;3000;Gurgaon;2
Basware;3.4;51;Private;35;3000;Espoo;0
Redington Gulf;3.5;51;Unknown;21;3000;Dubai;0
Harsco;4.0;51;Private;167;10000;Camp Hill;3
Black & Veatch;4.3;51;Private;105;3000;Overland Park;1
Ozone Overseas;4.0;51;Private;20;350;New Delhi;10
Lot Mobiles;3.7;51;Private;8;750;Hyderabad;12
Petronet LNG;4.5;51;Public;22;350;New Delhi;3
SPRAY ENGINEERING DEVICE;4.1;51;Unknown;28;3000;Mohali;2
CTX Life Science;3.7;51;Unknown;16;;Surat;0
Capital Float;3.9;51;Unknown;7;750;Bangalore;13
Smith & Nephew Healthcar;3.2;51;Private;;;Mumbai;9
Mansukh Securities & Fin;3.5;51;Private;32;350;New Delhi;7
Schawk;3.9;51;Private;67;3000;Des Plaines;0
Jehangir Hospital;4.0;51;Unknown;74;;Pune;1
Saurashtra Chemicals;4.2;51;Public;;126;Jamnagar;1
TOPSGRUP;2.8;51;Public;50;10000;Mumbai;10
Aasaanjobs.com;3.9;51;Unknown;6;350;Mumbai;5
Poorvika Mobiles;4.3;51;Unknown;16;;Chennai;7
Laxmi Remote India;3.9;51;Private;25;3000;Noida;2
Axis Clinicals;4.0;51;Private;16;350;Hyderabad;1
Hindustan Steelworks Con;3.6;51;Private;56;10000;Kolkata;9
Rajashree Polyfil;4.2;51;Unknown;;;Bharuch;2
Oriental Carbon & Chemic;4.2;51;Public;42;350;Noida;6
Cadmaxx Solutions;3.5;51;Unknown;16;;Bangalore;2
Precot Meridian;4.0;51;Public;58;3000;Coimbatore;4
Prumatech Services;4.0;51;Unknown;24;;Chennai;4
Anglo-French Drugs & Ind;3.8;51;Private;97;750;Bangalore;11
Harvest Gold Industries;3.5;51;Private;27;3000;New Delhi;9
Indorama;4.1;51;Private;45;10000;Chandigarh;10
Ahresty India;4.2;51;Private;13;;Rewari;2
Ascendum KPS;3.8;51;Private;19;750;Cincinnati;2
Om Metals Infraprojects;4.0;51;Public;49;26;New Delhi;7
PAVIT CERAMICS ( P);3.5;51;Private;20;3000;Ahmedabad;16
Smilax Laboratories;3.9;51;Unknown;15;350;Hyderabad;0
Edwise International;3.8;51;Private;29;26;Mumbai;10
Shree Technocrat Communi;3.8;51;Unknown;14;;New Delhi;8
Frigerio Conserva Allana;4.0;51;Private;155;3000;Mumbai;8
Services & Trade Co. LLC;4.0;51;Unknown;43;3000;Muscat;3
Homeocare International;3.6;51;Private;34;750;Hyderabad;14
EVIO;3.8;51;Unknown;6;126;Mumbai;4
Village Financial Servic;3.8;51;Private;15;126;Kolkata;12
EMSON GEARS;3.8;51;Private;50;3000;Ludhiana;2
Pai International Electr;4.1;51;Unknown;20;;Bangalore;6
Lanco Anpara Power;4.3;51;Unknown;;10000;Korba;2
Integrated Cleanroom Tec;4.2;51;Unknown;17;;Hyderabad;1
Pathcare Labs;3.5;51;Unknown;13;;Hyderabad;14
Sri Sri Ayurveda;3.5;51;Private;17;3000;Bengaluru;11
Pioneer Design;3.5;51;Private;11;26;Bengaluru;8
Sembcorp Marine;4.1;51;Private;57;3000;Singapore;1
Al Gihaz Holding;4.2;51;Private;45;3000;Riyadh;2
Shree Sant Kripa Applian;4.0;51;Private;31;3000;Pune;18
La Renon Healthcare;4.3;51;Unknown;13;;Ahmedabad;10
Philip Morris Internatio;4.4;51;Private;33;10000;New York;7
Ardom Telecom;3.8;51;Unknown;11;;Gurgaon;7
J G Hosiery;3.3;51;Private;;26;Pune;4
Xylem Resource Managemen;4.3;51;Private;13;350;Bengaluru;23
Kuantum Papers;4.3;51;Public;41;3000;Chandigarh;1
Sanjivani Credit co Opra;4.5;51;Unknown;;;Mumbai;16
Om Telecom Logistics;4.0;51;Private;35;7500;New Delhi;21
Oneindia BSC;3.7;51;Private;5;350;Bengaluru;0
Tuaman Engineering;3.5;51;Private;13;750;Kolkata;4
SYKES;3.0;51;Private;43;10000;Tampa;1
HCG Cancer Centre;3.8;51;Public;17;3000;Bengaluru;8
Mayasheel Retail Llp;4.2;51;Public;5;3000;Gurgaon;16
Srinivasa Sales & Servic;3.1;51;Unknown;;350;Guntur;6
Agastya International Fo;4.3;51;Unknown;21;3000;Bangalore;16
Sterling Oil Exploration;3.0;51;Private;15;10000;Lagos;3
Combined Group Contracti;4.0;51;Unknown;55;;Ardiya;3
uFaber;3.8;51;Private;7;26;Mumbai;6
Prasad & Company;3.8;51;Unknown;57;750;Hyderabad;11
Newtech Medical Devices;4.4;51;Unknown;;126;Bhopal;4
Brillio Technologies;3.2;51;Unknown;;;Pune;1
Mott MacDonald;4.2;50;Private;118;10000;Croydon;11
MIC Electronics;3.7;50;Public;32;126;Hyderabad;15
Network Solutions;4.0;50;Private;41;3000;Herndon;12
Ogilvy & Mather;4.2;50;Private;72;10000;New York;7
Virtusa Software Service;3.8;50;Public;24;10000;Southborough;3
Geojit Bnp Paribas Finan;3.7;50;Unknown;;10000;Kochi;25
Accountant Anywhere Serv;3.5;50;Unknown;;;Thane;23
Destimoney Securities;3.2;50;Unknown;14;;Mumbai;18
Thoughtfocus Technologie;3.1;50;Unknown;16;3000;Brookfield;1
Lobo Staffing Solutions;4.0;50;Private;17;;Mumbai;14
Tantia Constructions;3.5;50;Public;56;350;Kolkata;4
NaviSite;3.4;50;Private;23;750;Andover;0
Intec Capital;4.3;50;Public;26;126;New Delhi;9
Gokaldas Images;3.5;50;Unknown;;;Coimbatore;2
DHL Lemuir Logistics;4.3;50;Private;51;10000;Bonn;10
Karnataka Bank;3.6;50;Public;96;7500;Mangalore;19
STJ Electronics;4.0;50;Unknown;36;350;New Delhi;5
Tatvasoft;4.0;50;Private;19;350;Ahmedabad;0
Ananth Technologies;3.8;50;Public;28;750;Hyderabad;3
At&t Communication Servi;4.7;50;Unknown;;10000;Chennai;2
EASTMAN EXPORTS GLOBAL C;4.2;50;Unknown;37;;Tirpur;3
Techno Electronics;3.7;50;Public;27;350;Habsiguda;15
SMERA Ratings;2.9;50;Private;15;350;Mumbai;12
Softtech Engineers;3.5;50;Public;24;350;Pune;14
Viacom18 Media;3.9;50;Private;13;3000;Mumbai;5
PCI;4.0;50;Private;72;3000;New Delhi;15
ETA General;3.7;50;Unknown;;350;Chennai;16
Involute Technologies;3.9;50;Private;38;3000;Pune;2
Kazstroy Services;4.4;50;Private;19;10000;Almaty;8
Emerald Jewel Industry I;4.0;50;Public;36;3000;Coimbatore;4
Mukand Engineers;3.7;50;Public;33;350;Thane;12
Krishidhan Seeds;4.0;50;Private;24;750;Indore;12
Tps Infrastructure;3.5;50;Private;30;350;New Delhi;7
XM Software Solutions;4.2;50;Private;;750;Kochi,India;2
Radisson Hotel Group;4.3;50;Unknown;;;Ahmedabad;19
TechNova Imaging Systems;4.4;50;Unknown;49;26;Mumbai;7
Maneesh Pharmaceuticals;3.4;50;Private;45;750;Mumbai;6
Alchemy Techsol India;3.6;50;Private;6;3000;Bangalore;9
Cambridge International;4.3;50;Private;;350;Nawanshahr;15
99acres;4.0;50;Private;15;7500;Noida;9
Marwadi Shares & Finance;4.4;50;Private;;750;Rajkot,Gujarat;12
Psychotropics India;4.1;50;Unknown;;750;Faridabad;1
Feedback Infrastructure;4.0;50;Private;29;7500;Gurgaon;19
TI METAL FORMING;3.8;50;Unknown;;;Pune;3
WHSmith;3.9;50;Private;228;10000;Swindon;8
PSG Hospitals;3.9;50;Unknown;94;;Tamil Nadu;3
Janatics India;4.2;50;Private;43;3000;Coimbatore;12
KDDL;3.9;50;Public;37;3000;Chandigarh;4
Jindal ITF;4.2;50;Private;13;350;New Delhi;10
Radiate E Services;3.0;50;Unknown;9;750;Noida;0
Smart Drive Systems;3.9;50;Private;16;126;San Diego;0
Sampark Logistics;3.1;50;Private;7;;New Delhi;8
Vishay Precision Transdu;3.9;50;Public;10;3000;Basingstoke;2
Rudrabhishek Enterprises;3.6;50;Public;28;126;New Delhi;9
Baskin Robbins;4.3;50;Private;75;26;Canton;14
Simar Infrastructures;3.9;50;Private;11;;Jamnagar;8
Sugal & Damani;3.5;50;Private;31;750;Gurugram;9
INDIAN DESIGNS;4.0;50;Unknown;27;;Bangalore;2
NIMHANS;4.6;50;Private;173;750;Bengaluru;0
Oberthur Technologies;4.1;50;Private;36;3000;Rennes;4
U.S. Polo Assn;4.2;50;Private;;750;New York;20
Sagar Cements;4.2;50;Public;35;750;Hyderabad;2
PP Rolling Mills;3.9;50;Private;73;26;Faridabad;3
EY Global Delivery Servi;3.5;50;Private;31;10000;London;6
Supreme Treon;3.9;50;Unknown;;;Ahmedabad;11
Sresta Natural Bioproduc;3.9;50;Unknown;16;350;Hyderabad;12
Hero Electric;4.1;50;Private;64;126;Gurgaon;8
Fujikura Automotive;4.1;50;Public;135;10000;Koto-ku;0
Central Electronics;3.8;50;Private;;3000;Ghaziabad,India;5
Maaden Phosphate Company;4.6;50;Unknown;23;7500;Riyadh;2
Way2Online Interactive;3.9;50;Private;14;26;Hyderabad;1
Chrysalis High;3.5;50;Unknown;10;;Bengaluru;0
Ashiana Homes;3.6;50;Private;41;750;New Delhi;6
British Paints;3.6;50;Private;;10000;New Delhi;23
Ramani Ice Cream Co.;3.8;50;Private;32;350;Bhopal;11
Interplex Electronics;4.1;50;Private;50;10000;Singapore;0
Orra Fine Jewellery;4.0;50;Private;132;;Mumbai;14
Hitachi Automotive Syste;3.8;50;Unknown;11;10000;Tokyo;2
Terrier Security Service;4.3;50;Private;31;;Bangalore;12
VPS Rockland;3.2;50;Private;18;3000;New Delhi;1
Chirayu Medical College;4.0;50;Unknown;9;;Bhopal;1
Cambridge School;3.5;50;Private;;26;Hardoi;14
Mahindra Research Valley;4.5;50;Unknown;;;Mumbai;1
Prataap Snacks;4.1;50;Public;11;;Indore;9
Chennai Ford;4.1;50;Private;24;3000;Chennai;3
Xeam Ventures;3.8;50;Private;16;3000;Mohali;12
W Pratiksha Hospital;4.0;50;Unknown;;;Jaipur;2
Som Projects (S.P.L);3.9;50;Private;34;126;Gurugram;10
SecUR Credentials;2.4;50;Public;;350;Mumbai;5
Autocal Solutions;3.8;50;Private;18;350;Palghar;9
Phi Seeds;4.3;50;Private;44;10000;Hyderabad;16
Stellar Value Chain Solu;3.5;50;Private;4;3000;Mumbai;11
Ravindra Bharathi School;3.5;50;Unknown;;;Nellore;13
Elite Powertech;3.8;50;Private;;;Delhi;9
Hirschvogel Components;3.8;50;Private;82;7500;Denklingen;0
Shilpa Steel and Power;3.7;50;Unknown;32;350;Nagpur;0
Mumbai District Central;4.6;50;Public;45;350;Mumbai;1
Believers Church Medical;4.1;50;Unknown;;3000;Pathanamthitta;2
Edelweiss Agri Value Cha;4.5;50;Unknown;;;Unjha;22
Plaza Premium Lounge;4.1;50;Public;22;7500;Hong Kong;4
Kissht Finance;3.5;50;Unknown;5;126;Mumbai;10
skillVentory;4.1;50;Private;12;;Mumbai;7
JK Trust Gram Vikas Yoja;4.1;50;Private;75;7500;Thane;18
AYM Syntex;3.9;50;Public;35;;Mumbai;4
Globiva;3.3;50;Unknown;;;Delhi NCR;2
Enhance Business Solutio;2.9;50;Private;;126;Gurgaon;2
BACS HITECH ENGINEERING;4.1;50;Private;2;26;Bhilai Nagar;6
MAHINDRA AND MAHINIDRA;4.5;50;Unknown;;;Kolkata;37
Man Industries;3.8;49;Public;;750;Indore;5
ASAP Infosystems Pvt.Ltd;3.7;49;Private;22;3000;Bangalore;6
Hungama Digital Media En;3.7;49;Unknown;21;;Mumbai;2
Reliance Broadcast Netwo;3.5;49;Unknown;15;;Mumbai;20
Shasun Pharmaceuticals;3.9;49;Public;;350;Chennai;13
Zee News;4.3;49;Public;21;3000;Noida;6
Annet Technologies;3.7;49;Unknown;22;750;Dallas;3
Elico;3.6;49;Unknown;60;;Hyderabad;5
SQS Infosystems;3.8;49;Private;38;3000;Cologne;0
Ducat;3.9;49;Private;21;;Noida;2
ECE Industries;3.6;49;Public;75;750;New Delhi;14
Xpanxion;3.6;49;Private;23;350;Alpharetta;0
Asianet Satellite Commun;4.3;49;Unknown;27;;Trivandrum;13
Asian Colour Coated Ispa;4.1;49;Private;15;750;Gurugram;5
Valdel Engineers & Const;3.7;49;Private;29;350;Bangalore;2
Donear Industries;3.8;49;Public;;;Mumbai;4
Butterfly Gandhimathi Ap;4.1;49;Public;34;3000;Chennai;5
MindGate Solutions;3.0;49;Private;12;750;Mumbai;4
Maini Group;3.9;49;Private;47;26;Bangalore;4
HTC;4.3;49;Private;23;10000;Taoyuan;18
Lifeline Hospital India;3.8;49;Private;35;350;Mumbai;17
Relyon Softech;3.7;49;Unknown;20;350;Bangalore;10
Dembla Valves;3.2;49;Unknown;35;;Thane;4
Systems Plus;3.7;49;Private;33;750;Plano;0
ATC Tires;4.0;49;Private;13;350;Mumbai;8
Billroth Hospitals;4.3;49;Private;30;3000;Chennai;2
Khandelwal Laboratories;4.1;49;Private;75;3000;Mumbai;9
Ergode IT Services;3.2;49;Private;14;350;Mumbai;1
GS Lab;3.8;49;Private;17;350;Pune;0
City Hospital;4.2;49;Private;;750;Bengaluru;13
Sage Metals;4.1;49;Private;37;3000;New Delhi;5
Ozonegroup;4.0;49;Private;17;350;Bangalore;4
SKP Group;3.4;49;Private;22;126;Mumbai;4
MAT Brakes;4.3;49;Private;;750;New Delhi;1
Milltec Machinery Pvt Lt;4.1;49;Unknown;;;Visakhapatnam;5
Shalina Laboratories;3.8;49;Private;35;750;Dubai;4
SunMax Auto Engineering;3.7;49;Private;16;750;New Delhi;5
Birla Sun Life Asset Man;4.0;49;Unknown;26;750;Mumbai;21
Phoenix Contact;4.0;49;Private;97;10000;Blomberg;4
Jindal India Thermal Pow;3.5;49;Private;14;350;New Delhi;3
The West Coast Paper Mil;4.0;49;Public;65;3000;Kolkata;1
RPG Group;3.8;49;Private;41;750;Mumbai;19
Maya Academy of Advanced;4.1;49;Unknown;19;;Mumbai;16
Sophos Technologies;3.8;49;Private;35;3000;Abingdon;3
Motherhood Hospital;3.8;49;Unknown;9;3000;Bangalore;8
Jaypee Brothers Medical;3.8;49;Private;51;350;New Delhi;8
Radisson Blu Plaza Delhi;4.1;49;Unknown;;;Delhi NCR;4
Welkin Telecom Infra;3.6;49;Unknown;;;Srinagar;6
Xylem Water Solutions;4.2;49;Private;9;10000;Rye Brook;7
Rehau Polymers;4.2;49;Private;72;10000;Singapore;7
Teleminds Infotech;3.4;49;Unknown;;;New Delhi;1
Little Flower School;4.1;49;Private;;26;Maryland;13
Birla Century;3.9;49;Private;123;3000;Mumbai;8
Brickwork Ratings;3.3;49;Private;13;126;Bengaluru;10
Panalpina World Transpor;4.1;49;Private;;10000;Basel;7
Burckhardt Compression;4.0;49;Unknown;;;Winterthur;5
Ezeego One Travel Tours;3.8;49;Unknown;14;;Mumbai;4
Franke Faber India;4.2;49;Private;65;26;Pune;12
Manba Finance;3.1;49;Unknown;24;;Mumbai;5
Pulse Pharmaceuticals;3.7;49;Unknown;23;;Hyderabad;11
BRG Group;3.3;49;Unknown;26;3000;Kolkata;3
Titan Laboratories;3.0;49;Private;16;350;Mumbai;1
Clove Dental;4.0;49;Unknown;9;750;New Delhi;7
Nextra Teleservices;3.3;49;Private;14;350;New Delhi;6
TSI-YATRA.COM;3.8;49;Private;;750;Shoreview;14
Monsanto Holdings;4.6;49;Private;19;10000;St. Louis;13
Avasa Hotels;4.1;49;Private;;350;Bengaluru;0
Voith;3.9;49;Private;153;10000;Heidenheim;4
Chandigarh Group of Coll;3.1;49;Unknown;19;;Mohali;1
Metec Design & Construct;3.7;49;Unknown;18;;Chennai;2
Wsp Consultants India;4.2;49;Unknown;;;Delhi NCR;1
Paramount Products;4.0;49;Unknown;47;;New Delhi;1
Live Connections;3.8;49;Private;24;26;Chennai;3
Maschio Gaspardo;3.5;49;Private;55;3000;Pune;7
TI Automotive;3.5;49;Private;20;10000;Oxford;6
Immacule Life Sciences;3.4;49;Private;8;3000;Nalagarh;2
Aryan Imaging & Business;4.0;49;Private;17;;Pune;14
Prudent Corporate Adviso;4.4;49;Private;20;26;Ahmedabad;18
Alpha G Corp Development;3.8;49;Unknown;17;;Gurgaon;5
HelpAge India;4.3;49;Private;42;350;New Delhi;19
The Beer Cafe;4.3;49;Private;8;750;Gurgaon;8
HiTech iSolutions LLP;3.6;49;Unknown;28;3000;Ahmedabad;1
Sneha Farms;3.8;49;Private;38;750;Hyderabad;0
Intellect Bizware Servic;4.2;49;Private;13;350;Mumbai;1
Marc Enterprises;3.8;49;Private;39;;New Delhi;6
DSM SINOCHEM PHARMACEUTI;3.6;49;Private;151;3000;Rotterdam;9
Bsr Infratech India;4.3;49;Private;12;350;Bengaluru;4
Cimpress;3.9;49;Private;25;10000;Dundalk;3
Ultimate Flexipack;4.1;49;Public;33;350;Noida;7
Kalyani Global Engineeri;4.5;49;Private;55;350;Pune;4
Zolostays Property Solut;3.3;49;Unknown;5;750;Bangalore;7
Windlas Healthcare;3.6;49;Private;12;126;Gurgaon;2
Cholamandalam MS Risk Se;4.0;49;Unknown;26;;Chennai;8
Manav Rachna Internation;4.0;49;Unknown;23;;Faridabad;3
Umang Dairies;4.2;49;Public;26;10000;New Delhi;8
Skymet Weather Services;3.8;49;Private;17;126;Noida;9
Fitkids Education and Tr;3.0;49;Unknown;11;750;Bengaluru;8
KEO International Consul;4.4;49;Unknown;56;3000;Kuwait City;3
Lonsen Kiri Chemical Ind;4.2;49;Private;22;750;Ahemdabad;2
Blue Mount;3.3;49;Private;15;126;New Delhi;8
RED CHIEF;3.8;49;Private;23;;Gurugram;15
K2k Infrastructure;4.3;49;Private;;750;Bengaluru;2
Midland Microfin;3.5;49;Unknown;9;;Jalandhar;18
Yashashvi Rasayan;3.8;49;Unknown;30;;Jamnagar;3
Stemmons Business Servic;3.7;49;Unknown;9;;Vadodara;0
EMDAD LLC;4.2;49;Private;41;750;Abu Dhabi;2
Takenaka;4.2;49;Private;83;10000;Osaka;6
Asmacs;4.3;49;Private;36;350;Mumbai;9
Larsen & Toubro Electric;4.4;49;Public;82;10000;Mumbai;14
Freedom English Academy;4.2;49;Unknown;10;26;New Delhi;2
AL Rashid Trading and Co;4.1;49;Private;63;10000;Riyadh;6
Ncc Limted;4.2;49;Public;42;7500;Hyderabad;14
A G Construction;3.9;49;Private;32;126;Ontario;21
Cummins Engine Company;4.5;49;Unknown;;;Goa;5
AGS;4.1;49;Private;9;7500;Newark;11
Tulip Telecom;2.8;48;Public;;3000;New Delhi;15
Gemini Communication;2.8;48;Public;25;3000;Chennai;16
Aster Teleservices;4.5;48;Private;22;;Hyderabad;9
3DPLM Software Solutions;4.2;48;Private;18;3000;Mumbai;1
The Smart Cube;3.2;48;Private;17;350;London;3
Automotive Robotics (Ind;3.7;48;Private;14;750;East Peoria;2
Advocate;4.3;48;Private;19;126;Atlanta;23
Innovative Logistics;4.0;48;Private;4;;Mumbai;15
NBFC;4.2;48;Unknown;;;Chennai;20
Edelweiss Broking;3.9;48;Private;25;7500;Mumbai;20
Mother’s Pride;3.8;48;Private;24;3000;New Delhi;8
ERA Group;3.1;48;Private;30;3000;Noida;10
Corrtech International;4.1;48;Private;38;3000;Ahemdabad;6
Universal Construction M;3.6;48;Public;46;;Pune;9
Kemwell Biopharma;4.1;48;Private;40;;Banglore;0
Shaadi.com;3.9;48;Unknown;24;3000;Mumbai;15
FICO;3.2;48;Private;64;3000;San Jose,California,USA;2
R.k.industries;3.7;48;Public;;26;New Delhi;12
Mobily Infotech;3.7;48;Private;13;7500;Bangalore;1
Lokmat Media;3.7;48;Private;102;;Mumbai;10
Reliable Business Soluti;3.6;48;Unknown;10;3000;Mumbai;2
NELCAST;4.0;48;Public;;;Ponneri;2
Focus Softnet;3.6;48;Private;28;350;Hyderabad;7
Natural Remedies;3.9;48;Private;69;;Bangalore;5
Altruist Technologies;3.6;48;Private;15;126;Panchkula;9
Royal Construction Co;4.1;48;Private;39;750;Chennai;19
A.t.e. Enterprises;4.2;48;Unknown;81;750;Mumbai;10
Atos Worldline;3.6;48;Private;24;10000;Paris;7
Hansa Research Group;3.3;48;Private;37;;Mumbai;12
The Wadhwa Group;4.3;48;Private;51;350;Mumbai;2
Atlas Cycles;4.2;48;Public;69;750;Sahibabad;3
Cactus Communications;3.7;48;Private;18;7500;Mumbai;2
CEVA Logistics;4.3;48;Private;14;3000;Marseille;10
Jubilant Industries;4.2;48;Public;13;10000;Noida;10
PG Electroplast;3.3;48;Public;43;750;Noida;3
RAMADA PLAZA;3.5;48;Public;67;10000;New Jersey;7
Itc Grand Chola Chennai;4.5;48;Unknown;;;Mumbai;2
20 Microns;4.4;48;Public;33;10000;Vadodara;5
Numero Uno Clothing;3.8;48;Private;33;350;Gurugram;13
Crisp System;3.7;48;Private;3;;Chennai;7
NIS Management Private;3.9;48;Private;35;;Kolkata;10
Cross-tab Marketing Serv;3.3;48;Private;20;3000;Redmond;0
OmniActive Health Techno;3.8;48;Public;16;350;Mumbai;4
Steer Engineering;4.1;48;Unknown;27;3000;Bengaluru;0
Grohe;3.6;48;Private;84;7500;Düsseldorf;15
KPC Projects;4.2;48;Private;25;350;Hyderabad;6
Savita Oil Technologies;4.3;48;Public;59;750;Mumbai;8
Datapro;4.3;48;Private;44;126;Florida;9
Thales;4.2;48;Private;;10000;Dubai;7
Louis Dreyfus Commoditie;3.6;48;Private;169;10000;Genève;5
Elcomponics Sales;3.0;48;Private;32;3000;Noida;4
Reydel Automotive;4.2;48;Unknown;2;3000;Paris;0
Fairmont Hotels & Resort;4.4;48;Private;113;10000;Toronto;4
First American Title;4.4;48;Private;131;750;Santa Ana;1
ATUL MOTORS;3.8;48;Unknown;20;;Jamnagar;3
Nucon Aerospace;3.6;48;Private;48;126;Hyderabad;0
Surya Food & Agro;3.8;48;Private;26;750;Noida;10
Ambuja Realty;4.1;48;Private;;26;Kolkata;5
SRC PROJETS;3.7;48;Private;18;;Salem;9
Jawad Business Group;3.2;48;Unknown;60;;Manama;7
Akal Academy;3.9;48;Private;7;7500;Sir;12
Gupta Exim;3.7;48;Private;30;7500;Faridabad;0
Cherry Hill Interiors;4.3;48;Private;33;26;New Delhi;5
Aloft Hotels;4.4;48;Unknown;;;Mumbai;9
Horiba India;3.7;48;Private;75;7500;Kyoto;8
Kalyani Maxion Wheels;4.0;48;Unknown;100;10000;Königswinter;0
Anheuser-Busch InBev;2.9;48;Private;654;10000;Leuven;7
R M Chemicals;4.0;48;Private;25;750;Chandigarh;2
Rays Power Infra;4.2;48;Private;9;350;Jaipur;6
Modern School Kota;3.8;48;Private;;350;New Delhi;11
Asian Paints Home Soluti;3.7;48;Private;78;7500;Mumbai;15
MGNREGA;3.9;48;Unknown;;;Pune;16
Ginger Webs;3.4;48;Private;12;26;Noida;6
SAGE Publications;3.8;48;Private;55;350;Thousand Oaks;4
Smart Brains Engineers A;3.1;48;Unknown;;750;New Delhi;10
Veeraraghvan;3.8;48;Private;31;750;Mumbai;8
Bansal Hospital;4.0;48;Unknown;22;;New Delhi;7
Aakash Hospital;3.7;48;Unknown;;;Bengaluru;3
Vertex Homes;3.1;48;Unknown;26;;Hyderabad;0
Vitromed Healthcare;3.8;48;Unknown;48;;Jaipur;1
ILS Hospital;3.7;48;Private;20;750;Kolkata;2
Cognus Technology;3.2;48;Unknown;12;;Kenton Lane,Harrow;0
Vantage Integrated Secur;3.3;48;Private;30;350;Wolverhampton;6
Epic Research;3.2;48;Private;9;350;Indore;0
Flovel Energy;3.9;48;Unknown;49;350;Faridabad;0
Kalyan Toll Infrastructu;4.2;48;Private;18;3000;Indore;11
Aditya Birla Chemicals;4.2;48;Public;36;3000;Mumbai;10
Nava Bharath Fertilizers;3.8;48;Unknown;15;3000;Hyderabad;13
L&T IDPL;4.3;48;Private;;126;Chennai;12
Al Basti & Muktha LLC;4.0;48;Unknown;46;;Dubai;0
Cadeploy Engineering;3.0;48;Private;8;750;San Ramon;3
Palsons Derma;3.6;48;Unknown;36;;Kolkata;10
Anri Solutions HR Servic;2.8;48;Private;17;350;Delhi;2
Avanti Learning Centres;4.0;48;Unknown;8;;Mumbai;11
Dangote Industries;4.1;48;Private;42;;Lagos;3
ACN Health care;3.0;48;Private;9;10000;Wilmington;1
KCCEC;3.7;48;Private;;10000;Mumbai;2
Vision Rx Lab;4.1;48;Unknown;61;3000;Kolkata;13
S K Patodia & Associates;3.7;48;Unknown;28;350;Mumbai;12
DHL Global Forwarding;3.8;48;Private;205;3000;Bonn;9
Laxmi Civil Engineering;4.0;48;Unknown;20;;Kolhapur;11
Montage Enterprises;4.1;48;Private;;3000;Delhi;4
Aerial Services;3.9;48;Unknown;53;;Cedar Falls;18
Jumbo Finvest India;4.2;48;Private;22;750;Jaipur;10
Solarig Gensol Utilities;3.6;48;Private;;750;Ahmedabad;5
Ddrc Srl Diagnostics;4.0;48;Unknown;37;3000;Ernakulam;9
Narayana Multispeciality;4.2;48;Unknown;;;Barasat;7
Btl Epc;2.7;48;Public;57;750;Kolkata;2
Opus Consulting Solution;3.8;48;Unknown;23;350;Alpharetta;5
Preca Solutions;3.8;48;Private;12;350;Hyderabad;0
Colorbar Usa;4.0;48;Private;16;;New Delhi;19
Citykart Retail;4.2;48;Private;;750;New Delhi;10
Vini Cosmetics;4.3;48;Private;11;26;Ahmedabad;14
NTEX TRANSPORTATION SERV;3.7;48;Unknown;;;Ahmedabad;15
Safari Company;3.8;48;Private;;126;Lagos;9
Agrostar;4.0;48;Unknown;7;750;Pune;5
ART Affordable Housing F;3.5;48;Private;;350;Gurgaon;19
Platinum Waltech;2.0;48;Private;23;750;New Delhi;14
Royaloak Incorporation;3.1;48;Private;18;350;Bangalore;5
Karuna Greentech;2.6;48;Private;5;;Kolkata;12
OM Careers;3.2;48;Private;;26;Ludhiana;0
Valenta BPO Solutions;3.6;48;Private;9;126;Brisbane;2
TARV TECHNOLOGIES;3.5;48;Unknown;13;;Chennai;12
Finolex;4.0;48;Unknown;64;;Pune;11
Citi Financial;4.3;47;Unknown;;;Ahmedabad;26
Daksh eServices;4.0;47;Unknown;;;Chandigarh;6
Hindustan Motors;3.9;47;Public;78;;Kolkata;10
Tecpro Systems;4.0;47;Public;18;3000;Gurgaon;10
BCG;3.6;47;Private;57;10000;Boston,USA;7
Q3 Technologies;3.3;47;Private;29;350;Boston;3
ABG Shipyard;4.0;47;Public;35;750;Mumbai;3
Rose Valley Group Of Com;4.0;47;Private;;;Kolkata;18
Toshiba Software India;3.2;47;Unknown;;;Pune;1
ALSTOM T&D;4.5;47;Private;92;10000;Saint-Ouen;9
Anupam Industries;3.4;47;Private;47;750;Anand;6
MSCI;3.6;47;Private;51;3000;New York;0
Macquarie Global Service;3.2;47;Unknown;51;;Sydney;0
Kaar Technologies;2.9;47;Private;14;750;Chennai,India;2
Abir Infrastructure;4.0;47;Private;15;750;New Delhi;1
Competent Automobiles;4.1;47;Private;35;350;New Delhi;7
Talentica Software;4.6;47;Private;17;350;Pune;0
SSA;3.8;47;Private;39;26;Alexandria;14
Classic Stripes;4.3;47;Private;33;750;Mumbai;6
Flourish Pure Foods;2.3;47;Private;10;750;Ahmedabad;7
Amul Dairy;4.3;47;Private;72;750;Ahmedabad;19
Inube Software Solutions;3.2;47;Private;10;126;Bangalore;1
Navnit Motors;3.8;47;Unknown;34;;Mumbai;6
Hospet Steels;3.9;47;Private;;750;Mumbai;3
Vwr Lab Products;4.0;47;Private;14;;Bangalore;1
Sara Sae India;4.0;47;Private;;126;Delhi,CA;5
Galaxy Toyota;4.0;47;Unknown;;;Delhi NCR;1
Cement Manufacturing Com;3.8;47;Private;16;3000;Dibrugarh;8
Allied Nippon;3.9;47;Unknown;38;;Luton;6
TCL;4.0;47;Private;39;10000;Huizhou;12
SALESFORCE;4.1;47;Unknown;21;;San Francisco;6
Gvk Power & Infrastructu;4.3;47;Public;15;10000;Secunderabad;6
Rp Telebuy Skyshop;3.3;47;Private;14;750;Chennai;9
Eagleburgmann;4.0;47;Private;;126;Houston;7
Moody's Analytics Knowle;3.4;47;Unknown;;;Guruvayoor;2
CSM Technologies;4.0;47;Private;22;750;Bhubaneswar;5
Alf Engineering;4.2;47;Private;40;750;Nashik;5
Sheorey Digital System;3.2;47;Private;27;;Mumbai;0
Ups Jetair Express;3.8;47;Unknown;;;Ahmedabad;11
IDBI Capital;3.7;47;Public;27;350;Mumbai;17
MRC Logistics;3.7;47;Unknown;49;;Pune;11
Artson Engineering;4.2;47;Public;42;;Mumbai;7
Saint Gobain Sekurit Ind;4.2;47;Public;47;;Pune;9
Ubisoft Entertainment;3.4;47;Private;34;7500;Montreuil;0
Mangalam Cement;4.2;47;Public;44;3000;Kolkata;9
Birla Gold Premium Cemen;4.5;47;Private;46;10000;Mumbai;7
Theon Pharmaceuticals;3.5;47;Private;15;750;Panchkula;5
Ester Industries;3.7;47;Public;35;750;Gurgaon;2
Stesalit;3.6;47;Private;10;750;Kolkata;10
Pearl Academy;3.6;47;Private;27;350;New Delhi;6
Eldeco Infrastructure &;4.0;47;Private;20;350;New Delhi;5
Covenant Consultants;4.3;47;Unknown;;350;Guwahati;4
RasGas;4.6;47;Unknown;19;;Doha;0
Capital Business Systems;3.9;47;Unknown;70;;New Delhi;10
Unique Builders;3.6;47;Private;18;3000;Jaipur;5
Supertron Electronics;4.4;47;Private;27;750;Kolkata;19
Lotus Labs;3.7;47;Private;19;350;Bangalore;2
Madhu Silica;3.8;47;Unknown;42;;Bhavnagar;0
Marg Compusoft;3.6;47;Unknown;;;Jaipur;8
PES Engineers;4.2;47;Private;39;3000;Hyderabad;4
Alliance India;4.1;47;Private;;126;Mississauga;9
Power2sme;3.5;47;Unknown;9;350;Gurgaon;5
MOH;3.8;47;Public;;;Kota;7
Inteva Products;3.6;47;Private;12;7500;Troy;1
Anjani Technoplast;3.4;47;Private;32;350;Greater Noida;0
Enkei Wheels India;4.3;47;Public;11;;Pune;1
Modern Construction Comp;4.0;47;Unknown;;;Noida;9
K K Construction;3.9;47;Private;;;Dibrugarh;12
Gujarat Sidhee Cement;4.4;47;Public;;;Rajkot;4
Omega Elevators;4.0;47;Private;35;750;Ahmedabad;17
Ritu Kumar;3.2;47;Private;51;126;Gurgaon;13
Desai Construction;4.1;47;Private;;;Vapi;11
Huber Suhner Electronics;4.2;47;Private;51;3000;Zurich;1
Navneet Education;4.1;47;Public;61;;Mumbai;11
OodlesTechnologies;3.2;47;Private;11;350;Gurugram;0
Brandix India Apparel Ci;4.0;47;Unknown;;;Visakhapatnam;0
Ts Tech Sun India;3.5;47;Private;;;Delhi;5
Three D Integrated Solut;3.2;47;Private;;3000;Gurgaon;8
Rucha Engineers;4.0;47;Unknown;;;Sanand;3
Juma Al Majid Group;4.0;47;Private;70;;Dubai;3
Springer Nature;4.1;47;Unknown;5;;London;1
ContinuServe Softech Ind;3.5;47;Private;17;126;Cambridge;0
KisanKraft Machine Tools;3.6;47;Private;15;126;Bangalore;9
Graphic Era University;3.8;47;Private;27;350;Dehradun;4
Sun Business Solutions;3.9;47;Private;;3000;Chennai;14
Bandhan Financial Servic;3.7;47;Unknown;;;Surat;16
Brindavan Agro Industrie;4.0;47;Private;;350;Agra;4
Nagata India;4.6;47;Unknown;21;;Gurugram;4
SEPCO ELECTRIC POWER CON;4.0;47;Private;68;10000;Jinan;11
Department of Agricultur;4.2;47;Unknown;;;Hyderabad;26
Vydehi Institute Of Medi;3.7;47;Unknown;;;Jaipur;0
Irvine Infocom;3.1;47;Private;;350;Noida;2
Refex Energy;3.7;47;Private;12;126;Mumbai;12
Calderys India Refractor;4.1;47;Private;;;Murwara (Katni);7
Champ Info Software;2.9;47;Unknown;9;;Noida;2
ARCIS e Services;3.7;47;Private;33;350;Gurgaon;6
Keller Ground Engineerin;4.2;47;Private;160;10000;London;4
Concur Technologies;4.3;47;Unknown;27;7500;Bellevue;0
Skechers;4.4;47;Unknown;28;;California;22
Groupe Seb;3.5;47;Unknown;47;;Ecully;12
SIMA Labs;3.7;47;Unknown;32;350;New Delhi;2
VK Building Services;3.7;47;Private;15;350;Bangalore;2
Pradan;4.3;47;Private;;3000;New Delhi;8
Himedia Laboratories;3.8;47;Private;;750;Mumbai;5
Distinctive Technologies;2.1;47;Private;6;350;Mumbai;8
Multani Pharmaceuticals;4.0;47;Private;34;3000;New Delhi;4
Indo-Tibetan Border Poli;4.5;47;Private;;10000;Chandigarh;11
Rcc Infra Ventures;3.9;47;Unknown;37;750;Gurgaon;10
Karuna Management Servic;3.1;47;Unknown;25;750;Kolkata;5
BMD;4.1;47;Private;77;350;Galt;6
DULSCO;3.8;47;Private;85;750;Dubai;3
China Steel Corporation;4.1;47;Unknown;49;10000;Kaohsiung;2
Titan Engineering & Auto;4.2;47;Private;26;750;Hosur;0
Rimini Street;4.0;47;Unknown;15;;Las Vegas;0
ECOS (I) MOBILITY & HOSP;4.3;47;Private;;3000;New Delhi;6
ABES Engineering College;3.7;47;Private;20;26;Ghaziabad;7
Redco International Wll;3.8;47;Unknown;38;10000;Doha;0
BPR Infrastructure;3.9;47;Unknown;;;Hyderabad;1
B9 Beverages;4.4;47;Private;;350;New Delhi;9
Gram Tarang Employabilit;4.3;47;Private;11;;Bhubaneswar;7
Rane Die Cast;4.1;47;Unknown;;;Sadasivpet;3
Avanti Feeds;3.9;47;Public;27;750;Hyderabad;11
Aljaber Engineering;4.2;47;Private;25;7500;Doha;2
Avi Solar Energy;4.4;47;Private;10;350;Bangalore;4
Central Institute of Min;4.3;47;Private;;350;Dhanbad;4
Dishman Carbogen Amcis;4.2;47;Unknown;38;750;Bubendorf;2
Taco Bell;4.1;47;Unknown;;;Chandigarh;8
Doodleblue Innovations;4.4;47;Private;9;26;Chennai;0
Thirumeni Finance;4.6;47;Private;36;750;Bengaluru;21
Dr. Sulaiman Al Habib Me;3.9;47;Unknown;25;;Riyadh;6
Mondelez India Foods - E;4.5;47;Unknown;;;Delhi;16
Realince Jio Infocomm;4.3;47;Unknown;;;Ahmedabad;27
Effort BPO;3.7;46;Private;16;126;Thane;4
GSS Infotech;3.6;46;Public;21;750;Hyderabad,India;2
AREVA T&D;4.5;46;Private;;10000;Paris;12
Hughes Communications;3.6;46;Private;27;750;Gurgaon;8
Sony India Software Cent;3.5;46;Unknown;;;Hyderabad;6
Broadcom;3.8;46;Private;29;10000;California,United States;0
MAQ Software;2.4;46;Private;20;350;Redmond,WA (US);0
Infosys Consulting;3.3;46;Unknown;16;;Zurich;7
Optimus Global Services;4.3;46;Unknown;;;Hyderabad;2
IMImobile;3.1;46;Private;20;350;London;2
Aranca;3.3;46;Private;17;750;Mumbai;0
UniverCell Telecommunica;3.8;46;Private;23;3000;Chennai;14
Aplab;3.7;46;Public;56;750;Thane;7
MM Forgings;3.7;46;Public;;;Tirunelveli;2
Integra Micro Systems;3.8;46;Private;38;350;Bengaluru;5
Pyro Networks;3.6;46;Private;21;350;Hyderabad;13
Growel Softech;3.2;46;Private;21;350;Pune;4
SP Apparels;4.2;46;Public;;;Patna;8
Toluna;3.3;46;Private;20;750;Paris;1
TCI;4.1;46;Private;;350;Taipei;16
NIIT SmartServe;3.1;46;Private;14;126;India;3
Delhi International Airp;4.0;46;Unknown;;;Delhi NCR;2
ICRA Online;4.0;46;Unknown;;;Hyderabad;1
UTi Worldwide;4.1;46;Private;34;10000;Long Beach;7
Kmg Infotech;3.4;46;Unknown;30;7500;New York;2
Lanco Solar Energy;4.2;46;Private;;;Hyderabad;8
SCM Garments;3.6;46;Private;31;3000;Tirupur;6
ILJIN AUTOMOTIVE;3.9;46;Unknown;47;;Seoul;5
SS Construction;4.2;46;Private;;350;Jhajjar;12
Claas;4.1;46;Private;;750;Moscow;7
Global Talent Track;4.1;46;Private;12;26;Pune;3
Born Commerce;3.7;46;Unknown;;;Bengaluru;1
Fresh & Honest Cafe;4.1;46;Unknown;;;Chennai;7
Qualtech Consultants;3.8;46;Private;17;350;Noida;2
Pradot Technologies;3.7;46;Private;;26;Indianapolis;2
Vcare (India);3.9;46;Private;;750;Chennai;10
GNFC;4.4;46;Private;44;3000;Bharuch;6
CNSI;3.9;46;Unknown;26;3000;Rockville;0
JSM Corporation;3.7;46;Private;15;26;Mumbai;8
Technocraft Industries;3.9;46;Public;48;;Mumbai;4
Etihad Airways;4.3;46;Private;;10000;Abu Dhabi;8
Carwale;4.1;46;Private;15;126;Navi Mumbai,India;13
Klaus IT Solutions;3.7;46;Private;9;350;Bengaluru;2
Sinhgad Technical Educat;3.5;46;Private;27;350;Pune;2
Sundaram Bnp Paribas Hom;4.3;46;Unknown;;;Hyderabad;22
Flytxt Mobile Solutions;4.2;46;Private;12;350;Nieuwegein;3
LUK INDIA;4.4;46;Private;;126;Fitchburg;3
ValueFirst Digital Media;3.9;46;Private;17;;Gurugram;3
ISKCON;3.8;46;Private;;;India;8
Rotex;3.8;46;Public;53;350;Mumbai;5
Lbf Travel;3.6;46;Private;10;;San Diego;3
Bhartiya International;4.0;46;Public;33;10000;New Delhi;3
Colorplus Fashions;4.5;46;Private;27;750;Thane;13
TDI International India;3.1;46;Private;34;26;New Delhi;9
Choksi Laboratories;3.2;46;Public;38;126;Indore;3
Alshaya Outsourcing Comp;3.5;46;Unknown;;26;Jeddah;3
Mukesh & Associates;4.0;46;Unknown;34;;Salem;8
Cachet Pharmaceuticals;3.8;46;Private;42;750;Mumbai;7
Symed Labs;3.7;46;Unknown;23;;Hyderabad;0
Skypro Technologies;3.6;46;Unknown;7;26;Bengaluru;5
New Swan Enterprises;3.5;46;Private;35;26;Ludhiana;6
Japfa Comfeed;4.2;46;Unknown;45;;Jakarta;6
Au Housing Finance;3.6;46;Private;9;;Jaipur;19
RG Group;2.9;46;Private;20;350;New Delhi;3
Public Health Foundation;4.6;46;Unknown;14;;New Delhi;11
Shabari Telecable Networ;3.6;46;Unknown;30;;Bengaluru;1
Bekaert Industries;4.1;46;Private;140;7500;Zwevegem;2
Spectro Analytical Labs;4.3;46;Private;25;750;New Delhi;3
Sri Balaji Action Medica;4.2;46;Unknown;;;New Delhi;1
Orient Fashions;4.5;46;Private;;;Mumbai;2
Pervacio;2.9;46;Private;16;350;Irving;1
A.M. MOTORS;4.1;46;Private;20;26;Noida;7
MindSquare Technologies;3.4;46;Private;8;126;Bangalore;10
Sas International;3.7;46;Unknown;;;Pune;9
Putzmeister Concrete Mac;3.8;46;Private;;3000;Kolkata;12
Adhunik Power;3.8;46;Unknown;8;750;Kolkata;1
SARE Homes;3.4;46;Private;14;350;Gurgaon;5
Swafe Business Process M;3.3;46;Private;;26;Bangalore;13
Saraswati Vidya Mandir;4.0;46;Unknown;;;Lucknow;13
AMBUJANEOTIA;4.3;46;Unknown;;3000;Siliguri;2
Simplex Castings;3.3;46;Public;50;750;Mumbai;2
Collegedunia;3.1;46;Private;6;26;Delhi;4
Globus Spirits;3.6;46;Public;28;350;New Delhi;6
Overseas Health Care;3.0;46;Unknown;;;Ahmedabad;21
PPD;4.1;46;Unknown;;;Hyderabad;1
Padmini VNA Mechatronics;3.7;46;Private;29;750;Gurugram;0
Shivashakti Bio Technolo;4.1;46;Unknown;24;;Hyderabad;12
INIFD;4.0;46;Private;25;126;Chandigarh;17
The Nuance Group AG;3.7;46;Private;;3000;Noida;7
Central Academy School;4.1;46;Unknown;;;Alwar;8
Theobroma Foods;3.7;46;Private;7;750;Mumbai;5
Macurex Sensors;3.7;46;Private;;750;Bangalore;0
Golden Star Facilities S;4.7;46;Private;12;750;Hyderabad;5
Noble Hospital;4.2;46;Private;;26;Pune;8
Mahindra Rise;4.2;46;Unknown;;10000;Chennai;15
Magicon Impex;4.0;46;Private;;350;New Delhi;14
Adyard Abudhabi LLC;4.3;46;Unknown;24;3000;Abu Dhabi;3
Toto India Industries;4.6;46;Unknown;;;Mumbai;6
IMA-PG;3.8;46;Private;59;3000;Mumbai;3
Radcliffe School;4.0;46;Unknown;;;Indore;12
Central Warehousing Corp;4.1;46;Private;63;7500;New Delhi;15
bgr Mining infra pvt Ltd;4.1;46;Private;32;7500;Hyderabad;4
Indus Hospital;4.4;46;Unknown;13;;Karachi;7
Fortune Integrated Asset;4.1;46;Private;;;Mumbai;21
Hyundai Glovis;4.1;46;Public;19;;Gangnam-gu;2
Alshaya International Tr;4.6;46;Unknown;;;Mirqab;8
Sustainable Agro-commerc;4.0;46;Private;9;126;Mumbai;17
PizzaExpress;4.3;46;Private;55;10000;London;6
Falcon Autotech;3.5;46;Private;16;350;Greater Noida;3
TVS Supply Chain Solutio;3.7;46;Unknown;;;Hyderabad;12
Health Insurance TPA of;3.1;46;Unknown;;;Chennai;5
Sud Life Insurance;3.4;46;Unknown;;;Mumbai;27
YLG Salon & Spa;3.9;46;Unknown;11;;Bengaluru;0
BanasDairy;4.2;46;Private;51;3000;Palanpur;6
SIAC SKH India Cabs Manu;3.6;46;Unknown;;;Pune;5
Davita Care;4.4;46;Unknown;11;26;Bangalore;9
Reliance Lifestyle Holdi;4.3;46;Unknown;;;Chennai;13
Kohinoor Speciality Food;4.0;46;Unknown;9;;Delhi;12
Nifco India;4.2;46;Unknown;10;750;Hikarinooka;1
Al Bawani Co.;4.0;46;Private;29;3000;Riyadh;2
Gm Infinite Dwelling;3.8;46;Private;58;350;Bengaluru;0
Decon Telecom Solutions;3.4;46;Unknown;;;Meerut;10
Contacare Eye Hospital;3.1;46;Unknown;;;Aurangabad;13
Nephrocare Health Servic;4.1;46;Private;11;750;Hyderabad;19
Khatib & Alami;4.1;46;Private;;26;Sharjah;5
Mp birla Cement;4.4;46;Unknown;;;Nagpur;16
Mvs Acmei Technologies;3.8;46;Private;11;350;Hyderabad;4
Secure Parking Solutions;4.1;46;Private;41;350;Mumbai;5
Dangote Cement;4.4;46;Unknown;39;3000;Lagos;3
South Central Railway;4.4;46;Private;54;3000;Secunderabad;11
TFG Vacations;3.9;46;Private;;350;Janakpuri;11
Private Ferm;4.0;45;Unknown;;;Hyderabad;20
Csc Computer Education;3.8;45;Unknown;;;Hyderabad;15
Garments India;4.3;45;Private;;26;Carlstadt,NJ (US);16
Saama Technologies;3.4;45;Private;23;750;Campbell;0
SG Analytics;3.2;45;Private;14;350;Pune;0
HDIL;3.2;45;Public;24;750;Mumbai;2
PE Electronics;3.3;45;Private;10;350;Mumbai;15
Scientific Games;3.7;45;Unknown;47;;Las Vegas;1
Evoke Technologies;3.8;45;Private;17;750;Dayton;0
Total Environment Buildi;3.8;45;Private;24;350;Bangalore;0
Wildnet Technologies;3.5;45;Private;14;350;Noida;0
Visteon;4.2;45;Private;20;10000;Michigan;2
Abu Dhabi Commercial Ban;3.8;45;Unknown;35;;Abu Dhabi;3
Via.com;3.7;45;Private;14;;Bangalore;7
Datacomp Web Technologie;3.5;45;Private;35;350;Mumbai;6
Apps Associates;3.5;45;Private;18;3000;Westford,MA,USA;0
Prolific Systems & Techn;3.8;45;Private;23;350;Thane;14
Trimble;3.9;45;Private;;7500;Sunnyvale;3
Radhakrishna Foodland;4.2;45;Private;;3000;Mumbai;10
HI-Tech Outsourcing Serv;3.9;45;Private;28;750;Kolkata;9
SBL;3.9;45;Private;15;750;Cochin;10
Oberoi Flight Services;3.8;45;Unknown;86;;New Delhi;6
Executive Ship Managemen;4.1;45;Private;22;10000;Singapore;3
LKP Securities;3.6;45;Public;72;;Mumbai;10
Weir Minerals;4.0;45;Private;149;10000;Glasglow;3
Amrit Feeds;3.9;45;Private;;350;Gurugram;11
C1 India;3.5;45;Private;20;126;Gurgaon;5
Engineering Projects;4.2;45;Private;;3000;New Delhi,India;14
Himadri Chemicals & Indu;4.0;45;Public;36;3000;Kolkata;1
eMudhra;3.7;45;Private;12;126;Bangalore;10
Kevin Process Technologi;3.2;45;Private;25;;Ahmedabad;1
AVON Facility Management;4.3;45;Unknown;12;;Bangalore;14
GraphX Solution;3.2;45;Unknown;;;Bengaluru;0
Sahyadri Industries;3.6;45;Public;73;;Pune;10
Ani Instruments;3.8;45;Private;;;Mumbai;14
Red FM 93.5;3.9;45;Private;;3000;Delhi;20
Prompt Personnel Consult;4.0;45;Private;23;26;Mumbai;11
Wellknown Polyesters;4.1;45;Public;24;750;Mumbai;3
Malladi Drugs & Pharmace;4.0;45;Private;40;750;Chennai;4
Hanu Software Solutions;3.7;45;Private;18;126;Princeton;1
ATS ELGI;4.3;45;Unknown;13;350;Coimbatore;11
Godrej Tyson Food;4.1;45;Public;12;;Mumbai;8
Bodal Chemicals;4.0;45;Public;31;;Ahmedabad;1
IFTM University;3.7;45;Private;24;3000;Moradabad;7
Aeries Technology;3.9;45;Private;;;Mumbai;3
PerkinElmer;3.8;45;Private;83;7500;Waltham;8
Zen Technologies;3.6;45;Public;27;;Hyderabad;3
Albert David;4.0;45;Public;82;;Kolkata;7
BSL;3.6;45;Public;49;3000;Bhilwara;8
Datavail Infotech;2.6;45;Private;13;126;Broomfield;2
J. C. Penney;3.9;45;Private;118;10000;Plano;2
Life Care Hospital;4.0;45;Unknown;;;Udgir;12
Kewal Kiran Clothing;4.2;45;Public;39;3000;Mumbai;5
Vishnu Solutions;3.1;45;Private;20;350;Kolkata;0
SKS Fasteners;3.8;45;Private;24;;Pune;0
Sovereign Pharma;3.9;45;Unknown;17;;Pune;2
Guardian India;3.2;45;Unknown;4;350;Mumbai;4
Diversey;4.1;45;Unknown;;;Hyderabad;12
Thakral Services India;3.5;45;Private;37;350;Bangalore;7
Hartex Rubber;4.0;45;Private;;750;Hyderabad;4
Ashland;3.9;45;Private;96;10000;Wilimington;4
St Stephens Hospital;3.6;45;Private;;3000;New Delhi;2
Atmecs Technologies;3.4;45;Private;7;350;Santa Clara;0
Vibrant Screen;3.7;45;Unknown;14;;Bangalore;5
Axpress Logistics;2.8;45;Unknown;18;;Gurgaon;11
Tuv;4.0;45;Unknown;;;New Delhi;10
Usha Shriram Enterprises;3.4;45;Private;37;350;New Delhi;15
Gangavaram Port;3.3;45;Private;12;3000;Visakhapatnam;0
Viztar International;3.0;45;Unknown;13;;Navi Mumbai;6
Centum Rakon;4.3;45;Unknown;12;;Bangalore;0
Southern Railway;4.1;45;Unknown;;;Tiruchirappalli;10
Shemrock Group of School;4.1;45;Private;31;;New Delhi;23
Quatrro Mortgage Solutio;3.0;45;Private;14;3000;Rosemont;1
GREEN POWER INTERNATIONA;4.3;45;Unknown;18;750;Noida;11
Inspiredge IT Solutions;4.1;45;Private;8;126;Visakhapatnam;0
Manya Education;3.5;45;Unknown;18;750;New Delhi;5
Metal Power Analytical;3.5;45;Private;33;126;Mumbai;16
ETA;4.4;45;Private;26;350;Chennai;7
SirionLabs;3.9;45;Unknown;8;350;Gurgaon;0
Covance;4.0;45;Unknown;24;;Princeton;0
Vamani Overseas;4.0;45;Private;44;;Faridabad;1
Suryalakshmi Cotton Mill;3.8;45;Public;58;7500;Secunderabad;5
SK Wheels;3.8;45;Unknown;14;750;Navi Mumbai;2
Garden Reach Shipbuilder;4.3;45;Unknown;;;Mumbai;2
Infinium Toyota;4.1;45;Private;20;750;Ahmedabad;5
Group Pharmaceuticals;4.0;45;Unknown;;;Bhopal;8
Modern Public School;4.0;45;Unknown;;;Jhansi;12
Integra Global Solutions;3.3;45;Private;16;26;Wexford;0
The Art of Living;4.4;45;Private;39;26;Bengaluru;6
Dakshin Haryana Bijli Vi;4.5;45;Private;;10000;Hissar,India;13
Crescent Foundry;3.7;45;Private;38;;Kolkata;4
Virchow Laboratories;3.7;45;Unknown;37;;Hyderabad;2
International Panaacea;4.0;45;Unknown;;;Kolkata;10
BP;4.1;45;Private;111;10000;London;4
Sahajanand Medical Techn;4.1;45;Private;22;350;Surat;8
TimesPro;3.2;45;Unknown;7;;Mumbai;14
BASE Educational Service;4.3;45;Private;29;3000;Bengaluru;2
Hyatt Place;4.5;45;Private;;10000;Chicago;7
Krishna Public School;4.1;45;Private;;;Bhilai;11
Al Faraa Infra Projects;3.3;45;Unknown;;3000;Hyderabad;4
ADHOC IT Solutions;3.4;45;Private;;350;Navi Mumbai;9
Renewsys India;3.7;45;Unknown;9;;Mumbai;1
Annexmed;3.3;45;Private;12;;Chennai;0
Uttam Sugar Mills;4.2;45;Public;;;Mumbai;8
Vasant Chemicals;4.1;45;Unknown;;;Visakhapatnam;0
Strata Geosystems;4.3;45;Private;16;;Mumbai;4
Swal Corporation;3.8;45;Unknown;41;;Mumbai;16
Sunlife India Service Ce;4.1;45;Unknown;;;Mumbai;0
Abu Dhabi Oil Refining C;4.4;45;Unknown;;;Mumbai;0
Elcamino Software;3.3;45;Private;9;;Gurgaon;0
Sunbeam School;4.1;45;Unknown;;;Bhavnagar;4
Ryan India Tax Services;4.1;45;Private;;;Mumbai;0
Amco Saft India;4.0;45;Private;14;3000;Bengaluru;8
Selling Simplified;2.1;45;Unknown;8;;Colorado;0
Intech Organics;2.7;45;Private;21;126;Gurugram;3
Yaantra;3.7;45;Unknown;7;750;Delhi;5
SA Infrastructure Consul;3.8;45;Private;15;750;Noida;12
ERDA;4.1;45;Unknown;46;;Vadodara;4
Garuda Power;3.9;45;Private;;750;Korba;7
Kama Ayurveda;4.3;45;Unknown;18;;New Delhi;11
Vnr Seeds;4.4;45;Unknown;;;Lucknow;11
Orascom Construction Ind;4.5;45;Private;70;;Cairo;5
Mywish Marketplaces;3.8;45;Unknown;;126;Delhi NCR;3
Trivium Education Servic;3.9;45;Private;10;3000;New Delhi;2
Karle Infra;3.4;45;Private;;350;Bangalore;0
NSK;4.1;45;Public;104;10000;Tokyo;7
Arabian Pipeline Service;4.3;45;Private;37;126;Al Jubail;3
Veeba Food Services;4.5;45;Private;8;126;Gurugram;10
Minda Kyoraku;3.9;45;Private;;;Delhi;5
Celebrity Cruises;4.4;45;Unknown;31;;Miami;3
Phimetrics;3.5;45;Private;;350;Noida;8
PolicyX.com;3.7;45;Private;;26;Gurgaon;3
Hlg Contracting;4.3;45;Unknown;;10000;Doha;6
Iconic Fashion Retailing;4.0;45;Private;9;;Jaipur;9
Weather Risk Management;3.9;45;Unknown;16;;Gurugram;7
Satya MicroCapital;3.7;45;Unknown;3;3000;Delhi;19
QNFS;4.5;45;Unknown;;10000;Doha;3
W3Softech India;3.6;45;Unknown;9;;Hyderabad;0
ValeurHr E-Solutions;2.1;45;Private;14;750;Mumbai;1
Webskitters;3.8;45;Private;11;126;Kolkata;0
Sunrise Biztech Systems;3.6;45;Private;30;750;Edison;8
Pahal Financial Services;4.2;45;Private;26;350;Ahmedabad;16
BANKEDGE;3.7;45;Unknown;6;126;Mumbai;12
Oliva Skin and Hair Clin;4.3;45;Private;12;350;Hyderabad;1
John Deere India Pvt Ltd;4.3;45;Unknown;;;Patiala;0
Any Brand;3.7;45;Unknown;;;Pune;14
ABB Industries;4.4;45;Unknown;;;Kolkata;6
Financial Technologies;4.0;44;Private;25;3000;Mumbai;8
SunTec Business Solution;3.4;44;Private;30;750;Trivandrum;5
ABC Consultants;3.8;44;Private;51;350;New Delhi;7
CMS Securitas;4.1;44;Unknown;;;Chennai;23
Credit Analysis & Resear;3.1;44;Private;27;750;Mumbai;9
Bombay Stock Exchange;4.2;44;Unknown;145;3000;Mumbai;4
Khaitan Electricals;3.0;44;Public;39;;Kolkata;17
Merrill Technology Servi;3.7;44;Unknown;;;Coimbatore;0
Newt Global Chennai;2.6;44;Unknown;;;Chennai;0
Publicis;3.3;44;Private;94;10000;Paris;3
Descon;4.2;44;Unknown;43;;Lahore;6
Agies;3.9;44;Unknown;;;Gurgaon;8
iServices;3.0;44;Private;9;26;Bangalore;3
Silicus Technologies;3.3;44;Private;;26;Houston;0
SMC;3.4;44;Private;61;10000;Noblesville;16
JMT Auto;4.1;44;Public;33;750;Jamshedpur;3
Go Go International;3.9;44;Unknown;;;Tiruppur;2
American Express Global;3.9;44;Private;6;10000;Jersey City;5
Indo Count Industries;3.3;44;Public;;750;Mumbai;2
Ferns ‘N’ Petals;3.2;44;Private;26;3000;New Delhi;4
Apollo;4.0;44;Private;;10000;Houston;16
NSSL;3.4;44;Unknown;32;;Nagpur;0
Paramount;3.7;44;Private;;;Jalandhar;11
Turtle;3.9;44;Unknown;27;3000;Kolkata;7
Aveva;4.1;44;Private;;3000;Cambridge;1
RDM India;3.9;44;Private;28;750;Connaught Place;2
Princeware;3.5;44;Private;42;3000;Mumbai;13
Maharani Innovative Pain;3.6;44;Unknown;40;;Faridabad;8
CRM Services India;4.0;44;Unknown;;;Kolkata;8
Agility E Services;3.8;44;Unknown;;;Hyderabad;0
TriZetto;4.0;44;Private;23;7500;Englewood;0
Prgx India;3.5;44;Unknown;;;Pune;0
Edutel Technologies;2.8;44;Unknown;10;26;Bangalore;4
ECI Engineering & Constr;3.5;44;Unknown;46;10000;Hyderabad;7
MKCL;4.1;44;Private;19;350;Mumbai,India;12
Zacks Research;3.3;44;Private;42;350;Chicago;0
Ienergizer It Services;3.7;44;Private;20;10000;Noida;1
Vandana Global;3.4;44;Private;24;750;Mumbai;0
Compucom Csi;3.5;44;Unknown;;;Pune;0
Ravi Foods;4.2;44;Private;32;;Hyderabad;12
Biotech Vision Care;3.5;44;Private;21;;Luzern;6
Toshniwal Enterprises Co;3.2;44;Private;29;350;Kolkata;5
HomeLane;3.8;44;Private;6;750;Bangalore;5
Maccaferri;4.2;44;Private;141;;Bologna;9
Merino Panel Products;4.2;44;Unknown;;;Mumbai;12
Manika Moulds;3.5;44;Private;24;350;Mumbai;4
Medical Trust Hospital;4.0;44;Private;47;750;Cochin;9
Doha Petroleum Construct;4.4;44;Private;39;3000;Doha;2
Eben Telecom;3.1;44;Private;25;3000;Kochi;2
JSW Ispat Steel;4.5;44;Public;38;7500;Mumbai;5
Techno India Group;3.9;44;Private;35;;Kolkata;5
Apis India;4.0;44;Public;96;3000;New Delhi;12
Thermax Engineering Cons;4.4;44;Unknown;54;7500;Mumbai;5
Park Avenue;4.1;44;Unknown;;;Hyderabad;19
FSS;3.7;44;Private;29;750;Chennai;7
Tex Corp.;3.7;44;Unknown;33;3000;Gurugram;4
ARB Bearings;3.9;44;Unknown;30;;New Delhi;4
The George Telegraph Tra;3.9;44;Unknown;100;;Kolkata;8
Jawed Habib Hair & Beaut;4.0;44;Unknown;;;Hyderabad;12
Ga Digital Web Word;3.7;44;Private;17;750;New Delhi;10
J Mitra And Co;3.3;44;Private;51;126;New Delhi;10
TRACKS AND TOWERS INFRAT;4.0;44;Unknown;;;Surat;6
TNPL;3.9;44;Unknown;35;;Chennai;5
Dr D Y Patil Medical Col;3.8;44;Private;24;750;Pune;3
Gdn Enterprises;3.7;44;Private;;;Delhi;0
Lybrate;3.5;44;Private;6;350;Delhi;4
Kh Exports;4.1;44;Unknown;;;Vellore;2
Thermax Babcock Wilcox E;4.0;44;Private;10;350;Pune;2
Tamilnad Mercantile Bank;3.3;44;Private;99;3000;Thoothukudi;18
Lexus Motors;3.9;44;Private;;750;Calcutta;2
Calibrated Healthcare Sy;2.9;44;Unknown;14;;Ontario;0
Dayanand Medical College;3.9;44;Private;56;10000;Ludhiana;1
Puthur Infotech;3.8;44;Unknown;14;750;Bengaluru;13
Lulu International Shopp;4.5;44;Private;7;7500;Kerala;5
Ceratizit;4.1;44;Private;99;7500;Mamer;9
Coldex Logistics;3.5;44;Private;21;350;Gurgaon;10
Hindusthan Engineering;3.4;44;Unknown;80;;Kolkata;7
Airef Engineers;4.3;44;Private;34;3000;Gurgaon;5
Keystone Automotive Oper;4.0;44;Private;49;3000;Pittston,PA (US);0
Kasturba Medical College;4.3;44;Unknown;;;Mangaluru;0
Sam India Built Well;4.0;44;Private;22;126;New Delhi;7
Renaissance Hotels;4.3;44;Private;93;10000;Bethesda;4
Jaipur Golden Hospital;4.3;44;Unknown;27;;New Delhi;1
Poddar Tyres;4.1;44;Private;;;Mumbai;10
Celebi Ground Handling;3.8;44;Private;62;10000;Istanbul;4
Ardex Endura;4.3;44;Private;71;350;Bengaluru;17
Xerago E-Biz Services;3.8;44;Private;18;26;Foster City;1
Ritika;3.5;44;Unknown;;;New Delhi;9
Public School;4.2;44;Unknown;12;26;New York;22
Savex Technologies;4.2;44;Unknown;;;Chandigarh;12
The Leela Ambience Conve;4.6;44;Unknown;;;Delhi NCR;2
GE Aviation;4.3;44;Private;103;3000;Cincinnati;1
NGK Spark Plugs;4.3;44;Private;14;350;Gurgaon;4
Arwade Infrastructure;3.5;44;Private;11;3000;Pune;3
SVAM Power Plants;3.7;44;Private;39;350;Faridabad;6
Ramco Steels;3.9;44;Unknown;26;126;Faridabad;0
Cinda Engineering & Cons;4.1;44;Private;;350;Noida;8
Enrich Energy;3.8;44;Private;9;;Pune;4
Sumadhura Infracon;4.3;44;Unknown;14;;Bengaluru;0
Aggreko;4.6;44;Private;58;3000;Glasgow;10
Mettl;3.6;44;Private;10;350;Gurgaon;1
Survival Technologies;2.8;44;Private;13;;Mumbai;3
Epsilon Carbon;3.3;44;Private;;126;Mumbai;3
Extinct Fire Engineers;3.8;44;Unknown;30;126;Mumbai;2
Allahabad High Court;4.2;44;Private;;26;Allahabad;3
Highly Electrical Applia;3.6;44;Unknown;7;;Ahmedabad;0
Chandan Healthcare;3.6;44;Private;29;3000;Lucknow;7
HealthifyMe;3.4;44;Private;8;126;Bangalore;7
Harsha Abakus Solar;4.1;44;Unknown;10;;Ahmedabad;5
Kanpur PLastipack;4.2;44;Public;49;3000;Kanpur;0
Vhb Medi Sciences;3.8;44;Private;74;3000;Mumbai;4
O P Jindal Global Univer;3.8;44;Private;11;750;Sonipat;1
Cp Aquaculture;4.1;44;Unknown;26;;Chennai;8
Tata Sikorsky Aerospace;4.3;44;Private;12;750;Hyderabad;0
Ather Energy;3.9;44;Private;7;350;Bangalore;0
Bansal Wire Industries;3.9;44;Private;82;126;New Delhi;2
Minda Vast Access System;3.8;44;Unknown;5;;Pune;1
Fukoku;4.2;44;Unknown;;;Pune;0
Ayesa;4.4;44;Private;54;3000;Sevilla;5
Swarna Pragati Housing M;4.3;44;Unknown;11;350;Chennai;16
NIFA Infocomp Services;3.4;44;Private;;26;Jaipur;11
Piramal Foundation;4.2;44;Unknown;12;750;Mumbai;16
CT Group of Institutions;3.5;44;Private;23;750;Jalandhar;3
Fawaz Alhokair Group;4.3;44;Private;30;10000;Riyadh;5
Inthree Access;3.3;44;Private;7;350;Chennai;10
DGS Technical Services;4.1;44;Private;15;;Elgin;5
Fluidline Engineers And;3.6;44;Private;32;126;Kanpur;4
DRN Infrastructure;4.2;44;Unknown;37;;Hubli;5
Mahindra Homes;4.1;44;Private;;;Mumbai;23
Azadea Group;3.9;44;Unknown;42;10000;Beirut;8
Ergos Life Sciences;3.0;44;Unknown;;;Pune;14
Searce Cosourcing Servic;3.0;44;Private;16;750;Houston;3
Army Corps Of Eme;4.7;44;Unknown;;;Pune;15
Reservoir Financial;3.0;44;Unknown;;;Ahmedabad;7
Dura-Line;4.5;44;Unknown;49;3000;Knoxville;5
Vaco Binary Semantics LL;3.3;44;Private;3;3000;Gurugram;1
IGI Aviation;4.9;44;Unknown;12;126;New Delhi;0
Cmc Limited, A Tata Ente;4.3;43;Unknown;45;10000;Hyderabad;13
LML;3.7;43;Public;;3000;Kanpur;8
Willis Processing Servic;4.3;43;Private;28;;Mumbai;0
Sahara Q Shop;3.4;43;Unknown;8;3000;Mumbai;15
Firepro Systems;3.7;43;Private;28;3000;Bangalore;6
Ecommerce;4.4;43;Private;;26;Bangalore;15
Maintec Technologies;3.0;43;Private;22;750;Bangalore,India;5
Bodhtree Consulting;3.4;43;Private;22;750;Ashburn;2
Vinculum Solutions;3.1;43;Private;13;350;Noida;1
Lauren Information Techn;3.6;43;Private;28;350;Mumbai;3
Spectraforce Technologie;3.8;43;Private;16;;Raleigh;2
DSM SOFT;3.7;43;Unknown;29;;Chennai;2
Shimizu;4.1;43;Private;216;10000;Tokyo;6
Cyber Infrastructure;3.1;43;Unknown;17;;San Jose;0
Sikkim Manipal Universit;3.9;43;Private;25;350;Gangtok;7
M Tech Innovations;3.1;43;Private;;750;Pune;4
Rashi Peripherals;3.9;43;Unknown;31;;Mumbai;12
Aegis Associates;3.8;43;Private;20;126;New Delhi;11
OSI Technologies;3.7;43;Private;22;126;Hyderabad;2
Malayala Manorama;4.1;43;Private;;3000;Kochi;9
Voltamp Transformers;3.9;43;Public;53;350;Vadodara;7
Lince Soft Solutions;4.5;43;Private;11;126;Hyderabad;0
Jasmin Infotech;4.0;43;Private;22;750;Chennai;0
Aress Software and Educa;2.7;43;Private;21;350;Nashik;0
Arteria Technologies;2.7;43;Private;13;;Bangalore;1
UTI Mutual Fund;4.4;43;Private;57;10000;Mumbai;19
Prasol Chemicals;3.5;43;Private;28;350;Navi Mumbai;2
Balaji Telefilms;3.9;43;Public;26;126;Mumbai;6
Abbott Truecare Pharma;3.8;43;Unknown;;;Mumbai;14
Shri Ram Finance;3.5;43;Unknown;;;Chennai;10
Pasco Automobiles;4.2;43;Unknown;35;;Gurugram;3
Tessolve Semiconductor;3.8;43;Unknown;16;;Bengaluru;1
CADS Software;3.8;43;Private;;750;Chennai;2
Trafigura;2.7;43;Private;27;7500;Singapore;0
Hard Rock Cafe;4.7;43;Private;49;10000;Davie;10
SanDisk India Device Des;4.3;43;Private;;7500;Milpitas;2
Quadrant Televentures;3.8;43;Public;74;3000;Mohali;6
Thermo Systems India;3.9;43;Unknown;15;350;Hyderabad;4
The Energy and Resources;3.6;43;Private;;750;New Delhi;4
Hindustan Shipyard;4.5;43;Unknown;;;Visakhapatnam;1
BMW Industries;3.5;43;Public;50;750;Kolkata;7
Pon Pure Chem;3.7;43;Private;;750;Chennai;14
Prateek Group;3.7;43;Private;;350;Noida;0
SAN Engineering & Locomo;4.0;43;Public;51;350;Bangalore;3
Sona Alloys;3.7;43;Private;13;750;Ahmedabad;2
Lazza Ice Creams;3.7;43;Unknown;48;;Cochin;13
Uttam Toyota;4.1;43;Private;20;750;Ghaziabad;2
PharmaZell;4.5;43;Private;;350;Chennai;0
Pearson;4.1;43;Private;296;10000;London,United Kingdom;8
Coromandel Agrico;3.4;43;Private;52;750;Gurugram;10
Syncom Healthcare;3.3;43;Public;;;Hyderabad;3
Siesta Hospitality Servi;3.6;43;Private;14;;Bangalore;6
JK Files;3.8;43;Private;;;Bangalore;10
The Tree House;3.8;43;Private;;26;Mumbai;13
Sanofi Pasteur;4.1;43;Private;16;7500;Paris;13
Primus Techsystems;4.1;43;Unknown;10;;Pune;0
Loyal Textile Mills;4.2;43;Public;74;;Chennai;4
Krishna Institute of Med;4.4;43;Private;36;3000;Karad;3
Durian Industries;3.8;43;Private;35;;Mumbai;13
Spectrum Consultants;3.4;43;Private;25;126;Bangalore;3
Seva Automotive;4.2;43;Unknown;;;Nanded;3
Sunrise Hospital;3.9;43;Unknown;62;;New Delhi;12
Biltech Building Element;3.7;43;Private;27;7500;Surat,Gujrat;7
Nkgsb CO-OP Bank;4.3;43;Public;103;3000;Mumbai;9
ANANDA GROUP;4.0;43;Unknown;;;Hyderabad;12
Metrochem Api;3.5;43;Private;16;;Hyderabad;3
DIC India;3.9;43;Public;73;3000;Noida;7
Qspiders Software Testin;3.9;43;Private;17;350;Bengaluru;3
Apex Auto;3.9;43;Public;26;3000;Jamshedpur;6
Chiripal Poly Films;3.9;43;Unknown;;;Hyderabad;4
Vishnu Chemicals;3.8;43;Public;30;3000;Hyderabad;4
PP Merchandising Service;3.9;43;Private;21;7500;Chennai;14
Tropilite Foods;4.2;43;Private;38;;Gwalior;13
Tulip Diagnostics;4.4;43;Private;32;;Panaji;19
MAHLE Engine Components;3.9;43;Unknown;;;Ahmedabad;7
Tata Memorial Centre;4.3;43;Unknown;79;;Mumbai;3
Imperia Structures;3.6;43;Private;35;350;New Delhi;8
JSW Severfield Structure;3.5;43;Unknown;11;;Mumbai;4
Chelsea Mills LLP;4.0;43;Private;;750;New Delhi;1
MXC Solutions India;4.1;43;Private;11;126;Mumbai;6
ARK Infosolutions;3.5;43;Unknown;8;;Noida;6
Pee Empro Exports;4.2;43;Private;;3000;New Delhi;0
Bird Group;3.3;43;Unknown;49;;New Delhi;2
Swan Solutions & Service;3.1;43;Private;31;126;Mumbai;4
Enrich Hair And Skin Sol;4.0;43;Private;;;Ahmedabad;5
Aditya Hospital;4.1;43;Private;33;350;Hyderabad;5
Jaycee Punching Solution;4.2;43;Private;13;350;Faridabad;7
M Intergraph Systems;3.3;43;Private;30;350;New Delhi;4
Amphenol Fci;3.8;43;Unknown;;;Ernakulam;1
LafargeHolcim;4.1;43;Unknown;5;10000;Rapperswil-Jona;9
Modern Insulators;4.1;43;Public;35;;Sirohi;0
RACL Geartech;3.8;43;Public;;;Moradabad;3
BK Gulf LLC;4.5;43;Unknown;;;Jaipur;2
The Four Fountains Spa;3.7;43;Private;;26;Pune;6
Ashwini Hospital;3.8;43;Private;33;;Cuttack;10
Citizens Hospital;4.2;43;Private;8;350;Hyderabad;1
Shivam Autozone;3.3;43;Private;9;3000;Mumbai;1
Flint Group;3.9;43;Private;247;7500;Plymouth;3
Jindal Water Infrastruct;4.2;43;Private;;;Mathura;5
Plastic Omnium;4.1;43;Private;74;10000;Levllois-Perret;6
Datamatics Business Solu;3.4;43;Public;38;3000;Mumbai;1
Inogent Laboratories;4.0;43;Private;15;350;Hyderabad;0
Kept Bug Technologies;2.7;43;Private;9;350;Noida;3
Wadia Techno-Engineering;3.5;43;Unknown;8;;Mumbai;14
Eskag Pharma;3.7;43;Unknown;;;Mumbai;5
Al Shirawi Group;3.8;43;Private;49;;Dubai;0
Samarth Lifestyle Retail;4.2;43;Private;25;26;Jaipur;9
Apothecon Pharmaceutical;4.1;43;Unknown;13;350;Vadodara;0
B.S.B.K;4.0;43;Unknown;;;Bhilai;11
Indus International Scho;3.5;43;Private;17;350;Bengaluru;2
Integrated Systems;3.9;43;Private;;350;Central;16
Affordable Robotic and A;3.4;43;Public;15;350;Pune;0
Gulf Catering Company;4.1;43;Unknown;34;;Riyadh;5
Srikalahasthi Pipes;4.0;43;Public;29;;Chittoor;3
American InfoSource;3.2;43;Private;20;350;Houston;0
Marque Impex;4.1;43;Unknown;24;;Moradabad;0
Steril Gene Life Science;3.5;43;Unknown;13;350;Chennai;0
L T Metro Rail;4.6;43;Unknown;;;Lucknow;2
J K Ansell;4.2;43;Private;;350;Iselin;12
Experion Developers;4.0;43;Private;14;126;Gurgaon;0
Shree Bharat Internation;4.3;43;Private;34;750;Noida;3
Weddingz.in;3.3;43;Private;6;26;Mumbai;12
Abdullah A M Al Khodari;3.5;43;Private;54;7500;Dammam;8
Elringklinger Automotive;4.3;43;Unknown;;;Mumbai;0
RAXA;4.4;43;Private;15;26;New Delhi;6
KLES Dr. Prabhakar Kore;4.1;43;Unknown;;;Ratnagiri;3
Western Coalfields;4.4;43;Private;;26;Nagpur,Maharashtra;5
Columbia Petro Chem;2.3;43;Private;60;126;Mumbai;5
PSPCL;4.1;43;Private;;10000;Bathinda;8
Berar Finance;4.2;43;Public;30;350;Nagpur;14
Bagzone Lifestyles;4.2;43;Private;10;3000;Mumbai;13
Gensol Engineering;3.7;43;Public;13;;Ahmedabad;2
Brainware Group of Insti;3.6;43;Unknown;10;;Kolkata;10
Brinton Pharmaceuticals;3.3;43;Unknown;6;;Pune;11
Jawaharlal Nehru Medical;4.3;43;Unknown;;;Pune;8
Mumbai Port Trust;4.2;43;Private;;10000;Mumbai;1
Room to Read;4.4;43;Private;;750;San;10
Ck Birla Hospitals;3.9;43;Private;51;350;Kolkata;1
J. M. Mhatre Infra;4.1;43;Private;35;;Navi Mumbai;5
Zenica Cars;3.9;43;Private;;;Gurgaon;1
An Pharmaceuticals;2.9;43;Private;19;126;New Delhi;7
SriSreenivasa Constructi;4.1;43;Private;30;126;Nagpur;19
Builtwell Solutions;4.2;43;Unknown;;;Rajkot,Gujarat;2
Vidyagyan School;4.0;43;Unknown;;;Lucknow;7
Staunch E-tail Services;4.1;43;Unknown;6;126;New Delhi;0
INFOSEC VENTURES;4.3;43;Unknown;9;126;London;3
Sujan Cooper Standard An;3.9;43;Unknown;;;Vasai-Virar;5
Radvision World Consulta;4.7;43;Unknown;10;26;New Delhi;2
Crescendo Global;4.9;43;Private;6;26;Gurgaon;1
Creative Hands HR Consul;3.7;43;Private;8;126;Chennai;10
Eminent Minds Technologi;4.9;43;Unknown;;;Bengaluru;0
PearVisa Immigration Ser;5.0;43;Private;10;26;New Delhi;5
Valecha Engineering;4.0;42;Public;63;750;Mumbai;14
Object Frontier Software;3.7;42;Private;23;26;Alpharetta;0
Bajaj Steel Industries;3.9;42;Public;;;North Lakhimpur;0
Suzlon Infrastructure Se;4.2;42;Public;25;7500;Pune;10
Net Access India;3.4;42;Unknown;;;Chennai;10
Satnam Global Infra Proj;3.8;42;Unknown;33;126;New Delhi;10
Total Logistics;4.0;42;Private;22;750;Mumbai;17
Globe Capital Market;3.1;42;Public;36;350;New Delhi;8
Western Union;3.3;42;Private;169;10000;Denver;7
deepak&Co;4.1;42;Unknown;;;Chennai;14
Etech;3.9;42;Private;23;3000;Nacogdoches;2
Imperial Electric Compan;3.8;42;Private;14;350;Akron;11
Central Government Defen;4.2;42;Private;;;New Delhi;13
HSBC Global Services;4.0;42;Unknown;;;Pune;6
Harbinger Systems;3.4;42;Unknown;30;;Pune;0
Hind Rectifiers;3.8;42;Public;62;;Mumbai;4
Ivy Mobility Solutions;3.5;42;Private;8;126;Singapore;2
Boston Scientific;3.1;42;Private;41;10000;Marlborough;6
Man Infraconstruction;4.5;42;Public;56;3000;Mumbai;1
Verifacts Services;3.8;42;Private;16;750;Bengaluru;5
Amalgamations Valeo Clut;4.0;42;Private;;3000;Chennai;2
Inductotherm;4.5;42;Private;67;350;New Jersey;7
ITM;3.3;42;Private;29;126;Mumbai;17
FortPoint Automotive;3.9;42;Private;27;10000;Mumbai;3
Maruti Service Masters;4.1;42;Unknown;;;Chennai;8
UDS;4.1;42;Private;35;350;Chennai;11
Sterling Softwares;4.3;42;Private;18;350;Vadodara;0
Seaways Shipping Logisti;4.2;42;Private;31;;Hyderabad;10
Auto Ignition;3.8;42;Unknown;;;Rudrapur;2
Itelligence;3.4;42;Private;31;10000;Bielefeld;0
Celon Laboratories;3.7;42;Unknown;13;;Hyderabad;2
Bevcon Wayors;3.7;42;Private;29;750;Hyderabad;0
GI Staffing Services;3.6;42;Unknown;;;Noida;16
MTAR Technologies;4.0;42;Private;50;3000;Hyderabad;0
Encotec Energy;3.9;42;Private;11;;Noida;9
TVS Group;4.3;42;Public;109;10000;Madurai;13
Paracoat Products;3.6;42;Unknown;46;;Gurgaon;2
Altius Customer Services;4.2;42;Unknown;18;;Mumbai;2
United Biotech;3.9;42;Private;23;750;New Delhi;12
Indian Red Cross Society;4.2;42;Private;100;26;New Delhi;15
Innovassynth Technologie;3.7;42;Private;19;750;Khopoli;2
The Bank of Tokyo-Mitsub;3.6;42;Public;101;10000;Tokyo;5
Windals Precision;3.9;42;Private;30;750;Mumbai;4
Sky Gourmet Catering;4.1;42;Private;18;3000;Mumbai;5
Shetty Infraservices;3.9;42;Private;10;3000;Mumbai;5
Paranjape Autocast;3.8;42;Unknown;;;Satara;0
Fontus Water;3.6;42;Private;20;350;New Delhi;7
JL Morison India;3.7;42;Public;;;Hyderabad;14
Polyplastics;3.9;42;Unknown;58;3000;Tokyo;8
The Calcutta Medical Res;3.6;42;Unknown;51;3000;Kolkata;1
NCL Alltek & Seccolor;4.0;42;Private;;10000;HyderÄbÄd;10
UTL Technologies;3.6;42;Public;19;350;Bangalore;12
Haldiram Manufacturing C;4.2;42;Unknown;;;Nagpur;7
Jaipur Golden Transport;3.7;42;Private;72;350;Delhi;12
YuppTV;3.5;42;Private;13;350;Hyderabad;1
Zigma Technologies;3.4;42;Private;16;126;Chennai;7
Usha Armour;4.2;42;Private;29;350;Bengaluru;0
Dachser;3.5;42;Unknown;90;;Kempten;8
Delhi Development Author;4.2;42;Private;63;10000;New Delhi;3
Prime Focus World;4.1;42;Unknown;;;Mumbai;3
Deccan Cements;3.9;42;Public;41;;Hyderabad;5
Amenarini India;4.2;42;Private;134;3000;Florence;7
Geltec;3.5;42;Private;18;126;Mumbai;1
Kohinoor Technical Insti;3.8;42;Unknown;53;750;Mumbai;7
Vishvaraj Infrastructure;4.1;42;Unknown;28;126;Mumbai;7
Simbhaoli Sugars;3.8;42;Public;87;3000;Noida;4
Bostik;3.6;42;Private;131;3000;Colombes;5
Chinmaya Vidyalaya;4.3;42;Unknown;55;7500;Mumbai;11
Goldstone Cements;3.4;42;Unknown;13;3000;Kolkata;1
Bando India;4.1;42;Unknown;;;Dubai;3
Triumph International;4.4;42;Unknown;;;Navi Mumbai;6
Myk Schomburg;3.6;42;Unknown;;;Mumbai;13
Liugong India;3.5;42;Private;;126;Indore;6
Axalta Coating Systems;4.3;42;Private;154;;Philadelphia;8
Oil Field Instrumentatio;3.1;42;Unknown;;;Rajahmundry;6
Elite Engineering And Co;3.7;42;Private;;26;Bengaluru;3
Shri Venkateshwara Unive;3.3;42;Private;;10000;Tirupati;11
BG Distributors;3.3;42;Unknown;;;Howrah;6
Shingora Textiles;3.8;42;Private;44;750;Ludhiana;1
SastaSundar;4.0;42;Private;9;350;Kolkata;2
Steelcast;4.1;42;Public;48;;Bhavnagar;2
Foodlink Services India;3.6;42;Private;22;750;Mumbai;4
Alphamed Formulations;4.2;42;Private;14;;Hyderabad;1
Haldex India;3.6;42;Private;24;750;Nashik;2
Kr Mangalam School;3.3;42;Unknown;16;3000;New Delhi;3
Topsel Toyota;4.3;42;Private;39;26;Kolkata;0
Il&fs Environmental Infr;3.5;42;Public;13;;New Delhi;7
ILJIN ELECTRONICS;3.6;42;Unknown;19;;Greater Noida;4
PISOFTEK;3.2;42;Unknown;24;;Noida;0
Healthvista;3.7;42;Private;7;;Bangalore;9
Seeh Al Sarya Engineerin;3.4;42;Private;23;126;Muscat;2
D Light Energy;3.7;42;Unknown;14;;Palto Alto;12
Amrita Vidyalayam;4.0;42;Unknown;33;;New Delhi;15
Dhandhania Infotech;3.3;42;Private;13;126;Nagpur;0
SS Supply Chain Solution;3.4;42;Unknown;;;Gurgaon;10
Aditya Birla Management;4.2;42;Private;;;Mumbai;10
Xpo Logistics;4.1;42;Unknown;;;Ahmedabad;11
THE Gate Academy;4.1;42;Private;;26;Jaipur;11
Gem Engserv;4.2;42;Private;11;26;Navi Mumbai;9
Stanadyne India;3.8;42;Private;19;;Thiruvallur;0
Sahu Exports;4.0;42;Private;41;126;Noida;2
The Yellow Chilli;4.5;42;Unknown;19;;Mumbai;9
Government of Haryana;3.9;42;Private;;3000;Chandigarh;10
NU Hospitals;3.5;42;Unknown;21;750;Bengaluru;0
JBJ TECHNOLOGIES;3.9;42;Unknown;;;Delhi NCR;1
Amana Toyota;4.6;42;Private;20;350;Kozhikode;6
Maaden Aluminium Co;4.2;42;Unknown;;;Jamnagar;4
Volvo Construction Equip;4.3;42;Private;35;350;Asheville;6
Hindustan Wellness;2.8;42;Unknown;7;;Gurgaon;1
AirNet Infotech;3.1;42;Private;5;350;Noida;10
Mkc Infrastructure;3.7;42;Public;57;350;Anjar;4
Hubergroup;4.2;42;Private;34;3000;Vapi;4
Gleneagles Global Hospit;4.0;42;Unknown;22;7500;Hyderabad;3
Gmax Auto;4.0;42;Private;9;3000;Plot No GP-9 HSIDC Industrial AreaSector-18  Gurgaon;2
Forza Medi;3.0;42;Private;20;3000;Gurgaon;0
Sundyota Numandis Pharma;3.7;42;Private;17;3000;Ahmedabad;12
Plr Projects;4.3;42;Unknown;40;;Hyderabad;7
Raptim Research;4.0;42;Unknown;;;Navi Mumbai;1
Lakshmikumaran & Sridhar;3.6;42;Private;35;350;Delhi;6
Chili's Grill & Bar;4.1;42;Unknown;45;10000;Dallas;9
Varindera Constructions;4.1;42;Unknown;;;Janakpuri;8
ABIL Group;3.7;42;Private;41;350;Pune;3
Nelson Global Products;4.1;42;Private;81;3000;Stoughton;7
Amwaj Catering Services;4.3;42;Unknown;14;;Doha;3
ASK-EHS Engineering & Co;3.5;42;Private;15;126;Surat;6
Krishna Beads Industries;2.9;42;Unknown;;;Noida;2
Father Muller Medical Co;4.2;42;Unknown;140;3000;Mangaluru;1
Minda Kosei Aluminum Whe;4.4;42;Private;;;Delhi;3
Govt Sector;4.1;42;Private;;126;Kolkata;14
M K Agro Tech;3.3;42;Unknown;;;Nagpur;8
Jarulss Technology Solut;4.1;42;Unknown;;;Coimbatore;13
SOGEFI;4.0;42;Unknown;40;;Milan;2
Mohammed Enterprises Tan;3.5;42;Unknown;50;;Dar Es Salaam;1
Oman National Engineerin;3.8;42;Unknown;42;3000;Muscat;1
Voltech Hr Services;3.9;42;Unknown;;;Mumbai;11
Keva Industries;4.3;42;Private;6;26;Ludhiana;12
Basavatarakam Indo Ameri;4.2;42;Private;;3000;Hyderabad;3
M V Hospital;3.5;42;Private;66;350;Chennai;2
DHFL Home Loan;4.1;42;Unknown;36;3000;Mumbai;21
MNC Group;3.7;42;Unknown;31;;Jakarta;16
Emerald Jewellery Retail;2.7;42;Private;36;350;Coimbatore;7
Yashi Consulting Service;3.5;42;Private;15;;Jaipur;1
Larsen And Toubro CONSR;4.1;42;Unknown;;;Hyderabad;13
ONPASSIVE;4.5;42;Unknown;2;350;Orlando;0
GE Money;4.6;41;Public;88;7500;Norwalk;12
Adani Group;4.2;41;Unknown;;;Mumbai;7
Infotech;4.1;41;Private;25;350;Lahore,Pakistan;15
TeraSoftware;3.8;41;Public;26;;Hyderabad;10
Bartronics;3.8;41;Public;30;350;Hyderabad;10
Sensiple;3.2;41;Private;21;350;Iselin;0
Salora International;3.3;41;Public;;26;New Delhi;7
Equitas Micro Finance;4.2;41;Private;26;;Chennai;15
Repro India;3.6;41;Public;36;750;Mumbai;8
ECIL RAPISCAN;4.2;41;Private;25;;Hyderabad;13
STAR TV;3.8;41;Private;29;350;Mumbai;11
T-Systems;3.2;41;Unknown;20;;Frankfurt;1
ANSR Source;3.5;41;Unknown;12;;Bangalore;0
Ipsos Research;3.9;41;Private;45;10000;Paris;8
Aqua Designs;2.9;41;Private;18;;Chennai;1
JP Group;4.1;41;Private;10;126;Hosur;10
SMARTe;4.0;41;Private;6;26;Gurgaon;13
Meghmani Industries;4.0;41;Unknown;;;Mumbai;2
Infoplus Technologies;2.8;41;Private;20;350;Borehamwood;0
AirAsia;3.6;41;Public;19;10000;Sepang;10
Naresh Kumar & Co.;4.0;41;Private;95;750;Kolkata;14
S S & ASSOCIATES;4.1;41;Private;15;26;New Delhi;15
Analytics Quotient;3.5;41;Private;12;350;Bangalore;0
College of Engineering P;3.4;41;Private;;750;Roorkee;5
Roots Multiclean;3.7;41;Public;28;350;Coimbatore;11
Gajra Gears;4.1;41;Unknown;58;3000;Dewas;6
Kumar Properties;4.0;41;Private;54;750;Pune;1
Vasan Health Care;4.0;41;Unknown;73;;Trichy;20
TITAGARH WAGONS;3.6;41;Public;23;750;Kolkata;2
Rinac India;3.9;41;Private;26;;Bengaluru;6
Total Shipping & Logisti;3.8;41;Unknown;;;Pune;10
ICS;3.5;41;Private;;126;Price,UT (US);14
Mk Enterprises;4.2;41;Private;39;126;New Delhi;12
Auma;4.2;41;Private;56;3000;Muellheim;1
Mavenir Systems;3.5;41;Private;15;3000;Texas;4
Ivangel Sales & Services;3.5;41;Private;21;;Kolkata;11
INA Bearings India;4.1;41;Unknown;;;Bengaluru;2
Sarvotham Care;3.9;41;Unknown;24;;Secunderabad;3
Shemaroo Entertainment;3.6;41;Public;58;750;Mumbai;3
BAN LABS;3.7;41;Private;54;;Rajkot;11
Divgwarner;3.9;41;Private;;350;Pune;2
NMDC;4.2;41;Private;62;7500;Hyderabad,India;8
CI Infotech;3.3;41;Private;24;350;New Delhi;5
Punjab Kesari;3.6;41;Private;55;10000;Jalandhar;7
Krystal Integrated Servi;3.5;41;Private;20;;Mumbai;7
Express Clinics;3.8;41;Private;9;350;Pune;6
Ashtech  INDIA;3.7;41;Private;;7500;Mumbai;4
Bird Information System;2.9;41;Unknown;18;;New Delhi;2
Bliss Gvs Pharma;3.7;41;Public;36;350;Mumbai;2
Mangalore Chemicals & Fe;4.2;41;Unknown;46;;Bangalore;4
SEW Eurodrive india;4.3;41;Private;;350;Chennai;8
Saudi Arabian Airlines;4.6;41;Private;75;10000;Jeddah,Saudi Arabia;9
Sartorius Stedim India;4.1;41;Private;;7500;Mumbai;4
Multitex Filtration Engi;3.6;41;Unknown;44;350;New Delhi;2
Don Bosco;4.4;41;Private;40;26;New Delhi;18
Siddheshwar Industries;2.8;41;Unknown;26;;Pune;1
Ludhiana Beverages;4.1;41;Unknown;;;Khanna;4
Rana Motors;4.3;41;Unknown;21;750;New Delhi;2
Nice Interactive Solutio;3.4;41;Unknown;34;7500;Hoboken;2
West Coast Frozen Foods;3.5;41;Private;23;350;Mumbai;4
Brindavan Beverages;4.2;41;Unknown;;;Moradabad;1
Xpitax Solutions;4.1;41;Private;14;126;Chennai;0
GTN Engineering;3.7;41;Public;30;;Tirupur;4
Gulshan Homz;4.2;41;Private;33;;New Delhi;2
Goodricke Group;4.2;41;Public;43;10000;Kolkata;11
Epp Composites;3.6;41;Private;34;750;Rajkot;0
Apache Footwear;4.1;41;Private;;126;Nellore;3
Firmenich Aromatics;4.8;41;Private;125;7500;Geneva;4
GlobeGround India;4.0;41;Private;21;750;Bangalore;2
Hayat Communication;4.1;41;Unknown;25;;Safat;9
Bhate & Raje Constructio;4.3;41;Private;30;750;Pune;0
Gurukul School;3.7;41;Unknown;;;Indore;18
ALL TIME PLASTICS;4.1;41;Private;56;;Mumbai;5
Information Services Gro;3.7;41;Private;14;750;Stanford;2
Brindavan Bottlers;3.8;41;Unknown;;;Etawah;2
Vivekananda Hospital;3.7;41;Private;12;126;Durgapur;9
Shankar Packagings;3.3;41;Private;35;;Mumbai;0
Synokem Pharmaceuticals;3.7;41;Private;37;750;New Delhi;7
Ukay Metal Industries;3.6;41;Unknown;32;;Nasik;2
Sykes Enterprises;3.4;41;Unknown;43;;Tampa;2
SpanIdea;2.5;41;Private;10;126;Milpitas;1
Nurture Software Solutio;1.7;41;Private;16;350;Bangalore;1
Givaudan;4.4;41;Private;125;7500;Geneva;3
Flair Pens;3.7;41;Unknown;44;350;Mumbai;8
Amagi Media Labs;4.0;41;Private;12;126;Bengaluru;2
Guru Nanak Auto Enterpri;4.0;41;Private;74;3000;Jamalpur;2
Sri Sri Ravishankar Vidy;4.3;41;Unknown;21;;Bangalore;10
Sony Pictures Networks D;4.4;41;Unknown;25;3000;Mumbai;8
Progility Technologies;3.8;41;Unknown;5;350;Mumbai;11
Bioworld Merchandising;3.2;41;Private;21;;Irving;5
Kribhco Shyam Fertilizer;4.4;41;Private;;750;Shahjahanpur;4
Skf Bearing India;4.6;41;Unknown;97;3000;Pune;7
Ajeet Seeds;3.7;41;Private;34;3000;Aurangabad;6
Ramdev Food Products;4.6;41;Unknown;55;3000;Ahmedabad;6
Tonglit Autogistic;3.8;41;Unknown;10;126;Kanchipuram;5
Danem Engineering Works;3.4;41;Unknown;22;;Doha;3
Carestream Health;4.0;41;Private;13;7500;New York;7
Niit Foundation;4.0;41;Private;16;126;New Delhi;10
Foiwe Info Global Soluti;3.9;41;Unknown;10;750;Bengaluru;0
Space Matrix Design Cons;4.1;41;Private;19;750;Singapore;6
Handiman Services;3.6;41;Unknown;22;;Bangalore;0
Vee Gee Industrial Enter;3.8;41;Private;34;;Faridabad;2
Moreish Food;3.4;41;Private;31;;Ranchi;5
Aptonline;3.8;41;Public;18;750;Hyderabad;1
Dutco Balfour Beatty LLC;4.6;41;Unknown;44;7500;Dubai;0
Meril Endo Surgery;3.4;41;Private;9;3000;Vapi;11
Jasubhai Engineering Pvt;3.5;41;Private;53;350;Mumbai;4
Taal Tech India;3.0;41;Private;13;750;Bengaluru;0
Manpower;4.0;41;Private;72;10000;Wisconsin;19
Supportmart Technical Se;2.8;41;Private;9;;Gurgaon;1
Sankara Eye Hospital;4.0;41;Unknown;35;10000;Coimbatore;9
Vibracoustic;4.0;41;Private;8;10000;Darmstadt;5
Everest Blowers;3.4;41;Private;40;;New Delhi;2
Health Prime Services (I;4.1;41;Private;;350;Mumbai;1
Ghv India;4.2;41;Private;55;;Mumbai;4
Veena world;4.4;41;Unknown;7;;Mumbai;1
State Bank of Patiala;4.7;41;Private;103;7500;Patiala,Punjab;7
Marc Laboratories;3.5;41;Unknown;34;750;Lucknow;7
Newtronic Lifecare Equip;4.2;41;Private;44;126;Mumbai;3
NSDL e-Governance-Infras;3.8;41;Public;25;350;Mumbai;2
KEPCO KPS;4.1;41;Private;36;3000;Jeollanam-do;5
Shree Balaji Group;3.8;41;Private;15;350;Ahmedabad;9
PMC;4.0;41;Private;;3000;Mumbai;14
Mobase;4.0;41;Private;7;126;Nagar;1
Uttar Pradesh Jal Nigam;4.2;41;Public;45;;Lucknow;12
Edge Telecom;3.2;41;Private;12;350;Gurgaon;2
Vatika Hotels;4.2;41;Private;34;750;Gurgaon;4
Wagh Bakri Tea Group;3.8;41;Unknown;86;;Ahmedabad;5
HES Infra;4.4;41;Unknown;13;750;Hyderabad;4
Superon Schweisstechnik;3.8;41;Unknown;;;Coimbatore;1
Shivalaya Construction;4.2;41;Unknown;;;Ranchi;10
BML Munjal University;3.2;41;Unknown;6;750;Gurgaon;3
Feedback Power Operation;3.8;41;Private;;126;Crowborough;4
Rapidtech It Service Pvt;3.4;41;Unknown;;;Patna;14
AIG Business Solution;4.0;41;Unknown;;;Gurgaon;1
Al Watanyiah United Engi;4.0;41;Private;28;7500;Muscat;2
Centurion University of;3.7;41;Private;15;3000;Bhubaneswar;5
Netaxis IT Solutions;3.6;41;Private;20;26;Chennai;1
Panda Retail Company;4.3;41;Private;42;10000;Jeddah;4
New Asian Construction C;4.0;41;Private;53;;Mumbai;10
Urbacon Trading & Contra;4.2;41;Unknown;9;3000;Lusail;0
Trans Gulf Electro Mecha;4.5;41;Unknown;48;3000;Dubai;2
Cloud Big Data Technolog;3.5;41;Private;36;750;Dallas;0
AKTOR;4.4;41;Private;70;7500;Athens;2
Eat 'N' Fit Agro Foods;2.7;41;Private;;126;Gurgaon;14
Trn Energy;3.9;41;Unknown;;;Vadodara;4
Million Minds Management;4.1;41;Unknown;13;3000;Noida;10
Maharashtra State Power;4.3;41;Unknown;;;Uran;4
OASYS Cybernatics;3.7;41;Private;20;3000;Chennai;8
ACI Worldwide;3.7;40;Private;45;3000;Naples;1
Batliboi;3.9;40;Public;128;;Mumbai;9
TetraSoft;3.4;40;Private;23;750;Hyderabad;0
Axtria;3.6;40;Private;11;750;Gurgaon;0
Arshiya International;3.7;40;Public;21;350;Mumbai;3
Jai Balaji Group;3.7;40;Public;21;;Kolkata;6
SRS Group;3.8;40;Unknown;;;Gwalior;10
Icreon Communications;3.3;40;Private;20;350;Noida;1
Bentley Systems;3.9;40;Private;36;3000;Exton,PA;2
Akshaya;4.3;40;Private;25;126;Chennai;3
Transstroy India;3.0;40;Private;18;3000;Chennai;5
Kumar Organic Products;3.7;40;Private;29;350;Bangalore;1
SmartStream Technologies;2.8;40;Private;20;750;London;3
NeST Information Technol;3.3;40;Unknown;22;;Cochin;3
SHARON BIO MEDICINE;3.7;40;Public;;;Mumbai;0
NewAge Software & Soluti;2.7;40;Unknown;14;;Chennai;1
Naprod Life Sciences;3.6;40;Private;;;Mumbai;3
Genisys Information Syst;3.3;40;Private;35;750;London;0
Qualitest;2.7;40;Private;23;3000;Fairfield;0
GMM Pfaudler;3.8;40;Public;58;750;Mumbai;2
Tarant Software;4.4;40;Private;10;;Bangalore;0
MODI HYUNDAI;4.0;40;Private;;26;Thane;1
Onida Mirc Electronics;4.1;40;Unknown;;;Hyderabad;18
ASA & Associates LLP;4.0;40;Private;29;750;New Delhi;6
Transformers & Rectifier;4.1;40;Private;26;;Ahmedabad;0
Siemens Building Technol;4.0;40;Unknown;;;Cleveland;9
Salzer Electronics;3.7;40;Public;;750;Coimbatore;3
SPARX IT Solutions;3.5;40;Unknown;12;;Noida;3
Zeco Aircon;3.9;40;Unknown;31;;New Delhi;2
KSL & Industries;3.1;40;Private;37;;Silvassa;4
National Small Industrie;3.9;40;Private;;750;New Delhi,India;16
Dunia Finance;3.7;40;Private;12;3000;Abu Dhabi;1
Data Patterns;3.0;40;Private;35;350;Chennai;3
TD Power Systems;3.8;40;Public;21;;Bengaluru;2
Projects & Development I;4.4;40;Private;;26;Ghaziabad;8
Manugraph India;4.5;40;Public;;;New Delhi;4
HSB Infotech;3.0;40;Private;6;750;Ahmedabad;13
Precision Seals Manufact;3.8;40;Unknown;;;Pune;0
Ashima Group;4.0;40;Unknown;;;Noida;0
Voonik;4.3;40;Private;7;350;Bangalore;0
Clifford Chance;3.1;40;Private;33;7500;London;1
Avanse Financial Service;4.0;40;Private;;26;Mumbai;8
Sportking;4.1;40;Public;43;3000;Ludhiana;3
Phoenix Market City;4.1;40;Private;9;3000;Bangalore;3
ICONMA;3.8;40;Private;20;3000;Troy;0
Jbm Auto Components;3.9;40;Unknown;;;Ahmedabad;7
Comau;3.8;40;Private;47;3000;Grugliasco;0
Maihar Cement;4.3;40;Private;;10000;Mumbai;6
G & K Management Service;3.2;40;Private;38;126;Detroit;2
Assimilate Solutions;3.2;40;Private;8;;Tucson;2
GILLANDERS ARBUTHNOT & C;3.8;40;Public;85;3000;Kolkata;8
Rivoli Group;3.9;40;Unknown;;;Dubai;2
Sanathan Textiles;4.0;40;Unknown;19;;Mumbai;3
Excell Autovista;3.2;40;Unknown;30;750;Mumbai;3
Head Field Solutions;3.3;40;Private;13;350;Noida;0
SAR Group;4.0;40;Unknown;32;;Gurugram;10
Riddhi Corporate Service;3.8;40;Public;;350;Ahmedabad;11
Communications Test Desi;3.8;40;Unknown;45;;Pennsylvania;3
Metro Group of Hospitals;3.6;40;Unknown;23;;Noida;6
Bio Veda Action Research;3.7;40;Unknown;28;350;Noida;11
Vengai Software Solution;4.4;40;Unknown;;;Kottivakkam, Chennai, Tamil Nadu;0
Kasturba Hospital;4.2;40;Private;;750;Byculla;5
Cognizant Softvision;3.4;40;Private;26;3000;New York;1
Atidiv;2.7;40;Unknown;11;;Chicago;0
Shree Shubham Logistics;4.2;40;Unknown;13;;Mumbai;14
Par Formulations;3.6;40;Unknown;;;Mumbai;2
Wonjin Autoparts;3.0;40;Unknown;;;Kancheepuram;3
Amrit Bottlers;4.2;40;Private;38;750;Faizabad;3
Zealous System;3.8;40;Unknown;;;Ahmedabad;1
Al Ansari Trading Enterp;3.8;40;Unknown;45;;Muscat;0
IndiaNivesh Securities;3.4;40;Private;4;26;Noida;16
Surevin Bpo Services;3.6;40;Public;;3000;Bhopal;6
Gm Modular;3.8;40;Private;;126;Mumbai;10
GSECL;4.4;40;Private;27;3000;Vadodara;8
Rishi FIBC Solutions;3.7;40;Private;13;750;Vadodara;2
Andhra Petrochemicals;4.3;40;Public;36;;Tanuku;1
Orient Blackswan;3.7;40;Private;72;350;Hyderabad;9
Modi Naturals;3.7;40;Public;46;;New Delhi;9
Shapoorji Pallonji Real;4.4;40;Unknown;155;10000;Mumbai;6
Adnet Global;3.1;40;Unknown;;;Mumbai;1
Domex E-data;3.4;40;Unknown;;;Chennai;0
Infocus Technologies;3.3;40;Private;13;126;Kolkata;7
Ajmal Perfumes;4.1;40;Unknown;;;Nagpur;9
Zenith Leisure Holidays;3.9;40;Unknown;23;;New Delhi;6
Daewoo Engineering & Con;4.5;40;Unknown;47;;Seoul;3
Aeon Credit Service;3.8;40;Unknown;9;;Kuala Lumpur;2
Vadraj Cement;3.3;40;Unknown;;;Nashik;2
Kemin Industries;4.5;40;Private;59;3000;Des Moines;8
Government of Rajasthan;4.2;40;Private;;10000;Jaipur;11
S K Engineering Co;4.4;40;Private;68;;Gurgaon;11
Vistara;3.6;40;Private;7;3000;Gurugram;9
Winsome Textile Industri;3.9;40;Public;40;;Chandigarh;2
UMW DONGSHIN MOTECH;3.9;40;Private;13;;Pune;0
Eagle Infra;3.8;40;Unknown;39;;Ulhasnagar;7
Arunachala Logistics;4.1;40;Private;20;;Hyderabad;9
Galva Decoparts;3.4;40;Unknown;22;750;Vapi;1
SKDRDP;4.4;40;Unknown;29;;Daramasthala;9
Gauhati High Court;4.4;40;Private;73;3000;Guwahati;1
Aqualite India;3.7;40;Unknown;39;3000;New Delhi;4
Servotech Power Systems;2.8;40;Public;;126;New Delhi;2
Tokai Imperial Rubber In;4.0;40;Private;;126;Faridabad,Haryana;2
Essel Mining & Industrie;4.2;40;Private;;3000;Worli;4
Adani Hazira Port;4.4;40;Public;22;3000;Ahmedabad;2
North West Carrying Co.;3.7;40;Private;22;350;Gurgaon;9
Teleone;3.7;40;Private;22;350;New Delhi;8
ABIS Exports;3.7;40;Private;35;;Rajnandgaon;8
P C CHANDRA JEWELLERS;4.3;40;Private;;;Mumbai;11
Kogta Financial;4.0;40;Unknown;24;;Ajmer;13
Elkayem Auto Ancillaries;3.5;40;Unknown;32;;Hosur;0
Sunstar Precision Forge;4.2;40;Unknown;15;;Greater Noida;3
SR Foils & Tissue;2.5;40;Private;;350;New Delhi;6
IMED Global;3.9;40;Private;7;126;Fort Washington;0
Amplifon;4.0;40;Private;;350;Mumbai;15
Nobel Hygiene;4.2;40;Unknown;19;;Mumbai;12
SPX Flow Technology;4.0;40;Private;5;7500;Charlotte;5
Dish Infra Services;4.1;40;Private;;10000;Delhi;18
Government Engineering C;4.2;40;Private;;350;Valsad;13
Clove Technologies;3.7;40;Private;16;;Hyderabad;0
Music Broadcast;3.8;40;Public;;;Chennai;17
Captain Tractors;4.1;40;Unknown;;;Hyderabad;8
Thryve Digital;3.4;40;Unknown;;;Hyderabad;0
Harpreet Motors;4.1;40;Unknown;;;New Delhi;2
Jain Farm Fresh Foods;3.7;40;Unknown;57;3000;Jalgaon;9
Planet Fashion;4.4;40;Unknown;12;10000;Karnataka;24
Asian Institute of Gastr;4.4;40;Unknown;26;;Hyderabad;0
Tbs India Telematic Biom;3.8;40;Private;20;;Bangalore;6
AVT McCormick Ingredient;3.8;40;Unknown;26;;Aluva;5
Splash;4.3;40;Private;27;350;Dubai;13
Bic Cello(india) Pvt.ltd;4.0;40;Unknown;;;Hyderabad;10
Navodaya Vidyalaya Samit;4.1;40;Private;35;750;Noida;13
Naari Pharma;3.5;40;Unknown;42;;Noida;2
Orange County Resorts &;4.1;40;Private;;750;Bangalore;1
Sky Automobiles;3.9;40;Private;11;;Raipur;1
Aipl Marketing;4.1;40;Private;10;750;New Delhi;14
Rishita Developers;3.7;40;Private;11;126;Lucknow;0
Jaypee Greens Golf & Spa;4.1;40;Private;;10000;Delhi;2
Linnhoff;4.0;40;Private;;;Mumbai;5
Edujobs Academy;3.7;40;Unknown;;126;Chandigarh;13
ShopX;3.9;40;Unknown;5;350;Bangalore;13
Jaikar Techno;3.9;40;Unknown;;;Vadodara;5
Ford Motor Credit Compan;4.6;40;Private;;7500;Dearborn;7
PULSUS HealthTech Group;3.1;40;Unknown;;;Oakville;2
Yanfeng Automotive Inter;4.2;40;Private;5;10000;Shanghai;1
Aida Cruises;4.1;40;Private;13;7500;Rostock;2
Travel Retail Services;3.7;40;Unknown;;;Vasai-Virar;7
Atlantis The Palm, Dubai;4.3;40;Private;12;3000;Dubai;3
Divgi Torqtransfer Syste;3.7;40;Unknown;;;Wai;1
DISTRICT AND SESSIONS CO;4.3;40;Unknown;;;Hyderabad;19
Royal Research;2.8;40;Private;7;;Kolkata;0
Foodhall Future Group;3.9;40;Public;9;350;Mumbai;6
Transmission Corporation;4.4;40;Private;22;;6-3-572,VIDYUT SOUDHAKHAIRATABAD,HYDERABAD     IN0;12
Euronet Global Developme;4.1;40;Private;26;7500;Leawood;4
SDP HR Solution;3.3;40;Private;10;26;Bharuch;10
Any wear;3.5;40;Unknown;;;Bengaluru;16
Kirloskar;4.2;40;Unknown;;;Koppal;16
State Government;4.1;40;Unknown;;;Chennai;17
Eminent Minds;4.6;40;Unknown;5;26;Bengaluru;0
CGI Communications;4.3;39;Unknown;32;350;New York;2
Changepond Technologies;2.9;39;Private;20;750;Chennai;0
BPL;4.3;39;Public;57;26;Bangalore;16
Zenith Software;3.5;39;Private;24;350;Bangalore;3
e-Zest;3.4;39;Public;20;350;Pune;0
RateGain;3.4;39;Private;16;750;London;0
Knowlarity Communication;3.2;39;Private;11;350;Singapore;5
NIC;4.0;39;Private;44;750;New Delhi;13
Automation Anywhere;3.6;39;Private;17;350;California;6
R K Construction;3.9;39;Unknown;;26;Puducherry;13
Texas Instruments;4.5;39;Private;69;10000;Texas;0
Magnaquest Technologies;3.2;39;Private;;350;Hyderabad;2
CIGNEX Datamatics;3.8;39;Private;20;750;Livonia;3
SSP Worldwide;3.3;39;Private;;750;Halifax;6
Dhanush InfoTech;3.4;39;Private;14;750;Hyderabad;4
Excel Industries;4.4;39;Public;79;750;Mumbai;7
IJM (India) Infrastructu;4.4;39;Private;;750;Guntur;9
Web Spiders;2.7;39;Private;20;350;Kollam;1
Zyme Solutions;3.5;39;Private;16;750;Redwood City,CA,United States;0
Click Labs;2.4;39;Private;9;126;California;1
Kyocera Document Solutio;3.5;39;Private;;10000;Kyoto;11
Perficient;3.2;39;Private;23;3000;St Louis;1
Locuz Enterprise Solutio;4.1;39;Unknown;21;350;Hyderabad;7
Verifone;3.5;39;Private;39;7500;San Jose,CA,United States;3
The World Bank;4.1;39;Private;76;10000;Washington DC;7
Jubilant Biosys;4.2;39;Private;20;350;Noida;0
Hitech Plast;4.0;39;Private;29;;Mumbai;8
Trantor;3.9;39;Private;;126;Chandigarh;0
Expeditors International;4.1;39;Private;41;10000;Seattle;7
Featherlite;3.9;39;Private;55;3000;Bangalore;1
Kanoria Chemicals & Indu;3.8;39;Public;60;350;New Delhi;1
DreamOrbit;4.0;39;Private;10;350;Bangalore;2
DB Realty;3.7;39;Public;;350;Mumbai;1
STS;3.6;39;Private;;750;Chennai;10
Samsung Heavy Industries;3.8;39;Private;46;10000;Seongnam-si;4
Smile Electronics;3.6;39;Unknown;;;Bengaluru;0
CARE Ratings;3.5;39;Public;27;350;Mumbai;8
Stallion Group;4.0;39;Private;;26;Brooklyn;6
Fabtech Technologies Int;3.7;39;Private;;350;Mumbai;2
SMEC Automation;3.7;39;Private;19;;Cochin;8
Majestic Auto;4.0;39;Public;47;750;Jalandhar;1
Birla Sun Life Mutual Fu;4.3;39;Unknown;;;Mumbai;18
Baker Gauges;3.7;39;Private;58;750;Pune;0
LGB Forge;3.7;39;Public;;;Coimbatore;3
Reliable Hubs Engineerin;4.1;39;Private;;350;Philadelphia;14
Lapp India;4.1;39;Private;24;350;Bangalore;5
FCI OEN Connectors;3.8;39;Unknown;39;;Kochi;1
Hindustan Copper;4.1;39;Private;;3000;Kolkata;0
Inspectorate Griffith In;3.9;39;Unknown;;;Visakhapatnam;9
NDS InfoServ;2.6;39;Private;20;26;Dallas;8
CPM;4.3;39;Private;84;10000;London;7
Tiger Steel Engineering;3.6;39;Unknown;52;;Sharjah;5
String Real Estate Infor;4.0;39;Unknown;;;Bethesda;2
Nykaa (Back Office);3.8;39;Unknown;8;3000;Mumbai;5
Radixweb;3.6;39;Private;20;350;Ahmedabad;0
SCIO Health Analytics;4.0;39;Private;13;350;Connecticut;2
Jash Engineering;3.6;39;Public;72;350;Indore;2
Robinhood Insurance Brok;3.9;39;Unknown;;;Hyderabad;6
Sagar Ratna Restaurant;4.4;39;Private;34;;New Delhi;4
Indira Gandhi National O;4.2;39;Unknown;35;;New Delhi;10
AWC Software;3.8;39;Private;14;126;Noida;2
Mediamint;3.7;39;Private;10;750;Hyderabad;0
A.W. Faber-Castell (I);3.6;39;Private;259;7500;Stein;8
UCC;3.8;39;Private;9;7500;Lusail;8
St. Paul's School;4.1;39;Private;;;Mumbai;13
Manappuram Home Finance;3.6;39;Private;10;;Thrissur;13
Chiripal Group;3.4;39;Private;48;350;Ahmedabad;3
Vardhman Polytex;3.7;39;Public;;;Nalagarh;1
Vibes Healthcare;3.8;39;Unknown;24;3000;New Delhi;7
VTP GROUP;3.5;39;Private;33;;Pune;0
Mahindra Integrated Busi;3.6;39;Private;;;Mumbai;5
LNJ Bhilwara Group;4.1;39;Private;59;10000;New Delhi;10
ARC Document Solutions;2.9;39;Private;32;3000;California;1
Klassic Wheels;3.4;39;Unknown;26;750;Ahmednagar;0
Gokul Agro Resources;3.9;39;Public;6;750;Ahmedabad;2
Babaji Shivram Clearing;2.9;39;Unknown;;;Mumbai;4
Forever New;4.2;39;Private;14;350;Melbourne;12
Actis Technologies;4.1;39;Private;49;350;Mumbai;8
Technosoft Engineering P;3.2;39;Public;21;750;Thane;2
Gkb Lens Pvt. Ltd., Kolk;4.3;39;Unknown;61;126;Kolkata;11
Wipro Digital;3.3;39;Private;6;10000;Brooklyn;7
Peel-works;3.2;39;Private;10;126;Mumbai;7
Mount Talent Consulting;3.0;39;Private;13;350;Noida;2
Right Tight Fasteners;4.2;39;Unknown;;;Sinnar;1
RentoMojo;3.8;39;Unknown;6;750;Bangalore;6
Meena Bazaar;4.1;39;Unknown;;;Mumbai;9
Arvind Retail;4.1;39;Public;89;350;Ahmedabad;7
Livedigital Marketing So;3.2;39;Private;;;Greater Noida;2
Navitas Life Sciences;3.8;39;Private;19;750;New Jersey;2
Ceragem;3.8;39;Unknown;22;350;Los Angeles;14
Fermenta Biotech;3.9;39;Public;34;;Thane;3
Deccan Chronicle Holding;3.6;39;Public;90;750;Secunderabad;9
INEL POWER SYSTEM ENGINE;3.7;39;Private;;26;Novi Sad;5
Adm Agro Industries;4.1;39;Private;118;;Chicago;13
Express Housekeeper;3.9;39;Private;24;10000;Gurgaon;7
Presidency School;3.7;39;Unknown;44;;Bengaluru;4
Kusalava International;4.0;39;Private;56;3000;Vijayawada;5
C.M. Smith & Sons;3.8;39;Private;77;126;Nadiad;0
Back Office;3.7;39;Private;;350;New Delhi;17
Thiripura Chits;3.4;39;Private;17;3000;Chennai;9
East Wind Footwear Compa;3.8;39;Unknown;;;Chennai;2
Ocean Sparkle;4.4;39;Unknown;;;Hyderabad;10
Acharya Institutes;2.6;39;Private;30;3000;Bengaluru;3
Gsp Power Projects;3.7;39;Private;25;;New Delhi;13
Nipro Medical;3.9;39;Private;66;3000;Miami;9
Jvl Agro Industries;3.2;39;Public;31;750;Varanasi;1
Ministry of Panchayati R;4.4;39;Private;16;;New Delhi;11
Eros  Elevators;3.2;39;Private;73;750;Mumbai;0
Mawai Infotech;3.6;39;Private;22;126;Noida;1
Hitek Syndicate;3.0;39;Unknown;;;Faridabad;3
Bal Bharati Public Schoo;4.2;39;Unknown;28;;Noida;7
SMC Power Generation;4.4;39;Public;20;750;New Delhi;3
Groz - Beckert Asia;4.1;39;Private;168;3000;Albstadt;3
JP Infra;3.6;39;Private;;7500;Mumbai;2
Amazon Web Services;4.2;39;Unknown;;;Pune;7
Venus Home Appliances;4.5;39;Private;56;750;Thoothukudi;11
Indus Integrated Informa;2.8;39;Unknown;;;Patna;8
S D EngineersTech;3.5;39;Unknown;19;;Faridabad;2
Ishan Netsol;3.8;39;Private;20;126;Rajkot;6
Derewala Jewellery Indus;3.3;39;Private;33;;Jaipur;0
Aliens Developers;3.5;39;Private;;350;Hyder;0
Kaff Appliances (india);3.8;39;Unknown;13;350;Gurgaon;12
MGM Medical College & Ho;3.8;39;Private;;3000;Jamshedpur;6
Prince Swr Systems;4.0;39;Private;32;3000;Mumbai;5
Liebherr;4.0;39;Private;71;3000;Biberach;6
CashLink Global Systems;4.3;39;Private;16;350;Chennai;10
Adlabs Imagica;4.0;39;Private;7;3000;Lonavla;1
Al Tayer Group;4.3;39;Private;;3000;Dubai;4
Ars Traffic And Transpor;3.7;39;Unknown;23;350;Nassaulaan;5
Kestone Integrated Marke;4.0;39;Private;23;750;New Delhi;13
Sobha Engineering Contra;3.1;39;Unknown;;;Hyderabad;1
Fine Tech Corporation;4.4;39;Private;;;Mumbai;22
T F S;3.8;39;Private;11;3000;Mumbai;6
Wingreens Farms;4.1;39;Unknown;9;350;Delhi;6
BRLPS;4.3;39;Unknown;13;3000;Patna;9
Parason Machinery;3.7;39;Private;50;750;Aurangabad;1
Kärcher Cleaning Systems;4.2;39;Private;85;350;Winnenden;13
Vishal Fabricators;4.0;39;Public;;;New Delhi;2
Autoprint Machinery Manu;3.8;39;Unknown;28;;Coimbatore;3
Techflow Engineers India;3.8;39;Unknown;25;750;Navi Mumbai;6
Incred Finance;3.6;39;Unknown;4;750;Mumbai;10
Vi-son Industries;3.6;39;Private;23;10000;Mumbai;6
Mahindra Aerospace;4.4;39;Private;10;350;Mumbai;3
Dr. Willmar Schwabe Indi;4.3;39;Unknown;;;Hyderabad;6
Finecure Pharmaceuticals;3.7;39;Public;15;3000;Ahmedabad;2
ITC ABD;4.3;39;Private;110;10000;Kolkata;18
Prabha Industries;4.2;39;Unknown;;;Bengaluru;6
Bhanu Construction;3.7;39;Private;36;350;Mumbai;4
Reliance Nippon Life Ass;4.2;39;Public;;;Ahmedabad;15
WSP;4.2;39;Private;61;10000;Montreal;6
Idemitsu Lube India Pvt.;3.8;39;Unknown;80;350;New Delhi;10
Learning Links Foundatio;4.3;39;Unknown;;;Bengaluru;14
Jayabheri Automotives;3.6;39;Unknown;33;;Hyderabad;1
Nath Bio - Genes;4.2;39;Public;;;Aurangabad;8
Star Paper Mills;3.9;39;Public;82;750;Kolkata;1
Sapphire International S;3.6;39;Private;17;126;Noida;7
Kanakadurga Finance;3.8;39;Private;26;3000;Vijayawada;15
Foodvista India;3.3;39;Private;6;350;Bengaluru;2
Millennium Semiconductor;4.0;39;Private;25;126;Pune;2
Dura Automotive;4.0;39;Unknown;;;Auburn;5
Seco Komos Automotive;3.9;39;Private;;;Kancheepuram;2
Reinforced Earth;4.0;39;Private;49;350;Reston;5
PeopleScout;2.9;39;Unknown;28;3000;Chicago;1
Advantum Health;3.7;39;Unknown;;350;Chennai;1
Hitech Cellphone;3.8;39;Unknown;12;;Kolkata;7
Black Turtle;3.4;39;Private;20;350;Mumbai;3
Wave Beverages;3.7;39;Unknown;;;Chandigarh;2
Bondada Engineering;3.7;39;Private;8;;Hyderabad;8
Light Microfinance;4.0;39;Private;10;;Ahmedabad;15
Exel Rubber;4.3;39;Public;30;;Hyderabad;2
Al Naba Services LLC;4.1;39;Unknown;;;Pune;4
Phoenix Conveyor Belt;3.7;39;Private;116;;Hamburg;3
Motherson Molds And Diec;4.1;39;Private;;;Delhi;2
Max Landmark Group;4.5;39;Unknown;;;Hyderabad;14
Ratnasagar Herbals;4.2;39;Unknown;;;Jaipur;12
Poncho Hospitality;3.7;39;Private;8;;Bangalore;3
Alpha Maier;3.8;39;Unknown;;;Gurgaon;1
Mangal Industries;4.0;39;Private;30;;Hyderabad;5
Kalinga University;3.3;39;Unknown;7;126;Raipur;3
Paayas Milk Producer Com;4.5;39;Private;8;350;Jaipur;2
VIKRAN Engineering & Exi;4.2;39;Unknown;;;Gwalior;10
PageTraffic Web-Tech;2.6;39;Unknown;18;;New Delhi;0
Zavenir Daubert;3.8;39;Private;25;126;Gurgaon,Haryana;5
Hpcl Biofuels;4.0;39;Unknown;;;Bettiah;2
The Zuri Hotels & Resort;4.1;39;Private;;350;Bengaluru;3
BLG Logistics;3.9;39;Private;;;Atlanta;2
Chokhi Dhani Resorts;3.7;39;Private;;26;New Delhi;3
Farnek Services;4.1;39;Unknown;;;Mumbai;2
PETROJET;3.7;39;Private;45;10000;Cairo;6
The Jain International S;3.9;39;Unknown;;;Kanpur;5
Ecolog International;4.3;39;Unknown;17;10000;Dubai;0
Hyundai Steel;4.1;39;Private;67;10000;Seoul;0
Geological Survey of Ind;4.3;39;Private;169;3000;Kolkata;13
Amitoje India;4.1;39;Unknown;22;126;New Delhi;0
AMAZEMENT ONLINE SERVICE;2.7;39;Unknown;;;Pune;16
Mechanical Contracting a;4.1;39;Unknown;48;3000;Manama;0
Anand Rathi: Online Stoc;4.1;39;Unknown;;;Ahmedabad;16
Siemens Informations Sys;4.1;38;Private;173;10000;Berlin;5
Reliance Energy;4.3;38;Unknown;91;7500;Mumbai;6
Omnitech InfoSolutions;2.6;38;Public;33;10000;Mumbai;9
Elder Pharmaceuticals;4.1;38;Public;;;Mumbai;9
Zylog Systems;3.0;38;Public;25;3000;Edison;1
Melstar Information Tech;3.1;38;Public;34;350;Mumbai;7
Next Retail;3.7;38;Private;38;10000;Faridabad;16
Annik Technology Service;3.5;38;Private;;350;Gurgaon;1
e-Nxt Financials;3.9;38;Unknown;;;Thane;14
Suguna Poultry Farm;4.0;38;Unknown;36;;Coimbatore;13
Fortune Group Hotels;4.2;38;Unknown;;;Dubai;14
Kumaran Systems;3.8;38;Private;30;126;Toronto;0
Software AG;4.3;38;Private;51;3000;Darmstadt;1
Drishti Soft Solutions;3.1;38;Private;5;;Gurgaon;4
Infocepts Technologies;3.2;38;Private;16;126;McLean;1
Indian Register of Shipp;4.1;38;Private;45;750;Mumbai;7
Site Engineering;4.1;38;Private;35;26;Atlanta;11
CSG International;3.9;38;Private;26;3000;Colorado;0
Altair Engineering;4.1;38;Private;23;350;Bengaluru;4
Verse Innovation;3.7;38;Private;13;750;Bengaluru;0
CCCL;4.1;38;Private;23;3000;Chennai;7
HighRadius;3.2;38;Private;14;750;Houston;0
Cipa;4.2;38;Unknown;;;Ahmedabad;12
Jost's Engineering;3.5;38;Private;;126;Mumbai;11
RCS Technologies;3.8;38;Private;29;350;Bengaluru;5
Punjab and Maharashtra C;3.9;38;Unknown;;;Surat;11
Terralogic Software Solu;3.4;38;Private;12;3000;San Jose;2
Sterling Infosystems;3.3;38;Private;45;3000;New York;0
Atom Technologies;3.7;38;Public;14;;Mumbai;5
Unique Enterprises;3.6;38;Private;22;26;New Delhi;11
Same Deutz-fahr;3.7;38;Private;93;3000;Treviglio;4
Asit C Mehta Investment;4.0;38;Private;35;750;Mumbai;6
BD;4.2;38;Private;123;10000;Franklin Lakes;10
Orchid Healthcare;4.1;38;Unknown;28;;Chennai;3
MDeverywhere India;3.8;38;Private;;126;Waltham;1
Salebuild;3.2;38;Unknown;;;Pune;0
SAL STEEL;3.9;38;Public;;;Ahmedabad;0
Roto Pumps;3.6;38;Public;;;Noida;4
Central Power Research I;4.3;38;Unknown;60;;Bangalore;3
Shiv-Vani Oil & Gas Expl;3.7;38;Private;;750;Delhi;9
Lee Pharma;3.7;38;Private;23;350;Hyderabad;1
Embitel Technologies;3.8;38;Private;14;350;Bangalore;1
Planman HR;3.7;38;Private;23;;New Delhi;10
Gracure Pharmaceuticals;3.2;38;Private;28;350;New Delhi;2
Aujas Networks;3.7;38;Private;12;350;Bangalore,India;5
PGIMER;4.3;38;Private;58;10000;Chandigarh;1
United Biscuits;4.2;38;Private;189;7500;Hayes;9
Gea Process Engineering;4.0;38;Unknown;;;Thane;2
Bluestone.com;4.0;38;Private;9;350;Bangalore;5
Vserv Business Solutions;3.4;38;Private;10;26;Mumbai;2
Best Western;4.2;38;Private;74;3000;Phoenix;13
XL India Business Servic;3.9;38;Unknown;34;7500;Hamilton;1
Defence Research & Devel;4.3;38;Private;;;Pune;2
KHD Humboldt Wedag;4.1;38;Private;164;750;Faridabad;2
Patel Integrated Logisti;3.7;38;Public;61;3000;Mumbai;9
Bharat Hotels;4.2;38;Unknown;;;Mumbai;6
National Dairy Developme;4.5;38;Private;55;750;Anand;5
RICE GROUP;3.5;38;Unknown;;;Cuttack;4
Zenith Industrial Rubber;3.3;38;Unknown;;;Mumbai;6
Indian Railway Catering;3.9;38;Private;;3000;New Delhi;15
DISYS;3.3;38;Private;26;3000;McLean;1
Interglobe Technology Qu;4.1;38;Private;31;;Gurugram;10
Frontline Business Solut;3.8;38;Unknown;13;;New Delhi;10
Ntf;3.7;38;Unknown;36;350;Gurgaon;1
Comed Chemicals;3.9;38;Unknown;34;3000;Vadodara;7
Navigant Technologies;2.6;38;Private;;350;Gurgaon;3
Ufi Filters;3.9;38;Unknown;49;3000;Verona;4
Forever Living Products;4.1;38;Private;42;10000;Scottsdale;13
Liberty Oil Mills;4.2;38;Private;67;750;Mumbai;4
Capital Numbers Infotech;3.4;38;Private;8;750;Kolkata;5
Dhruv Globals;3.9;38;Private;;750;Sonipat;3
Ghaziabad Precision Prod;3.8;38;Unknown;32;350;Ghaziabad;6
Flash Forge;3.7;38;Private;9;126;Jinhua;3
R K Marbles;3.9;38;Private;31;3000;Kishangarh;9
HTL;4.1;38;Private;;;Delhi;5
Gram Panchayat;4.1;38;Unknown;;;Mumbai;8
Knowledge Splice Service;3.1;38;Private;9;26;Thermopolis,WY (US);1
Lohia Starlinger;4.1;38;Private;39;3000;Kanpur;0
CNC Automotive;3.8;38;Private;51;;Bangalore;5
Hindustan Paper Corporat;4.0;38;Private;;;Kolkata,India;0
Gera Developments;4.3;38;Unknown;50;;Pune;0
Chemspec Chemicals;2.5;38;Unknown;;;Mumbai;1
Metaminds Software Solut;3.0;38;Private;20;350;Hyderabad;1
Meenakshi Mission Hospit;4.6;38;Private;30;3000;Madurai;1
BSF;4.1;38;Public;55;10000;New Delhi;12
Sankei Giken;4.3;38;Unknown;72;3000;Tokyo;0
Apeejay School;3.5;38;Unknown;;;Kolkata;6
Milan Laboratories;4.0;38;Private;;;Mumbai;4
Electronics & Controls P;3.4;38;Private;;126;New Delhi;14
International SOS;3.4;38;Private;35;10000;Singapore;7
IEISL;3.5;38;Private;33;126;Mumbai;10
Mannai Corporation;4.5;38;Unknown;70;;Doha;1
Ondoor Concepts;3.4;38;Private;6;;Bhopal;0
Jm Frictech;3.8;38;Unknown;;;Chennai;1
Sanat Products;3.7;38;Unknown;36;;Delhi;8
Shotformats Digital Prod;2.4;38;Private;13;350;Mumbai;3
Mahindra Defence Systems;3.7;38;Private;;;Mumbai;8
KerryIndev Logistics;3.9;38;Private;36;3000;Chennai;6
Capstone Securities Anal;4.3;38;Private;;350;Pune;0
GIC Housing Finance;3.5;38;Public;31;;Mumbai;16
Mangalam Drugs & Organic;4.1;38;Unknown;43;;Mumbai;3
Terumo Penpol;3.9;38;Private;3;;Hyderabad;10
Xome;3.8;38;Unknown;5;;Lewisville;0
JB INDUSTRIES;4.2;38;Private;;3000;Mumbai;6
Foundation Brake Manufac;4.1;38;Unknown;;;Mumbai;6
Clearpack India Automati;3.8;38;Private;;126;Mumbai;1
Indian Potash;3.9;38;Private;65;350;Chennai;16
Kolors Healthcare India;3.8;38;Private;16;3000;Hyderabad;9
Primetals Technologies;4.6;38;Private;5;;London;1
Omni Hospital;4.3;38;Private;10;750;Hyderabad;1
S AND IB SERVICES;3.7;38;Private;32;10000;Kolkata;2
S V S Projects India;4.2;38;Private;29;;Hyderabad;2
Odisha Power Generation;3.3;38;Unknown;;;Bhubaneswar;0
Jetfleet;3.7;38;Private;;126;Mumbai;9
SNVA Ventures;3.4;38;Private;11;;Waldorf;1
Khosla Profil;3.4;38;Private;;750;Mumbai;0
Securelynkx Networks;3.7;38;Unknown;14;;New Delhi;5
Gail Gas;4.4;38;Unknown;;;Mumbai;9
Solara Active Pharma Sci;4.1;38;Public;;;Ambernath;5
Therdose Pharma;3.8;38;Private;;126;Hyderabad;0
Kriti Prakashan;2.5;38;Private;19;350;Lucknow;8
Gujarat Tea Processors &;4.3;38;Unknown;128;3000;Ahmedabad;8
Dheeraj Realty;4.0;38;Unknown;42;;Mumbai;0
Ravindu Toyota;4.0;38;Private;;126;Bangalore;0
United Nations;4.7;38;Private;75;10000;New York;3
Metro Infrasys;3.7;38;Unknown;;;New Delhi;2
Jse Engineering;3.7;38;Private;15;126;Chennai;6
B.l Lifesciences;3.6;38;Unknown;36;350;New Delhi;12
Vastu Vihar;3.7;38;Unknown;;;Asansol;11
Goodluck;3.7;38;Public;34;;Ghaziabad;5
Birla white;4.2;38;Private;32;3000;Mumbai;10
Adhaan Solutions;4.3;38;Private;10;3000;Gujrat;11
ISYX Technologies;3.1;38;Unknown;9;;Dubai;3
Woodlands Multispecialit;3.9;38;Unknown;;;Kolkata;0
Compact Lamps;3.4;38;Unknown;;;Patna;4
Groupon Shared Services;3.5;38;Private;5;;Bengaluru;0
My Own Eco Energy;2.5;38;Unknown;9;126;Mumbai;11
S-cci india;3.8;38;Unknown;35;750;Gurgaon;3
Gvr Insurance Brokers;3.6;38;Unknown;;;Lucknow;14
MSF;4.3;38;Unknown;49;10000;Geneva;9
Span Pumps;3.7;38;Unknown;;;Jaipur;4
Rakesh Masala;4.2;38;Unknown;;;Ghaziabad;10
A.B. Grain Spirits;3.7;38;Unknown;;;Gurgaon;6
Rapid Metro Rail Gurgaon;3.8;38;Unknown;;;Gurgaon;0
Antilog Vacations;3.1;38;Private;10;;Chandigarh;1
Arabian International Co;4.2;38;Unknown;26;;Jeddah;5
Denso Ten Minda India;4.0;38;Unknown;8;;Bawal;4
Tatva Chintan Pharma Che;3.5;38;Unknown;;;Vadodara;2
Deepak Foundation;3.9;38;Unknown;38;350;Vadodara;1
Ikon Retail;3.7;38;Private;14;350;New Delhi;5
Palred Online Technologi;4.2;38;Unknown;21;126;Hyderabad;2
Apex visas;4.0;38;Private;;350;Pune;6
Eqic Dies & Moulds Engin;3.9;38;Private;32;;Hyderabad;0
Gems International Schoo;3.9;38;Private;61;10000;Dubai;9
Teknovance Solutions;2.4;38;Private;17;126;Apex;0
Sonovision-Aetos;3.3;38;Private;15;126;Bengaluru;0
Al Mulla Group;4.0;38;Private;82;10000;Kuwait City;3
Neelachal Ispat Nigam;4.4;38;Unknown;;;Bhubaneswar;2
EDR Continuous Informati;3.6;38;Private;22;;Nagpur;2
Aam India Manufacturing;3.8;38;Unknown;26;10000;Detroit;3
Elegant Network Services;4.0;38;Unknown;;26;Pune;12
Tata Motors Insurance Br;4.2;38;Private;12;350;Mumbai;17
Corvi Led;3.6;38;Private;;;Mumbai;7
Medanta Hospital, Indore;4.3;38;Unknown;;;Lucknow;6
Saudi Airlines Catering;4.3;38;Unknown;39;;Jeddah;5
Funfirst Global Skillers;3.6;38;Unknown;;;Mumbai;10
Asiapower Overseas Emplo;4.4;38;Unknown;36;;Mumbai;7
R S Tech Technologies;4.2;38;Private;;;Bangalore;10
First Step Babywear;4.2;38;Unknown;18;7500;Hosur;2
Karmaa Solutions;4.2;38;Private;;26;Vadodara;6
Surya Informatics;4.6;38;Private;;;Delhi;0
Converse Placement Servi;3.9;38;Private;13;26;Jaipur;1
RR Projects;4.2;38;Private;20;;Gurgaon;5
Nrhm, Govt Of India;3.8;38;Unknown;;;Jaipur;16
IT Solutions;3.6;38;Unknown;;;Mumbai;13
Emmenner Pharma;4.3;38;Unknown;15;350;Hyderabad;2
Employ Craft;4.3;38;Private;7;;New Delhi;3
Suratgarh Air Force Stat;4.5;38;Unknown;;;Chennai;12
Sales & Service;3.8;37;Unknown;;;Mumbai;23
IMS Learning Resources;3.8;37;Unknown;;;Mumbai;9
Cybertech Systems & Soft;3.7;37;Private;26;750;Illinois;3
Clarion Technologies;3.8;37;Private;20;350;Pune;4
Atlas Documentary Facili;4.0;37;Private;;;Mumbai;12
Business Standard;3.6;37;Private;45;750;New Delhi;6
The Chennai Silks;4.2;37;Unknown;;;Kolkata;8
Planet M Retail;4.1;37;Private;21;26;Mumbai;10
Pancard Clubs;3.8;37;Private;;10000;Mumbai;12
IIT Delhi;4.3;37;Private;59;3000;New Delhi;2
Tamilnadu Petroproducts;4.1;37;Public;;;Manali;0
Freight Systems;4.1;37;Public;32;26;Dubai;7
Sunera Technologies;3.3;37;Private;16;750;San Jose,CA;0
United Technologies;3.1;37;Private;45;10000;Connecticut;4
Adglobal360;2.8;37;Unknown;;;Gurgaon;0
Netcore Solutions;3.7;37;Private;22;;Mumbai;6
Symbiosys Technologies;3.9;37;Private;19;350;Visakhapatnam;2
Citec Engineering;3.0;37;Unknown;;;Chennai;2
DiacriTech;3.2;37;Private;23;750;Chennai;0
MM Infotech;3.5;37;Unknown;;;Pune;0
Arrow Electronics;3.3;37;Private;85;10000;Colorado;2
The Grand Bhagwati;4.4;37;Private;31;;Ahmedabad;2
CC India;3.7;37;Private;53;26;Bangalore;10
Vinove Software & Servic;2.5;37;Private;16;350;Noida;3
Real Image Media Technol;4.2;37;Private;34;350;Chennai;7
MOURI Tech;3.9;37;Private;15;26;Texas;2
Pearl Beverages;3.3;37;Unknown;;;Vijayawada;3
Deloitte Tax LLP;4.4;37;Unknown;;;Gurgaon;1
ItzCash Card;4.2;37;Private;;126;Mumbai;12
Hexagon Capability Cente;4.2;37;Unknown;28;;Stockholm;0
Premier Shield;3.5;37;Unknown;;;Chandigarh;6
Gujarat Insecticides;4.3;37;Unknown;;;Kolkata;8
Zieta Technologies;2.6;37;Private;19;126;Atlanta;3
Portescap;3.9;37;Private;89;350;Pennsylvania;0
Driplex Water Engineerin;4.1;37;Unknown;;;Kochi;7
Minilec;3.2;37;Private;55;3000;Pune;1
Ch2M Hill;4.3;37;Private;;10000;Englewood;7
Universal Hunt;3.6;37;Private;13;350;Ahmadabad,India;2
G Plast;4.1;37;Private;36;350;Coimbatore;0
Mw High Tech Projects;4.0;37;Private;;;Hyderabad;5
Srini Pharmaceuticals;3.1;37;Private;25;;Hyderabad;1
Quality Group;3.4;37;Private;46;3000;Dar Es Salaam;5
Kerala State Electronics;4.2;37;Private;;;PLOT NO 47-A ARERA HILLS   BHOPALBhopalIN462011;7
City Corporation Ltd (Am;4.2;37;Unknown;;;Chennai;2
Spentex Industries;3.4;37;Private;29;350;New Delhi;4
Funskool India;3.9;37;Private;33;350;Chennai;8
Indus Projects;3.5;37;Private;;;Mumbai;7
Wesnia Info Solutions;4.5;37;Private;14;26;Bengaluru;0
TransSys Solutions;4.0;37;Unknown;10;;Dubai;1
Radiant Polymers;3.8;37;Unknown;31;;Ghaziabad;7
ATC India Tower Corporat;4.0;37;Unknown;;;Mumbai;13
Peekay Steel Castings;4.3;37;Private;29;750;Calicut;1
Avis;3.9;37;Unknown;;3000;Pune;6
Gammon Infrastructure Pr;3.9;37;Public;19;126;Mumbai;9
Being human;4.3;37;Private;;26;Ahmedabad;12
Ameex Technologies;3.5;37;Private;13;350;Illinois;0
LexisNexis;3.3;37;Private;50;3000;New York;2
Golden Palms Hotel & Spa;4.5;37;Unknown;;;New Delhi;6
Mirafra Technologies;3.0;37;Private;16;750;Bangalore;0
Boutique International;3.9;37;Unknown;;;Greater Noida;8
Huf India;3.3;37;Private;12;;Pune;0
ALTEN;3.8;37;Private;32;3000;Paris;2
Jadavpur University;4.3;37;Private;65;350;Kolkata;0
SequelOne;3.7;37;Private;;350;Gurgaon;5
92.7 BIG FM;3.7;37;Private;14;;Mumbai;16
GMC Nagpur;4.0;37;Unknown;;;Aurangabad;9
Secure Energy Services;4.0;37;Unknown;13;3000;Calgary;15
ESDEE PAINTS;3.0;37;Unknown;;;Pune;8
Novopay Solutions;4.3;37;Unknown;6;;Bangalore;8
Arbro Pharmaceuticals;3.4;37;Unknown;35;;New Delhi;0
Writer Information Manag;3.4;37;Private;33;7500;Mumbai;9
Ahlcon Parenterals;4.3;37;Private;28;126;New Delhi;3
EF Information Systems;3.7;37;Private;;126;Bangalore;4
Dai Ichi;4.0;37;Unknown;;;Bharuch;4
Tricon Infra Buildtech p;4.2;37;Private;;750;Pune;1
Menarini Raunaq Pharma;3.5;37;Unknown;;126;Ahmedabad;16
M+W Group;4.6;37;Private;108;7500;Stuttgart;5
Galfar Al Misnad Enginee;4.3;37;Unknown;25;;Doha;2
Sakthi Finance;4.4;37;Public;;;Madurai;12
NHK Automotive Component;3.7;37;Unknown;;26;Aurangabad;0
Control & Applications E;4.1;37;Unknown;;;Abu Dhabi;1
Dollar Industries;3.7;37;Public;48;350;Kolkata;6
VAP Technology;3.2;37;Unknown;;;Kolkata;0
Mind Shaper Technologies;3.3;37;Private;;;Delhi;7
Amol Pharmaceuticals;3.8;37;Private;;350;Mumbai;1
BI WORLDWIDE;4.0;37;Private;70;750;Minneapolis;3
Christ University;3.6;37;Private;51;350;Bangalore,India;1
Gennova Biopharmaceutica;4.4;37;Unknown;;;Mumbai;1
Cambridge University Pre;3.5;37;Private;486;3000;Cambridge;6
Advance India Projects;3.7;37;Private;;26;Elgin;7
MS Ramaiah Memorial Hosp;3.9;37;Private;58;750;Bangalore;0
Government of Odisha;3.8;37;Private;;3000;Bhubaneswar;2
Medgenome Labs;3.2;37;Unknown;8;350;Bangalore;6
Lark Laboratories (I);3.1;37;Unknown;41;;New Delhi;6
Siemens Energy;4.4;37;Private;173;10000;Munich;7
Grecian Super Specialty;3.8;37;Unknown;;750;Ludhiana;1
GEPIL;3.8;37;Public;21;750;Surat;6
SCOPE T&M;3.6;37;Unknown;;;Ranchi;5
Hy Gro Chemicals Pharmte;3.8;37;Private;50;;Secunderabad;2
Panoli Intermediates Ind;4.0;37;Unknown;21;;Vadodara;0
Royal HaskoningDHV;4.4;37;Private;139;3000;Amersfoort;11
Govind Milk & Milk Produ;4.3;37;Private;24;;Satara;5
Suncity Projects;4.1;37;Private;24;750;Gurgaon;9
Gateway Rail Freight;4.5;37;Unknown;15;;New Delhi;5
Falcon Force;3.9;37;Private;;;New Delhi;1
Punjab Agricultural Univ;4.5;37;Private;58;3000;Ludhiana;4
Trimex Sands;4.3;37;Unknown;;;Chennai;2
Tata Sia Airlines;3.9;37;Unknown;7;3000;Gurgaon;6
Sohan Lal Commodity Mana;3.8;37;Unknown;;;New Delhi;4
SAAB ENGINEERING;4.3;37;Unknown;;;Bongaigaon City;0
Starworth Infrastructure;4.4;37;Private;19;350;Bengaluru;1
Karunya University;3.7;37;Private;34;750;Coimbatore;0
Line O Matic Graphic Ind;4.0;37;Unknown;23;;Ahmedabad;0
Express Roadways;3.9;37;Unknown;;;Hisar;10
Rotana Hotels;4.3;37;Unknown;28;10000;Abu Dhabi;5
Green Tech;3.8;37;Private;;26;Mumbai;16
Anupam Rasayan India;4.4;37;Unknown;43;;Surat;3
Goa Shipyard;3.9;37;Private;;26;New Delhi,India;3
Sembcorp Energy India;3.8;37;Public;12;750;Gurgaon;1
Prime Meiden;3.8;37;Private;12;750;Gurgaon;5
Gimatex Industries;4.3;37;Private;27;350;Mumbai;4
S K Samanta & Co;3.3;37;Unknown;;;Bokaro;2
Patel Hospital;4.1;37;Private;;350;Jalandhar;3
Drums Food International;4.1;37;Private;9;126;Mumbai;7
Piramal Group;4.1;37;Private;40;750;Mumbai;12
Poornima College of Engi;3.9;37;Private;;750;Jaipur;0
Truweight Wellness;3.7;37;Private;5;350;Hyderabad;4
American Oncology Instit;4.0;37;Unknown;8;750;Hyderabad;6
World Health Partners;4.2;37;Unknown;12;;New Delhi;6
Qube Cinema Technologies;4.1;37;Private;34;3000;Chennai;5
Vanesa Care;3.7;37;Unknown;;;Mumbai;8
Brilliant Bio Pharma;3.5;37;Private;32;126;Hyderabad;2
Burns & McDonnell;4.3;37;Private;122;7500;Missouri;0
Accurate Logistics;4.0;37;Private;;;Mumbai;13
Bazar India;4.1;37;Private;;;Cannanore;12
Ecoren Energy;4.4;37;Private;7;126;HyderÄbÄd;1
ALEC;4.4;37;Private;21;10000;Dubai;3
New Swan Multitech;3.5;37;Unknown;;;Ahmedabad;2
Mahabal Metals;3.7;37;Unknown;;;Sanand;1
DM Wayanad Institute of;4.2;37;Unknown;;;Ahmedabad;0
Kamani Foods;2.5;37;Private;;126;Mumbai;2
SRK Constructions Projec;3.5;37;Private;;26;Bengaluru;5
Menzies Aviation Bobba;4.4;37;Private;12;7500;Bangalore;0
Western Railway;4.2;37;Private;;10000;Mumbai;8
Bader Al Mulla Brothers;4.1;37;Private;82;;Kuwait City;3
Granules Omnichem;4.5;37;Unknown;9;;Visakhapatnam;0
Hanwha Engineering & Con;4.7;37;Private;68;7500;Seoul;3
SKS POWER GENERATION;3.7;37;Private;;350;Mumbai;9
Board of Apprenticeship;4.4;37;Unknown;;;Kolkata;17
Saya homes;3.3;37;Unknown;;350;New Delhi;2
Kumon India Education;3.6;37;Private;62;26;Osaka;8
Bhagwan Mahaveer Cancer;4.0;37;Unknown;;;Jaipur;0
Ways2Capital;3.6;37;Private;10;350;Indore;0
Haicheng Vivo Mobile;3.4;37;Unknown;;;New Delhi;2
Lancers International Sc;3.3;37;Private;11;126;Gurugram;0
Gopal Snacks;4.2;37;Unknown;;;Mumbai;5
Wanfeng Aluminum Wheel;4.3;37;Unknown;;;New Delhi;2
Al Mashariq Trading & Co;3.1;37;Private;;3000;Dammam;3
Medgulf Construction Com;4.2;37;Unknown;;;New Delhi;2
Cytecare Cancer Hospital;3.7;37;Private;6;350;Bangalore;0
Ghana Education Service;4.2;37;Private;;7500;Accra;0
Enova Facilities Managem;4.4;37;Private;18;3000;Dubai;4
Flipkart Logistics;4.2;37;Private;9;;Bangalore;12
Nijji Healthcare;4.4;37;Unknown;;;Lucknow;9
cFIRST;4.1;37;Private;14;126;Cincinnati;2
SPS Construction & Engin;3.9;37;Private;16;126;Apex;12
Crew;3.7;37;Private;5;26;San Francisco;8
Tesco HSC;3.9;36;Unknown;;;Mumbai;0
Tata Docomo;4.2;36;Unknown;;;Chennai;16
Tata Indicom;4.1;36;Private;;26;Bhopal;19
Cross Domain Solutions;4.1;36;Unknown;33;;Bangalore;1
Cybernet Slash Support;3.8;36;Unknown;24;;Milpitas;2
Hfcl Infotel;4.2;36;Public;;;Bhopal;16
The Leela Kempinski;4.3;36;Unknown;37;;Mumbai;4
Compass Group Support S;4.2;36;Unknown;;;Ahmedabad;8
IRIS Business Services;3.5;36;Public;26;750;Vashi;3
Directi;4.4;36;Private;22;3000;Mumbai,India;3
Krishna Enterprises;4.1;36;Private;;26;Mumbai;18
Armed Forces Tribunal;4.5;36;Unknown;;;Kolkata;17
ACNielsen;3.5;36;Private;97;10000;New York;20
Sara Technologies;3.6;36;Unknown;;;Santa Fe;5
Indusind Media & Communi;3.3;36;Private;;3000;Mumbai;9
Ascendum Solutions;3.6;36;Unknown;19;;Blue Ash;0
Intuit;3.5;36;Private;37;7500;Mountain View;0
Dion Global Solutions;3.2;36;Public;26;750;Noida;4
Indo Schottle Auto Parts;3.8;36;Unknown;34;;Pune;2
Odessa Technologies;3.2;36;Private;22;350;Philadelphia,PA;0
CHR Solutions;3.7;36;Private;83;350;Houston;8
Aditya Enterprises;4.0;36;Unknown;;;Mumbai;13
Teach For India;3.9;36;Private;12;350;Mumbai;5
Compassites Software Sol;3.3;36;Private;;126;Bangalore;0
S. K. Industries;3.8;36;Private;;26;Vadodara;15
AGIO Pharmaceuticals;2.6;36;Public;29;;Mumbai;5
William Penn;3.7;36;Private;18;350;Bengaluru;5
Skanray Technologies;3.3;36;Private;13;350;Mysore;6
Government of Gujarat;4.2;36;Unknown;;;Gandhinagar,Gujarat;7
Dewars Garage;3.1;36;Unknown;;;Kolkata;0
Metenere;3.8;36;Public;31;3000;New Delhi;5
RENAISSANCE;4.2;36;Private;;350;Quezon;12
Apttus;4.1;36;Private;14;750;California;3
JIL Information Technolo;4.1;36;Private;20;350;Ghaziabad;5
Piccadily Hotels;3.4;36;Private;;350;New Delhi;3
Talent Sprint;3.8;36;Unknown;;;Hyderabad;0
Stellar Information Tech;3.8;36;Unknown;;;Kolkata;7
Adlabs Entertainment;3.9;36;Public;;;Agra;1
Almondz Global Securitie;3.8;36;Public;26;;New Delhi;6
Sphinx Worldbiz;3.3;36;Private;24;;Noida;1
Swarovski;4.2;36;Private;125;10000;Pune;11
Bundy India;3.7;36;Unknown;;126;Chennai;4
Mgm Hospital;3.9;36;Private;;350;Navi Mumbai;3
Sanmar Group;4.2;36;Public;48;3000;Chennai;6
Bansal Classes;3.3;36;Unknown;;;Jaipur;14
Indosolar;3.8;36;Public;12;;Noida;1
Beckman Coulter;3.4;36;Private;85;7500;Brea,CA,USA;7
Robinsons Cargo And Logi;3.7;36;Unknown;66;350;Mumbai;8
Gates Unitta India Compa;4.2;36;Unknown;;;Patna;5
Jindal Stainless Steelwa;4.0;36;Unknown;16;;Gurugram;8
TVS Sreechakra LTD ,Tvs;3.8;36;Unknown;;;Ahmedabad;9
Arihant Capital Markets;3.1;36;Public;28;350;Mumbai;9
MES;4.4;36;Private;28;;Rockville;16
Energy Technical Service;3.6;36;Unknown;;;Mumbai;5
New Era Consultancy;3.3;36;Unknown;27;;New Delhi;6
N.K. Realtors;3.8;36;Private;33;;Kolkata;1
Faze Three;4.1;36;Public;35;750;Mumbai;4
The Peerless General Fin;4.2;36;Unknown;;;Mumbai;19
Petroserv;3.9;36;Unknown;42;;Doha;2
Fragomen Immigration Ser;3.6;36;Unknown;69;;New York;3
Snap Fitness;4.0;36;Private;17;350;Minnesota;5
The 3C Company;4.0;36;Private;;3000;New Delhi;2
Rana Sugars;4.0;36;Public;28;126;Chandigarh;8
Indian Agricultural Rese;4.8;36;Private;115;3000;New Delhi;4
NTC Logistics India;3.9;36;Unknown;23;;Chennai;2
Wonderchef Home Applianc;3.8;36;Unknown;11;;Mumbai;11
Prince Aly Khan Hospital;4.3;36;Unknown;;;Navi Mumbai;0
Fairmate Construction Ch;3.3;36;Unknown;39;;Tallinn;9
AB Mauri India;3.6;36;Unknown;16;750;Bangalore;8
Smile Foundation;3.8;36;Private;18;350;New Delhi;8
Meenakshi Energy;4.0;36;Unknown;;;Kolkata;1
Integrated Personnel Ser;3.8;36;Unknown;16;;Mumbai;11
Signals and Systems;4.1;36;Private;;350;Chennai;3
Alivenet Solution;3.4;36;Private;8;26;New Delhi;1
TaeguTec;4.4;36;Private;22;750;Daegu;3
Condor Footwear;3.7;36;Private;;3000;New Delhi;3
Bitla Software;4.0;36;Private;13;350;Bangalore;5
Panchshil Realty;4.5;36;Private;18;750;Pune;0
Antares Systems;4.1;36;Public;23;126;Bangalore;4
Pramata Knowledge Soluti;3.8;36;Private;15;126;Brisbane;0
Xecute HR Solutions;3.6;36;Unknown;;;Gurgaon;6
Vastu Housing Finance;3.9;36;Private;15;350;Mumbai;14
Amrita Vishwa Vidyapeeth;4.0;36;Private;26;;Coimbatore;3
Unicorn DenMart;3.6;36;Unknown;26;;New Delhi;6
AIMS;3.7;36;Private;16;350;Vienna;14
VizExperts;2.7;36;Private;14;126;Houston;3
Viney Corporation;3.9;36;Unknown;;;Pune;6
Innoviti Payment Solutio;3.3;36;Unknown;;;Kolkata;9
VSynergize Outsourcing;3.1;36;Unknown;20;;San Francisco;0
Glen Appliances;4.1;36;Private;21;3000;Faridabad;9
Krishi Rasayan Exports;4.0;36;Unknown;25;10000;New Delhi;11
Tulip Infratech;4.2;36;Private;15;126;Gurgaon;0
Frog CellSat;4.3;36;Private;;350;Noida;6
TONI&GUY;4.1;36;Private;57;3000;London;11
SPS Apollo Hospital;4.2;36;Unknown;15;;Ludhiana;3
Aurus;2.9;36;Private;;26;Boston,MA;1
Vibrant Ndt Services;3.8;36;Unknown;7;350;Chennai;2
Jaya Shree Textiles;4.2;36;Unknown;;;Mumbai;0
Loylty Rewardz Mngt;3.6;36;Private;14;350;Mumbai;4
Vantage Agora;3.1;36;Private;16;350;Beachwood;1
Zone By The Park Chennai;4.1;36;Unknown;;;Jodhpur;5
Izmo;3.7;36;Public;25;350;Bengaluru;2
Charoen Pokphand Group;4.1;36;Public;99;10000;Bangkok;14
NLC;4.2;36;Private;8;26;San Francisco,CA (US);5
Navigant;3.2;36;Private;;126;Chicago;3
Maple Digital Technology;3.5;36;Private;10;26;Mumbai;3
AKR TEXTILE;3.8;36;Unknown;;;Tiruppur;1
Bharat Vikas Group;3.4;36;Unknown;27;10000;Pune;7
Gapbridge Software Servi;2.2;36;Private;10;350;Bengaluru;4
CRY - Child Rights and Y;3.8;36;Private;41;350;Mumbai;5
Arvind Techno Engineers;3.9;36;Unknown;42;;New Delhi;8
Cico Technologies;3.7;36;Private;90;;New Delhi;14
Leeford Healthcare;4.2;36;Unknown;;;Ahmedabad;9
Varsity Education Manage;4.2;36;Unknown;10;;Hyderabad;4
Threads India;3.3;36;Unknown;37;;Kanpur;4
Delhi Jal Board;4.3;36;Unknown;22;;New Delhi;1
Anchor Offshore Services;3.5;36;Unknown;;;Mumbai;4
Manipal Business Solutio;3.8;36;Unknown;;;Kolkata;10
L&T MHPS Turbine Generat;4.0;36;Private;13;;Mumbai;1
S N N Builders;4.3;36;Private;11;;Bangalore;1
ICAR;4.5;36;Private;91;;New Delhi;11
AFour Technologies;2.7;36;Private;13;350;Pune;0
Fare Labs;3.0;36;Unknown;21;;Gurugram;1
Kothari Medical Centre;3.4;36;Private;49;3000;Kolkata;3
Goyal & Co.;4.6;36;Private;;26;Mumbai;7
Itmantra Techintellect;2.2;36;Private;20;126;Mumbai;13
Moglix;3.4;36;Unknown;5;750;Noida;4
Strabag;4.2;36;Unknown;;;Noida;6
Galaxy Group;3.8;36;Unknown;;;Chennai;8
JIPMER;4.4;36;Private;56;10000;Puducherry;3
Printo Document Services;4.0;36;Unknown;15;;Bengaluru;4
Chandigarh Distillers &;4.0;36;Unknown;31;;Chandigarh;5
Dorset Kaba Security Sys;3.9;36;Unknown;;;Kolkata;9
Nutricia;3.9;36;Private;124;7500;Utrecht;13
Jayanita Exports;3.1;36;Private;42;3000;New Delhi;2
Biomerieux;4.1;36;Unknown;57;;Marcy I'Etoile;8
Acrysil;3.3;36;Public;;;New Delhi;4
Black Cat Engineering An;4.2;36;Unknown;;;Doha;3
Eglo India;3.6;36;Private;51;3000;New Delhi;2
Technoculture Building C;3.6;36;Private;25;350;Mumbai;11
Cameo Global;2.9;36;Private;26;750;Pleasanton;0
Aabasoft Technologies;3.7;36;Private;18;;Kochi;0
Hnb Engineers;4.1;36;Private;47;;Pune;5
Stefanini;4.2;36;Private;33;7500;Jaguariúna;2
D Thakkar Construction;4.1;36;Unknown;;;Navi Mumbai;2
VPS;3.9;36;Private;;26;Jaipur;14
DOGUS SOMA JV Office;3.5;36;Unknown;;;Mumbai;0
Ingenero Technologies;4.1;36;Private;19;126;Mumbai;1
IIT Guwahati;4.3;36;Private;;3000;Guwahati;5
Gadgetwood Eservices;3.7;36;Unknown;7;750;Delhi;6
SecureNow Insurance Brok;3.2;36;Unknown;9;126;Delhi;4
Edgetech Air Systems Pvt;3.4;36;Unknown;15;;New Delhi;5
Talib & Shamsi Construct;3.5;36;Private;;;Mumbai;1
Al Shifa Multispeciality;4.2;36;Private;9;350;New Delhi;5
Vana Retreats;4.1;36;Private;;350;Dehradun;1
Kamuna Credit Co-Operati;3.5;36;Private;13;26;Lucknow;9
Bagrrys India;4.4;36;Unknown;;;New Delhi;7
Rachna Sagar;4.0;36;Private;25;750;New Delhi;7
Lifestyle-Landmark Group;4.4;36;Unknown;22;10000;Dubai;10
Recon Oil Industries;3.7;36;Private;30;350;Mumbai;7
Tanishq Jewellery;4.4;36;Unknown;;;Chennai;20
Ms Agarwal Foundries;3.6;36;Unknown;;;Jharsuguda;1
Ruchira Papers;3.9;36;Public;40;;Sirmaur;3
Kangaroo Kids Education;4.0;36;Public;27;350;Mumbai;10
Soch Apparels;4.2;36;Private;15;3000;Bengaluru;7
Bright Power Projects;4.1;36;Private;26;;Mumbai;11
Radiant Enterprise;4.2;36;Private;21;;Kolkata;17
Narayana Superspeciality;4.1;36;Unknown;;;Jamshedpur;4
Encardio Rite Electronic;3.6;36;Private;;350;Lucknow;3
B-Able;3.7;36;Private;;126;New Delhi;15
Mega Cabs;4.0;36;Private;19;126;New Delhi;11
China State Construction;4.1;36;Private;38;10000;Beijing;7
Parikh Packaging;4.4;36;Private;;750;Ahmedabad;2
Belectric Photovoltaic;4.1;36;Unknown;19;;Kolitzheim;4
Gleeds Hooloomann Consul;3.8;36;Private;;3000;London;5
Shiv Nadar School;4.2;36;Unknown;;;New Delhi;3
Cegelec;4.2;36;Unknown;;;Abu Dhabi;3
Akshara International Sc;3.8;36;Unknown;;;Pune;6
Epicu Agro Products;4.2;36;Private;;;Delhi;8
Dmi Housing Finance;3.7;36;Private;12;350;New Delhi;19
Indian Institute of Scie;4.2;36;Private;;26;Delhi;11
RIVER SIDE UTILITIES;3.1;36;Unknown;;;Bhubaneswar;0
Novelerp;3.6;36;Private;11;126;Mumbai;0
Sembcorp  Gayathri Power;4.3;36;Unknown;;;Nellore;1
Pure & Cure Healthcare;4.3;36;Unknown;;;Gwalior;1
New Opportunity Consulta;4.5;36;Private;5;3000;Navi Mumbai;8
Apollo Diagnostics;4.3;36;Unknown;;;Chennai;10
Saahaj Milk Producer Com;4.5;36;Unknown;;;Jaipur;5
U N Mehta Institute of C;4.0;36;Unknown;38;126;Ahmedabad;0
Foundation To Educate Gi;4.1;36;Unknown;13;3000;Mumbai;3
Max Smart Super Specialt;4.3;36;Unknown;;;Mohali;2
Capital Aim;2.2;36;Unknown;9;350;Indore;0
HUDL;3.1;36;Private;14;350;Lincoln;1
Department of Health;4.0;36;Private;;10000;Dubai;9
S10 Healthcare Solutions;3.5;36;Private;8;;Chennai;0
Kasmo Cloud Solutions;4.1;36;Private;4;350;New York;0
Hoppoo Lifestyle India;3.5;36;Unknown;;;Mumbai;4
Automobile Association;4.2;36;Private;115;3000;Hyderabad;20
R. J. S. ENTERPRISES;3.8;36;Unknown;;;Thane;5
Shimizu Corporation Indi;4.4;36;Unknown;;;Delhi NCR;3
Spanco Bpo;3.9;35;Unknown;;;Mumbai;6
Reliance Media Works;4.4;35;Private;45;26;Mumbai;14
HealthCare.com;4.2;35;Unknown;;;Marietta;16
Times Business Solutions;3.3;35;Private;16;350;Gurugram;5
eBay;4.4;35;Private;25;10000;San Jose,California,United States;9
Nitor Infotech;2.8;35;Private;14;26;Pune;0
SRIT;4.3;35;Private;21;;Bangalore;9
IIT Kanpur;4.4;35;Private;61;10000;Kanpur;2
Harjai Computers;3.2;35;Private;25;26;Mumbai;3
S R Enterprises;4.2;35;Private;;26;Harrisburg;14
KiwiTech;3.9;35;Private;11;26;Vienna;0
PL Engineering;4.2;35;Private;32;26;Gurugram;5
HDFC Realty;3.9;35;Private;;350;Mumbai;9
Idexcel Technologies;3.4;35;Unknown;;;Herndon;1
InSync Analytics;3.1;35;Private;14;126;New York;2
Manipal Group;3.9;35;Unknown;67;10000;Manipal;7
Deccan Services;3.7;35;Private;12;126;Hyderabad;3
Verity;2.8;35;Private;118;350;Hyderabad;2
Brickwork India;3.4;35;Private;15;350;Bangalore;0
R.K.Associates;4.1;35;Private;34;750;New Delhi;10
Artefact Projects;2.3;35;Public;;;Nagpur;2
IIT Kharagpur;4.3;35;Private;69;10000;Kharagpur;2
RNS Motors;3.8;35;Unknown;25;;Bangalore;2
Gemini Consulting Servic;3.9;35;Private;;26;Saint Louis,MO;6
Facilities And Building;4.1;35;Private;15;750;Bangalore;4
Housejoy;3.7;35;Private;6;126;Bangalore;9
SRS;3.8;35;Public;;750;Fremont;10
Webdunia;3.8;35;Private;20;350;Indore;1
Hitech Informatics;3.6;35;Unknown;;;Chennai;12
Abp News Network;4.0;35;Unknown;;;Nagpur;6
Object Technology Soluti;3.4;35;Private;10;3000;Hyderabad;2
Mazars;3.8;35;Private;80;7500;Courbevoie;3
Lab;3.8;35;Unknown;;;Hyderabad;10
Anytime Fitness;3.6;35;Unknown;19;;Woodbury;8
Videocon Mobiles;3.1;35;Private;;750;Pune;15
TechAspect Solutions;3.7;35;Unknown;;;Jammu;0
Trayee Business Solution;3.7;35;Private;17;3000;Chennai;0
Intellicon;3.9;35;Private;36;350;Bengaluru;9
R.K. Group;3.9;35;Private;;26;Bengaluru;12
NextGen Healthcare;3.2;35;Unknown;46;;Irvine;1
Chettinad Health City;3.7;35;Unknown;;;Chennai;0
Alhind Tours And Travels;3.6;35;Unknown;;;Jaipur;7
Birla Precision Technolo;3.9;35;Public;83;3000;Mumbai;3
Attero Recycling;3.3;35;Private;12;126;Noida;5
Unipoint IT Solutions;4.2;35;Unknown;10;350;Hyderabad;1
NESCO Inc;3.7;35;Public;81;3000;Mumbai;4
Mangalore Refinery and P;4.2;35;Private;;3000;Mangalore;2
Teamglobal Logistics;4.4;35;Private;;;Mumbai;6
As Enterprises;4.0;35;Private;31;126;New Delhi;15
Cybernetik Technologies;4.0;35;Private;31;126;Pune;4
Hindustan Composites;4.1;35;Public;56;;Mumbai;5
Hind High Vacuum;4.0;35;Private;55;750;Bengaluru;3
Spaco Technologies;4.4;35;Private;49;26;Pune;1
Vritti Solutions;3.5;35;Public;15;126;Pune;8
Eteam Infoservices;3.5;35;Private;21;750;South Plainfield;6
A-i Enterprises;3.8;35;Private;20;3000;Chennai;13
Spinco Biotech;3.5;35;Private;39;350;Chennai;9
Spel Semiconductor;3.3;35;Public;;750;Chennai;1
Network Bulls;3.9;35;Private;11;126;Gurugram;0
S H Electronics;3.8;35;Private;12;3000;Pune;5
Capricot Technologies;3.4;35;Private;33;350;New Delhi;3
Mayur Industries;3.9;35;Private;;126;Gurgaon;8
Hotel Industry;3.8;35;Unknown;;;Kolkata;18
Tag Corporation;3.6;35;Unknown;;;Chennai;0
Data Marshall;4.0;35;Unknown;18;;Hyderabad;0
Tv18 Broadcast;4.0;35;Public;24;3000;Mumbai;8
Smart Card It Solutions;3.8;35;Private;10;750;Mumbai;3
ROCKWOOL;3.2;35;Private;33;350;Hyderabad;2
Hindustan Newsprint;4.3;35;Private;;10000;Kochi;0
ClearTax;3.8;35;Unknown;10;750;Bangalore;0
Ansaldo STS;3.7;35;Unknown;167;;Genoa;4
TCTS;4.2;35;Unknown;;;Mumbai;11
ISBM;2.5;35;Private;28;750;Mumbai;10
Raymond Uco Denim;4.6;35;Private;;;Mumbai;1
IANT;3.7;35;Private;;26;New Delhi;14
Propel Industries;3.7;35;Unknown;;;Hyderabad;2
Sundaram BNP Paribas Fun;4.2;35;Unknown;;;Ahmedabad;5
Splash Fashions;4.0;35;Unknown;;;Chandigarh;9
LandCraft Developers;3.6;35;Private;14;126;Ghaziabad;0
Saveetha University;4.1;35;Unknown;;;Delhi NCR;0
Arrow;4.3;35;Private;73;350;Downers Grove;16
Urjanet Energy Solutions;3.7;35;Private;10;350;Atlanta;0
Schiller Healthcare Indi;3.8;35;Private;23;350;Mumbai;14
Rucha Group Of Industrie;3.9;35;Unknown;33;;Aurangabad;3
20Cube Logistics;3.7;35;Unknown;9;750;Singapore;10
Dnata International;3.7;35;Private;61;10000;Dubai;4
Samruddhi Industries;3.9;35;Unknown;15;;Ahmedabad;6
Sharayu Toyota;3.5;35;Private;;3000;Nagpur;3
Infodrive;3.5;35;Private;24;350;New Delhi;1
Rotary Engineering;4.2;35;Unknown;48;;Singapore;2
International Flavors &;3.6;35;Private;187;10000;New York;5
MSSL;4.4;35;Unknown;;;India;7
Sutlej Textiles and Indu;3.6;35;Public;;10000;Mumbai;4
Surya Hospital;3.8;35;Private;;350;Pune;9
Everest Masala;4.1;35;Private;39;350;Mumbai;12
Velammal Educational Tru;3.6;35;Unknown;34;3000;Chennai;2
Bharat Insecticides;3.9;35;Private;;;Delhi;12
Yash Pharma Laboratories;3.5;35;Private;48;126;Thane;12
Mtandt;3.7;35;Unknown;;;Chennai;7
Freyr Software Services;3.6;35;Unknown;;;Hyderabad;0
Optimize IT Systems;3.7;35;Private;10;126;Mumbai;0
Reynolds;4.1;35;Unknown;;;Hyderabad;10
Talent Corner HR Service;3.6;35;Private;18;350;Mumbai;11
Mirah Hospitality;3.8;35;Private;15;3000;Mumbai;2
Marquardt;3.0;35;Private;95;10000;Rietheim-Weilheim;0
Associated Power Structu;4.4;35;Unknown;24;;Vadodara;5
Mantra Softech;4.1;35;Unknown;14;;Ahmedabad;8
Jindal Pipes;4.0;35;Unknown;50;;Gurugram;6
Hq Lamps Manufacturing;3.5;35;Unknown;;;Hyderabad;4
Rajoo Engineers;4.3;35;Public;34;350;Rajkot;1
HSCC India;3.5;35;Private;;126;New Delhi,India;7
Mayo Hospital;4.0;35;Private;;350;Lahore;4
A.p.s.r.t.c;4.2;35;Unknown;;;Guntur;8
TMF Group;2.6;35;Private;32;7500;Amsterdam;4
Tech Mahindra Foundation;3.8;35;Unknown;;;Pune;10
Vasu Healthcare;4.4;35;Private;40;;Vadodara;5
Kutch Chemical Industrie;3.9;35;Public;16;3000;Ahmedabad;0
NAV Backoffice;3.7;35;Private;29;350;Jaipur;0
NSIC;4.0;35;Unknown;;;Chennai;13
Alp Nishikawa;4.1;35;Private;37;;New Delhi;4
La opala rg;4.2;35;Public;33;350;Kolkata;2
NYK Logistics (UK);4.3;35;Private;65;3000;Northampton;8
Ewac Alloys;3.8;35;Private;58;;Mumbai;11
Bedmutha Industries;3.9;35;Public;30;3000;Nashik;3
Sanghvi Movers;4.1;35;Public;31;;Pune;4
Rajasthan Antibiotics;2.7;35;Unknown;;;Mumbai;3
Seashell Logistics;3.3;35;Private;;350;Bangalore;9
Booker India;3.8;35;Private;;750;Mumbai;4
Maya Exports Corporation;3.7;35;Unknown;;;Ahmedabad;5
Xcel Serv Solutions;2.5;35;Private;9;126;Las Vegas;1
Almoayyed International;4.3;35;Private;41;;Manama;2
Suminter India Organics;3.8;35;Private;17;350;Mumbai;5
Fortis Malar Hospital;4.1;35;Public;;;Adyar;0
Emirates Global Aluminiu;4.4;35;Private;;7500;Dubai;1
Qatar Steel;4.4;35;Private;46;3000;Doha;4
Inamdar Multispeciality;4.3;35;Unknown;;;Bhopal;0
Pennar Engineered Buildi;3.6;35;Public;12;350;Hyderabad;5
Modern Prefab Systems;3.8;35;Unknown;;;Bhilai Nagar;5
Lucid Colloids;4.0;35;Private;24;26;New Delhi;2
Lanco Hills Technology P;4.1;35;Unknown;16;;Hyderabad;0
Cummins Power Generation;4.3;35;Private;34;3000;Minneapolis;12
Government Polytechnic C;4.1;35;Private;;26;Ooty;13
Aspiro Pharma;3.6;35;Private;8;350;Hyderabad;0
IFMR Rural Channels and;4.2;35;Unknown;9;;Chennai;6
Finar;4.3;35;Private;;126;Ahmedabad;7
Sagar Asia;3.2;35;Private;;;Mumbai;5
Qualitas Global QA Labs;2.8;35;Unknown;6;;Pune;0
Kalisma Steel;2.7;35;Private;9;126;Mumbai;3
Kd Logistics;4.1;35;Unknown;15;3000;Thane;6
Gar Corporation;3.8;35;Private;38;;Hyderabad;1
Usg Boral Building Produ;4.1;35;Private;6;3000;Sydney;9
Tufropes;3.5;35;Unknown;28;750;Mumbai;4
Gujarat Narmada Valley F;4.6;35;Public;;;Pune;3
K & J Project;4.0;35;Private;16;126;Nagpur;5
Sasan Power;4.3;35;Private;;;Navi Mumbai;4
Bhagwan Mahaveer Jain Ho;3.6;35;Unknown;30;;Bangalore;0
Ridings Consulting Engin;2.4;35;Public;25;350;Noida;5
B.P. Poddar Hospital & M;3.0;35;Public;16;750;Kolkata;0
Recaero;3.9;35;Unknown;27;;Verniolle;0
Revmax Telecom Infrastru;3.2;35;Private;16;;Navi Mumbai;7
Ultra Media and Entertai;3.2;35;Private;38;;Mumbai;1
Precise Logistic Solutio;3.9;35;Private;;26;Delhi;14
KTM;4.0;35;Private;67;3000;Mattighofen;20
Swades Foundation;4.2;35;Private;37;;Mumbai;2
BTI Payments;4.0;35;Unknown;14;;Bengaluru;4
Apicore Pharmaceuticals;4.1;35;Private;14;;Vadodara;0
Metalsa;4.2;35;Private;64;7500;Ciudad Apodaca;2
Dalmia Bharat Sugar & In;4.1;35;Public;26;;New Delhi;4
Dynamic Transmission;3.3;35;Unknown;24;;Rohtak;1
East India Pharmaceutica;3.5;35;Unknown;;;Hyderabad;14
BorgWarner Morse Systems;4.4;35;Unknown;92;10000;Auburn;0
Assam down town Universi;3.2;35;Unknown;10;;Guwahati;0
MPMKVVCL;3.9;35;Public;18;10000;Bhopal;6
EM3 Agri Services;4.0;35;Unknown;7;126;Noida;6
SAP-Concur;4.0;35;Private;27;3000;Bellevue;0
Mtautocraft;4.2;35;Private;33;750;Kasauli;0
Kyocera Ctc Precision To;3.3;35;Unknown;;;Jamshedpur;2
Delhi Public World Schoo;2.8;35;Unknown;;;Hyderabad;14
The Irish House;4.3;35;Private;9;3000;Mumbai;7
Presto Stantest;4.0;35;Unknown;38;;Faridabad;2
Aditya Aluminium;4.0;35;Private;29;;Jaipur;0
Mcpi;4.1;35;Unknown;23;3000;Kolkata;0
Yum!;4.3;35;Private;23;10000;Louisville;9
Abdul Latif Jameel;4.6;35;Unknown;;;Jeddah;4
Oman Drydock;4.3;35;Private;14;3000;Muscat;2
G D Goenka;3.6;35;Private;;;Delhi;9
Olayan Descon;3.7;35;Private;39;3000;Al Jubail;2
Do Mobile;2.7;35;Private;10;;Gurgaon;5
UTILITY PROJECTS AND SER;3.8;35;Private;14;350;Chennai;6
Sona Steel Enterprises;3.6;35;Unknown;;;Mumbai;3
GOOD;4.1;35;Private;16;750;Almaty;12
Callsmaster Services LLP;4.5;35;Unknown;9;126;New Delhi;0
Robert Bosch;3.9;34;Unknown;;;Indore;3
TNEB;4.5;34;Private;;10000;Chennai;9
Yahoo;4.5;34;Private;25;7500;Sunnyvale;2
Private Clinic, Vcare;3.9;34;Unknown;;;Kolkata;14
Outsource Partners Inter;3.8;34;Private;;3000;New York;1
MARG;3.7;34;Public;20;3000;Delhi;11
BPO Systems;3.8;34;Private;;26;Walnut;14
Best Corporation;3.7;34;Private;14;26;Tirupur;2
Base Corporation;3.2;34;Unknown;33;;Bengaluru;12
Kankei;3.7;34;Private;22;350;Mumbai;2
East Coast Constructions;4.4;34;Private;58;26;Chennai;4
Consultancy Services;3.9;34;Private;10;;Rajkot;11
Indian Telephone Industr;4.4;34;Unknown;;350;Palakkad;9
Indus Valley Partners;2.5;34;Private;20;350;New York;3
Megasoft;2.7;34;Public;26;350;Hyderabad;2
Nelco;4.4;34;Public;;126;Mumbai;9
Atos Services;3.6;34;Private;5;;Bangalore;5
Cambridge Technology Ent;3.8;34;Unknown;14;;Hyderabad;2
Coromandel Infotech Indi;3.7;34;Private;20;750;Chennai;9
Accolite;3.0;34;Private;13;750;Dallas;2
Om Enterprises;3.9;34;Private;;26;Thane;14
Easun Reyrolle;3.3;34;Public;35;350;Hosur;2
Rajesh Kumar & Associate;4.3;34;Unknown;;;Delhi NCR;14
CSAV Group;4.7;34;Private;16;126;Gurgaon;2
A3logics;3.2;34;Private;17;350;Jaipur;0
IndiaNIC Infotech;4.0;34;Private;23;350;Ahmedabad;1
Manali Petrochemicals;3.5;34;Public;34;750;Chennai;0
Volvo IT;3.7;34;Unknown;;;Bengaluru;0
Sai Enterprises;4.0;34;Private;;26;Burlington;15
Shree Enterprises;4.1;34;Unknown;;;Hyderabad;10
Telecommunications Consu;3.7;34;Private;;10000;New Delhi;10
MTNL;4.1;34;Private;;7500;Mumbai;2
VST Motors;3.7;34;Public;71;3000;Chennai;7
FICCI;3.6;34;Public;93;750;New Delhi;4
Ray Business Technologie;2.7;34;Private;11;350;Hyderabad;0
Technopak Advisors;2.3;34;Private;28;350;Gurugram;7
YCH Logistics;4.4;34;Unknown;;;Mumbai;7
Sagitec Solutions;3.3;34;Unknown;16;750;Saint Paul;1
HNG Float Glass;3.8;34;Private;;750;Mumbai;7
Velan Info Services;3.5;34;Private;;350;Coimbatore;1
Panamax Infotech;3.5;34;Private;19;350;New York;0
Shakti Bhog Foods;3.8;34;Private;28;126;New Delhi;8
Kudos Chemie;3.1;34;Unknown;;;Chandigarh;4
Sanghi Brothers;3.7;34;Private;;126;Indore;3
Singhi & Co.;3.2;34;Private;80;750;Noida;5
CREW(P)LTD;4.0;34;Private;36;3000;Chennai;6
Systech Solutions;3.5;34;Private;;26;Glendale;4
The Magnum Group;3.6;34;Unknown;;;Bhubaneswar;2
Monotech Systems;3.7;34;Private;21;350;Chennai;9
Cenduit India Services;3.3;34;Private;13;;Bangalore;0
Metacube Software;3.7;34;Unknown;16;;Jaipur;0
Renfro India;3.4;34;Private;23;3000;Pune;3
Crimson Interactive;2.8;34;Unknown;15;;Mumbai;0
Sri Ranganathar Industri;3.6;34;Unknown;;;Coimbatore;1
Acme Formulation;3.3;34;Unknown;16;;Nalagarh;1
Volkswagen Finance;4.1;34;Unknown;;;Jammu;9
Transdyne IT Services;2.9;34;Private;;26;Hyderabad;0
Krishna Engineering;3.8;34;Private;;26;HaryÄna;12
Appster;3.5;34;Private;9;350;Melbourne;0
Orbit Technologies;3.2;34;Private;25;126;Hyderabad;9
Sundaram Industries;4.0;34;Unknown;77;;Chennai;9
General Industrial Contr;3.6;34;Private;;350;Pune;0
Inspirisys Solution;3.3;34;Public;29;3000;Chennai;9
Gopalan Enterprises;3.5;34;Private;36;750;Bangalore;0
Indo Shell Mould;3.4;34;Public;47;126;Coimbatore;0
VENUS GARMENTS INDIA;3.6;34;Unknown;;;India;3
Euclid Infotech;3.5;34;Private;;350;Mumbai;1
Tilaknagar Industries;4.2;34;Public;87;750;Mumbai;5
Gas Turbine Research Est;4.4;34;Unknown;;;Bengaluru;0
L Cube Innovative Soluti;3.6;34;Private;28;26;Waterbury;0
Tekskills;3.9;34;Private;17;750;Princeton;2
SI Group;4.1;34;Private;114;3000;Schenectady;6
Acro Paints;3.8;34;Unknown;;;Lucknow;6
Tejora Technologies;3.2;34;Private;17;350;Mumbai;2
INFAC;3.9;34;Unknown;22;;Chennai;0
BESCOM;3.8;34;Private;;10000;Bangalore;2
Micro Finance;4.3;34;Private;37;10000;Bhubaneswar;15
Bernhard Schulte Shipman;4.2;34;Private;12;3000;Hamburg;5
HP Service Center;4.4;34;Unknown;;;Ahmedabad;18
Image Infotainment;3.5;34;Public;24;350;Chennai;2
Optiemus Infracom;3.6;34;Public;27;;Noida;10
Capricorn Food Products;3.3;34;Private;22;26;Chennai;2
Mcnally Sayaji Engineeri;3.9;34;Public;59;;Kolkata;3
ICRISAT;4.6;34;Private;48;3000;Hyderabad;3
Ntrust Infotech;3.7;34;Private;20;126;Irvine;0
Menon & Menon;4.1;34;Unknown;66;;Kolhapur;0
Damas Jewellery;4.1;34;Unknown;;;Bengaluru;7
D&H Sécheron Electrodes;4.2;34;Unknown;;;Kanpur;5
Toshniwal Industries;3.8;34;Private;61;750;Ajmer;1
Baxter Pharmaceutical So;3.7;34;Unknown;;3000;Ahmedabad;0
East India Technologies;3.3;34;Unknown;;;Greater Noida;2
Corpone Staffing Solutio;3.3;34;Private;15;26;Secunderabad;4
Integral University;3.8;34;Private;;3000;Lucknow;2
Radiant Systems;3.1;34;Private;35;3000;Alpharetta;3
Bobst India;4.2;34;Private;;;Surat;3
Jayem Warehousing;4.2;34;Unknown;;;Pune;10
Telecomone Teleservices;3.7;34;Unknown;;;Lucknow;7
Ozone Ayurvedics;3.9;34;Unknown;;;Kolkata;8
Apollo Life;3.7;34;Unknown;;750;Pune;6
Pride Purple Group;3.8;34;Private;10;26;Pune;0
Guru Nanak Public School;4.3;34;Unknown;;;Pune;13
Abhyudaya Co-operative B;4.1;34;Private;;3000;Mumbai;5
Varaha Infra;3.8;34;Private;12;;Jodhpur;3
Reliance Group;3.8;34;Private;54;3000;Mumbai;13
MSV International;4.3;34;Unknown;;;Kanpur;15
SEW Engineering;4.1;34;Private;68;26;Mumbai;4
Sun Air Voice;3.6;34;Unknown;;;Kolkata;9
VSL INDIA;4.4;34;Private;;126;Delft;6
Snipe IT Solutions;4.3;34;Unknown;11;;Bengaluru;0
Doon Public School;3.7;34;Unknown;;;Ahmedabad;11
4I Apps Solutions;4.0;34;Unknown;12;;Chennai;0
Toyota Boshoku Automotiv;4.1;34;Private;102;10000;Aichi;5
I.R.I.S.;3.5;34;Private;24;3000;Edison;11
Rural Development Trust;4.3;34;Unknown;51;3000;Ananthapuram;3
Pan Gulf Technologies;4.2;34;Private;16;750;Thane;2
Rotork Controls;4.3;34;Public;63;3000;Bath;4
Tokheim;4.3;34;Private;122;3000;Dundee;7
Ramkrishna Care Hospital;3.9;34;Unknown;;;Kolkata;3
ALKRAFT THERMOTECHNOLOGI;3.7;34;Private;38;;Chennai;0
Truworth Infotech;3.6;34;Unknown;;;Jaipur;0
Sodexo Svc India;3.9;34;Private;;;Mumbai;7
Akshara Enterprises;3.7;34;Unknown;12;;Hyderabad;5
Qatar Fertiliser Company;4.1;34;Private;;3000;Doha;1
Som Distilleries & Brewe;3.8;34;Private;;;Delhi;8
United Nations Developme;4.7;34;Unknown;;;Jaipur;10
Quality Council of India;3.7;34;Unknown;23;;New Delhi;3
Yellow Banana Food Compa;3.7;34;Private;;;Mumbai;1
Fair Deal Cars;3.1;34;Unknown;;26;New Delhi;3
Jaika Motors;4.5;34;Unknown;66;;Nagpur;3
NISA Group Of Companies;4.1;34;Unknown;;;Hyderabad;9
Asia-Pacific Institute o;2.0;34;Private;24;126;New Delhi;4
Touchstone;3.8;34;Private;6;;Patna;14
Cg Parivar;3.5;34;Private;;;Mumbai;4
Clix Capital Services;3.4;34;Unknown;4;;Gurgaon;9
United Petro Finance;4.1;34;Private;24;;Thrissur;13
S Chand Group;3.8;34;Unknown;81;;New Delhi;11
JSS Medical Research;3.8;34;Unknown;;;Westmount;8
Vectone Mobile;2.2;34;Private;13;350;London;0
St. Joseph's College;3.9;34;Private;;350;Bengaluru;8
Rostfrei Steels;3.8;34;Private;16;26;New Delhi;2
Duncans Tea;3.8;34;Private;36;;Duncan;13
JUD Cement;3.2;34;Private;;750;Bongaigaon City;1
Transocean;4.7;34;Private;67;7500;Zug (Switzerland);2
BFG International;2.8;34;Unknown;;;Vadodara;3
Isagro (Asia) Agrochemic;4.1;34;Private;27;750;Milan;9
S.L. Raheja Hospital;4.1;34;Unknown;;;Mumbai;0
Shrinath Rotopack;4.4;34;Unknown;;;Delhi NCR;0
ASAP;4.7;34;Private;;350;Washington;11
Allena Auto Industries;3.8;34;Private;44;750;Mohali;3
Starbucks;4.4;34;Unknown;8;;Mumbai;9
Payswiff Solutions;3.9;34;Unknown;7;350;Hyderabad;5
Clinic Dermatech;4.0;34;Unknown;;;Chandigarh;3
Innova Captab;4.1;34;Unknown;;;Jammu;1
Arihant Superstructures;3.6;34;Public;;350;VÄshi;3
Swaraj Automotives;3.9;34;Unknown;;;Chennai;5
Printland In;2.9;34;Private;9;350;New Delhi;0
StemCyte India Therapeut;3.6;34;Unknown;;;Gandhinagar;8
Water Resources Departme;4.2;34;Private;;10000;RÄnchÄ«;14
GVK Group;4.4;34;Public;28;10000;Hyderabad;5
Sugam Parivahan;3.8;34;Unknown;;;Mumbai;11
Motion Education;3.5;34;Private;13;350;Kota;6
Hcl Healthcare;3.3;34;Private;;;Delhi;5
Sugar N Spice;3.3;34;Unknown;;;Ahmedabad;2
LS Automotive India;4.1;34;Unknown;14;126;Chennai;3
TECHINT INDIA;3.7;34;Private;75;126;Buenos Aires;3
Shri Rathi Steel;3.1;34;Unknown;;;Bhiwadi;5
Jaatvedas Construction C;3.8;34;Private;;;Mumbai;1
Ekk Infrastructure;4.4;34;Private;5;;Chennai;3
Petronas;4.4;34;Private;46;10000;Kuala Lumpur;6
Ayoki Cembol Erectors;3.9;34;Private;;;Pune;1
Fusion BPO Services;3.9;34;Private;16;3000;Draper;0
Deen Dayal Upadhyay Hosp;4.2;34;Unknown;;;Hyderabad;1
Sriveda Sattva;3.6;34;Unknown;;;Kolkata;5
Jindal Mectec;4.1;34;Unknown;;;Indore;4
Naga;4.0;34;Public;;;Dindigul;2
Sun Pharma Advanced Rese;4.2;34;Public;;;India;1
Isc Projects;3.1;34;Unknown;53;;Pune;2
Skypack;3.3;34;Unknown;;;Ahmedabad;4
Meesho;3.3;34;Unknown;5;750;Bangalore;1
Fedora Solutions;3.0;34;Private;18;;Charlotte;0
Sri Sai Pumps And Energy;3.9;34;Private;7;;Surat;5
Amiri Hospital;3.8;34;Unknown;;126;Bhubaneswar;4
Sma E Experts;2.7;34;Unknown;14;;Bhubaneswar;8
Wockhardt Biotech Park;4.2;34;Private;;;Lucknow;3
Rajkot Nagarik Sahakari;4.3;34;Unknown;;;Mumbai;8
Sahara Hospital;4.2;34;Private;;26;Lucknow;1
Desiccant Rotors Interna;3.5;34;Private;36;350;Gurugram;2
Strateology It Solutions;3.7;34;Private;12;350;Hyderabad;0
Eleganz Interiors;4.0;34;Unknown;;;Pune;1
Rayat Bahra Group of Ins;2.7;34;Private;19;7500;Chandigarh;5
Zoetis;4.1;34;Private;68;;Parsippany;7
Nahars Engineering India;3.8;34;Unknown;;;Mumbai;2
Madhav Infra Projects;3.8;34;Public;;;Bhopal;4
SQUAD Infotech;4.3;34;Unknown;;;Nerul;4
St. Xavier's College;3.8;34;Private;;350;Mumbai;13
OVT India;3.0;34;Unknown;;;Patna;2
SYSTRA;4.3;34;Public;63;3000;Paris;10
Adhikar Microfinance;3.6;34;Unknown;;;Bargarh;4
Choithram Hospital & Res;4.2;34;Private;;3000;Indore;0
FHPL;4.4;34;Private;25;3000;Hyderabad;7
DE Diamond Electric;4.2;34;Unknown;;;Gurgaon;2
Universal Precision Scre;3.6;34;Unknown;;;Rohtak;0
Saudi Telecom Company;4.3;34;Private;;10000;Riyadh;2
MPTA Education;4.1;34;Unknown;;;Chennai;7
Bdr Pharmaceuticals Intl;3.5;34;Unknown;;;Pune;5
Titiksha TeleTechnocrats;3.4;34;Private;9;10000;Ghaziabad;9
Genesis Luxury Fashion;3.5;34;Private;13;750;Gurugram;6
Medipulse Hospital;3.7;34;Unknown;;;Jodhpur;0
Ola Fleet Technologies;3.9;34;Unknown;;;Chennai;10
Kamachi Group;3.6;34;Private;;750;Chennai;0
Dr Shroff Charity Eye Ho;4.1;34;Unknown;;;Alwar;3
Nunhems India;4.3;34;Unknown;;;Karnal;8
Msc Cruises;4.2;34;Unknown;;;Miami;3
Emitec Emission Control;4.0;34;Private;;126;Lohmar;0
Enrich Salon and Academy;3.9;34;Unknown;23;;Mumbai;5
Aczet;3.4;34;Unknown;;;Kolkata;3
Puro Wellness;3.2;34;Private;4;;Ahmedabad;11
Teleperformance D I B S;3.5;34;Unknown;;;Jaipur;10
Srg Housing Finance;3.8;34;Public;;;Mumbai;9
Vanisb Technology;3.4;34;Private;;26;New Delhi;2
Brandix;4.3;34;Private;18;750;Colombo;0
Little Laureates;2.9;34;Unknown;;;Habra;1
Eskag Sanjeevani;3.5;34;Private;12;;Kolkata;7
Zuhair Fayez Partnership;4.3;34;Private;;3000;Jeddah;3
Field Global Market Rese;3.3;34;Unknown;;;New York;1
63ideas Infolabs;3.3;34;Private;5;;Bangalore;7
Edify World School;3.8;34;Unknown;;;Hyderabad;9
ZR Mindz Global Technolo;3.5;34;Unknown;;;Bengaluru;0
Shott Amusement LLP;4.3;34;Unknown;;126;Surat;0
Il;4.0;34;Unknown;;;Ahmedabad;8
Grownmind Education Serv;4.4;34;Unknown;;;Kolkata;2
Victora Group;3.6;34;Unknown;;;Haridwar;1
Aflac Tourism Services;3.2;34;Unknown;;;Gurgaon;0
Instrakart Pvt Ltd (flip;4.0;34;Unknown;;;Hyderabad;9
Medeor;3.7;34;Unknown;;;Pathanamthitta;4
Ecos (india), Mobility A;4.3;34;Unknown;;;Gurgaon;8
e-Solutions;3.8;34;Private;17;3000;San Jose;6
HOV Services;3.8;33;Public;;;Thanjavur;1
HP Global e-Business Ope;4.2;33;Unknown;;;Chennai;0
Export Company;3.7;33;Unknown;;;Mumbai;12
Electronic Arts;4.0;33;Private;38;7500;Redwood City;0
Software Company;3.8;33;Unknown;;;Mumbai;8
Hero Group;4.0;33;Private;28;3000;Nagpur;11
Ramesh & Co.;4.2;33;Private;;26;Hyderabad;12
Spectra Motors;4.0;33;Private;;;Bhopal;5
Adfactors PR;3.8;33;Private;23;350;Mumbai;5
Government Of Maharastra;4.1;33;Private;;126;Hyderabad;9
Jawaharlal Nehru Univers;4.3;33;Private;;3000;New Delhi;5
Fortis Escorts Heart Ins;4.2;33;Unknown;;;Ranchi;4
Dover India;3.9;33;Private;;126;Bangalore;1
Fibcom India;3.3;33;Private;26;350;Noida;4
Perfect Relations;3.6;33;Private;;26;Mumbai;3
MQSYS Technologies;3.3;33;Unknown;;350;Chennai;2
Electronica Machine Tool;3.8;33;Public;47;;Kolkata;8
Ccs Technologies;3.5;33;Private;40;350;Kochi;3
Eagle Software;3.0;33;Private;;3000;Chennai;7
Government of Kerala;4.1;33;Private;;10000;Thiruvananthapuram;4
Poornam Info Vision;3.4;33;Private;;350;Cochin;1
Abt Industries;4.0;33;Private;70;;Coimbatore;3
Jakson and Company;4.1;33;Unknown;;;Lucknow;7
Uniglobe Air Travel Bure;3.9;33;Unknown;58;;New Delhi;5
Vishwa Infrastructures a;3.9;33;Private;28;350;Hyderabad;7
Smv Beverages;3.6;33;Private;24;3000;Mumbai;5
Sumeru Software Solution;3.7;33;Unknown;;;Bengaluru;3
The Residency Towers;4.5;33;Private;24;;Chennai;2
Vardhman Acrylics;3.6;33;Public;;;Jhagadia;3
Thought Focus;3.2;33;Unknown;16;3000;Great Lakes;1
Indiana Gratings;3.9;33;Private;44;350;Martinsville;3
NCDEX;4.4;33;Public;17;126;Mumbai;6
Ansal Api;3.9;33;Private;;;Delhi;6
Vijay Group;3.5;33;Unknown;;;Thane;1
Air Force School;4.0;33;Private;;26;Chennai;7
FIS Payment Solutions an;4.0;33;Unknown;;;Gurgaon;5
Business Octane Solution;2.8;33;Private;13;350;Gurugram;6
MIT;3.8;33;Private;159;10000;Cambridge;9
Ami Lifesciences;2.8;33;Unknown;;;Vadodara;0
Sulphur Mills;3.8;33;Unknown;;;Ahmedabad;8
Khaitan & Co;3.1;33;Public;;;Bharuch;6
IonIdea Interactive;3.6;33;Private;;3000;Fairfax;1
InfinityLabs;3.5;33;Unknown;;;Pune;8
CHD Developers;3.9;33;Public;;;New Delhi;3
Pilot Industries;3.0;33;Private;;350;New Delhi;8
Primeone Workforce;4.0;33;Unknown;;;Pune;9
Nacre Software Services;4.0;33;Unknown;;;Hyderabad;1
OKS Group;3.4;33;Private;;;Chennai;3
FCC RICO;4.1;33;Private;;350;India;9
Hoerbiger;3.7;33;Private;28;350;Pompano Beach;2
GALAXY OFFICE AUTOMATION;3.5;33;Private;33;350;Mumbai;6
Relevance Lab;2.8;33;Private;9;126;San Jose;0
Dosti Realty;3.9;33;Unknown;40;;Mumbai;1
Snap-on Business Solutio;4.0;33;Private;;10000;Richfield;0
Hindustan Organic Chemic;4.4;33;Public;60;750;Navi Mumbai;0
Cox & Kings Global Servi;3.8;33;Unknown;;;Vijayawada;6
D.B ENGINEERING;3.6;33;Private;;26;Redmond;2
Sheth Creators;3.5;33;Private;9;350;Mumbai;0
Koso India;4.4;33;Private;;350;Tokyo;2
Aptiv;3.9;33;Private;3;10000;Dublin;2
Welspun Global Brands;3.6;33;Public;;;Guwahati;4
ARCOP Associates;4.2;33;Private;;350;New Delhi;2
Ferring Pharmaceuticals;3.5;33;Private;40;350;Parsippany;10
Asia Chennai Engineering;3.9;33;Unknown;;;Coimbatore;3
Weikfield Foods;4.1;33;Private;64;750;Pune;9
Oriental Rubber Industri;3.7;33;Unknown;;;Pune;0
I.C.A.;3.6;33;Private;;26;Pune;12
TDI Infrastructure;3.6;33;Public;23;;New Delhi;5
Machino Polymers;3.6;33;Public;25;;Gurgaon;2
Quality Care;4.5;33;Private;40;;Coralville;1
Avantha Power & Infrastr;3.8;33;Private;13;10000;Gurugram;3
Saint-Gobain Weber;4.2;33;Unknown;;;Surat;10
Motherson Techno Tools;3.8;33;Private;28;;Noida;6
Ktl;4.3;33;Private;29;;Kanpur;2
Lakshmi Electrical Contr;4.0;33;Public;;;Coimbatore;0
RND Softech;3.5;33;Private;;350;Coimbatore;0
Spinks India;4.0;33;Private;36;;Gurugram;1
Atotech;3.8;33;Private;27;350;Berlin;2
KIMPLAS PIPING SYSTEM;3.4;33;Public;;750;Nashik;3
Mott Macdonald Group;4.2;33;Unknown;;;New Delhi;6
Monarch Networth Capital;3.7;33;Public;;;New Delhi;9
Radiant Hitech Eng;3.8;33;Private;14;;Vadodara;0
Axis Asset Management Co;3.6;33;Private;;;Mumbai;18
Indian Rare Earths;4.3;33;Unknown;;;Mumbai;4
Orient Abrasives;4.0;33;Public;;350;Delhi;3
Inspace Technologies;3.8;33;Private;17;350;Chennai;7
Data Link Consultancy;3.9;33;Unknown;;;Thane;2
Cap Foundation;3.9;33;Private;;26;Budapest;14
Esko Die Casting;4.0;33;Unknown;;;Kolkata;1
Prudent Insurance Broker;3.6;33;Unknown;15;;Mumbai;4
Hand In Hand;4.1;33;Private;;26;Kanchipuram;7
Sri Ramachandra Medical;4.4;33;Private;35;10000;Chennai;1
Wika Instruments India;3.8;33;Unknown;;;Chennai;2
Sri Scl Infratech;3.8;33;Private;30;26;Hyderabad;9
Vf Brands;3.6;33;Unknown;121;;Denver;6
QUTONE CERAMIC;3.5;33;Unknown;;;Mumbai;9
MARG ERP;3.6;33;Unknown;20;7500;New Delhi;4
Alliance University;3.8;33;Private;10;750;Bengaluru;0
Cameron International;3.6;33;Private;;10000;Houston;1
Think Future Technologie;3.5;33;Private;14;350;Gurugram;1
Mantra Properties;3.9;33;Private;;;Pune;0
Dorsch;4.3;33;Private;69;;Frankfurt;2
Nirmal Industrial Contro;4.4;33;Private;;350;Mumbai;6
G.V.K;3.6;33;Unknown;;;Hyderabad;8
Cellplan Technologies;3.9;33;Private;;;Pune;5
Besmak Components;3.7;33;Unknown;26;26;Kanchipuram;0
AGRO ENGINEERING WORKS;3.6;33;Unknown;;;New Delhi;1
Shiv Nadar University;4.4;33;Private;9;350;Greater Noida;4
iPlaceUSA;3.7;33;Private;14;;McLean;0
Birla Copper;4.4;33;Unknown;;;Dahej;0
Electrical & Electronics;3.8;33;Private;;;Mumbai;12
Rio Tinto;3.7;33;Private;25;10000;London, United Kingdom;3
Kothari Agritech;3.8;33;Private;23;3000;Pune;8
5paisa Capital;2.9;33;Public;4;750;Thane;2
Vbhc Value Homes;4.3;33;Unknown;;;Chennai;6
NIPL;4.0;33;Unknown;15;;Noida;13
Tmf Services India;2.7;33;Private;32;7500;Amsterdam;4
Golden Edge Engineering;3.4;33;Private;;750;New Delhi;7
Shree Automotive;4.0;33;Unknown;;;Bhubaneswar;5
Minda Silca Engineering;4.0;33;Unknown;;;Noida;2
Savitribai Phule Pune Un;4.2;33;Private;71;350;Pune;0
Model Infra Corporation;4.0;33;Private;20;3000;Bengaluru;3
Sterling Electro Enterpr;3.6;33;Private;;;Mumbai;6
Simpolo Vitrified;4.2;33;Unknown;;;Ahmedabad;11
Edward Food Research and;2.9;33;Private;9;126;Kolkata;2
DSCL;4.1;33;Unknown;30;;New Delhi;9
Eram Motors;3.8;33;Unknown;;;Malappuram;4
Luxottica India Eyewear;4.5;33;Unknown;;;Mumbai;13
Bharat Parenterals;3.1;33;Public;;350;Vadodara;1
Strand Life Sciences;3.7;33;Private;20;350;Bangalore;6
Tatsuno India;4.3;33;Private;;126;Mumbai;6
Vishal Infrastructure;3.6;33;Public;30;3000;Bengaluru;8
Porus Laboratories;3.3;33;Private;26;750;Hyderabad;1
Jeevan Jyoti Hospital;3.7;33;Unknown;;;Ambikapur;11
Mobilink;4.5;33;Unknown;;;Islamabad;2
Prudential Global Servic;3.8;33;Private;;10000;New Delhi;2
Brookfield Multiplex;4.0;33;Unknown;;;Sydney;4
Dran Engineers;3.6;33;Private;;126;Pune;0
Kerry Ingredients;3.7;33;Unknown;;;Mumbai;4
Midmac Contracting Co. W;4.1;33;Private;45;7500;Doha;0
Onicra Credit Informatio;2.9;33;Private;;;Delhi;4
Acg Pampac Machines;4.2;33;Private;28;126;Pune;2
Nitin Lifesciences;4.0;33;Private;;350;Karnal;2
Paramount Coaching Centr;3.0;33;Private;14;350;New Delhi;5
PGVCL;4.5;33;Private;17;10000;Rajkot;8
Triburg;4.0;33;Private;;350;New Delhi;3
GKB Opticals;4.3;33;Unknown;;;Gurgaon;7
Ambrane India;3.4;33;Unknown;;;Delhi NCR;4
Shakti Hormann;3.6;33;Private;85;;Secunderabad;6
Vanasthali Public School;3.3;33;Unknown;;;Indore;3
Milestone Gears;3.9;33;Unknown;36;;Kalka;0
Brady Services;3.9;33;Unknown;;;Mumbai;1
Gujarat Energy Transmiss;4.2;33;Unknown;;;Mumbai;7
M G Contractors;4.3;33;Private;;;Delhi;9
Be Well Hospitals;3.5;33;Unknown;9;350;Chennai;3
MJ Castings;3.9;33;Unknown;;;Gurgaon;4
Kamlesh Kumar Singh Engi;3.6;33;Private;31;7500;Panipat;8
Knack Global;4.1;33;Unknown;;;Woodbridge;1
Eagle Seeds & Biotech;3.5;33;Public;38;350;Indore;7
Nufuture Digital;3.8;33;Unknown;;;Gurgaon;5
SUNWODA ELECTRONIC INDIA;3.9;33;Unknown;;;Rudrapur;1
Shemford Futuristic Scho;3.7;33;Unknown;;;Bhubaneswar;13
Mewar Hospital;3.5;33;Private;17;;Udaipur;7
Pasco Motors;4.3;33;Unknown;;;Nagpur;6
Apollo Sugar Clinics;4.1;33;Private;8;;Hyderabad;7
OPTCL;4.4;33;Unknown;;;Rourkela;5
Coloplast;3.8;33;Private;66;350;Humlebaek;8
Saffron Lifestyle Trader;4.3;33;Private;23;750;Ahmedabad;7
National Food Products C;3.7;33;Private;;;Vadodara;6
EHAAT;3.9;33;Unknown;23;;Colchester;17
Consort Builders;4.2;33;Private;16;;Chandigarh;3
Plasser India;4.2;33;Unknown;;;Vadodara;1
Keya Foods International;4.2;33;Unknown;11;126;Mumbai;11
Kanohar Electricals;4.2;33;Private;39;350;Meerut;4
Spinks Softech;4.3;33;Private;32;;Gurgaon;1
Mepro Pharmaceuticals;4.2;33;Unknown;38;750;Mumbai;4
Forace Polymers;3.5;33;Private;40;;Delhi;0
Renata Precision Compone;4.1;33;Unknown;;;Pimpri-Chinchwad;1
MAMTA Health Institute f;4.4;33;Unknown;;;New Delhi;8
Sanko Gosei JRG Automoti;3.9;33;Unknown;;;Vadodara;5
Sinsan Pharmaceuticals;3.5;33;Private;10;750;Pune;8
Haigreeva Infratech Proj;3.9;33;Public;19;;Visakhapatnam;9
Indovision Services;4.2;33;Private;8;750;New Delhi;7
Emirates Steel Industrie;4.2;33;Private;;750;Abu Dhabi;3
VAR Facility Management;4.1;33;Private;;26;Dubai;1
Podar Education Network;3.9;33;Private;;;Mumbai;7
Revised National Tubercu;4.1;33;Private;;126;Bengaluru;16
Medicover Fertility;3.4;33;Unknown;4;126;Gurgaon;6
Unacademy;3.9;33;Unknown;5;350;Bangalore;7
HyFun Foods;3.7;33;Unknown;10;;Ahmedabad;4
Newton Software;3.8;33;Private;;;Pune;0
Mi India;4.3;33;Private;;;Mumbai;19
Towell Engineering Group;3.4;33;Unknown;;;Mumbai;0
Sree Vidyanikethan Engin;4.2;33;Private;;350;Hyderabad;2
Fujita Corporation;4.4;33;Unknown;;;Doha;3
Nightingales Home Health;4.0;33;Private;24;;Bengaluru;5
Sri Sabari Engimech;4.3;33;Unknown;19;3000;Jamnagar;1
Central Bureau of Invest;4.8;33;Unknown;57;;New Delhi;7
Sigma Trade Wings;3.0;33;Unknown;;;Lucknow;0
Bigstep Technologies;3.8;33;Private;11;;Gurgaon;0
Innotical Solutions;4.4;33;Unknown;;;New Delhi;0
SIP Academy;4.6;33;Unknown;;;Pune;12
Quaere e-Technologies;4.4;33;Private;13;26;Lucknow;1
DEEJOS Interiors;4.2;33;Unknown;;;Bengaluru;0
Hamad International Airp;4.4;33;Unknown;6;3000;Doha;0
Tech2Globe;4.3;33;Private;;126;Syosset;0
Opcito Technologies;3.3;33;Unknown;;;Pune;0
Neulife Nutrition;2.1;33;Private;;126;Mumbai;1
Paramount Plaster;3.7;33;Private;7;;Gwalior;12
Liberating Solution;3.8;33;Private;8;126;Perth;0
MFX;3.0;33;Private;19;3000;Morris Plains;0
Gainers Infotech;4.2;33;Unknown;;;Coimbatore;1
Sandvik Mining and Const;4.3;33;Private;;126;Sandviken;10
Kaisha Health Care Hospi;1.2;33;Unknown;;;Mumbai;3
Indian Motor Parts & Acc;4.2;33;Public;;;Dhanbad;14
Bonn group;4.3;33;Unknown;;;Kanpur;8
Software Paradigm Infote;3.1;32;Private;;126;Columbia;0
Maintenance;4.1;32;Private;47;3000;Dallas;15
Lasons India;3.6;32;Private;;;Mumbai;3
The Digital Group Infote;3.6;32;Private;;;Pune;0
Hibu;4.2;32;Private;90;10000;Reading;0
Ford Technology Services;4.4;32;Private;25;;Chennai;2
Samruddha Jeevan Foods I;2.9;32;Private;;3000;Pune;13
Six Sigma Soft Solutions;3.2;32;Unknown;;;Mohali;8
Hero BPO;4.3;32;Private;;750;Gurgaon;0
Sahara Prime City;3.9;32;Private;;10000;Mumbai;11
G T Industries;4.4;32;Unknown;;;Faridabad;5
Nirmal Lifestyle;3.5;32;Private;;;Hyderabad;2
R K Enterprises;4.0;32;Private;35;;Indore;11
Hughes Systique Corporat;3.4;32;Private;;350;Rockville;0
Emkay Global Financial S;3.9;32;Public;25;750;Mumbai;10
Dentsu Aegis Network;3.8;32;Private;7;10000;Singapore;7
Modicare;4.6;32;Unknown;;;Indore;13
Simplex Projects;3.7;32;Public;;;Kolkata;5
Sapiens;3.7;32;Unknown;;;Holon;0
STPL;3.7;32;Private;;126;Ewell;13
Dd Motors;3.2;32;Unknown;;;Delhi NCR;1
Genesis Colors;4.2;32;Private;22;750;Gurgaon;6
JR Technologies;4.2;32;Private;5;126;Chennai;5
CresTech Software System;3.1;32;Private;15;350;Noida;1
Hindustan Sanitaryware &;4.3;32;Public;60;3000;New Delhi;10
Vishal Enterprises;4.2;32;Public;36;126;New Delhi;12
Uttara Foods And Feeds;3.8;32;Unknown;;;Hyderabad;6
Delta Technology and Man;2.8;32;Private;;350;Hyderabad;0
SAG Infotech;3.3;32;Private;;26;Jaipur;1
FOX Solutions;3.1;32;Unknown;;;Kolkata;2
Euronet Worldwide;3.7;32;Public;26;;Kansas;4
Techtree It Systems;3.3;32;Private;14;126;Noida;3
JP Associates;3.9;32;Private;;26;Leesburg;7
National Environmental E;4.4;32;Unknown;62;350;Nagpur;2
Asm Enterprise Solutions;3.3;32;Private;5;126;Bangalore;8
Aqua Tech Systems;4.4;32;Private;;;Mumbai;4
S R Industries;4.3;32;Public;31;26;Mohali;8
ACS Technologies;4.1;32;Private;;350;Visakhapatnam;4
UNI Klinger;3.9;32;Public;37;;Pune;5
Shivam Enterprise;3.9;32;Private;;126;Delhi;15
Mobile Programming;3.1;32;Unknown;19;126;Los Angeles;3
Wunderman;3.2;32;Private;62;10000;New York;1
Ib Automation Engineerin;2.3;32;Private;20;;Pune;2
Sandeep;3.4;32;Public;;;Chennai;11
Kirloskar Ebara Pumps;3.6;32;Private;;350;Pune;3
Rage Frameworks;3.3;32;Private;19;350;Westwood,MA;0
Tara Jewels;4.5;32;Public;;;Jaipur;5
Addison;4.0;32;Private;;126;Orlando;5
SSPL;3.8;32;Private;17;26;Hyderabad;9
Nitesh Estates;3.6;32;Private;;126;Mumbai;1
Seshasayee Paper & Board;4.0;32;Private;60;;Chennai;4
Glass Wall Systems;3.9;32;Unknown;;;Mumbai;3
Lanson Toyota;4.1;32;Private;;3000;Chennai;2
ESI Hospital;4.2;32;Unknown;;;Hyderabad;11
EMKAY AUTOMOBILE INDUSTR;3.6;32;Unknown;;;Noida;4
Woory Automotive India;3.9;32;Unknown;;;Chennai;0
Anup Engineering;3.4;32;Public;58;350;Ahmedabad;1
ITL Industries;3.8;32;Public;;;India;0
Manav Rachna Internation;3.9;32;Unknown;;;Delhi NCR;0
Endress Hauser;4.3;32;Unknown;;;Kolkata;6
Ankit Metal & Power;3.6;32;Unknown;;;Bankura;3
Vasavadatta Cement;4.3;32;Unknown;;;Gulbarga;4
National Oilwell Varco;4.0;32;Unknown;;;Houston;4
McGraw-Hill Education;3.8;32;Private;132;3000;New York;10
Zcl Chemicals;4.1;32;Private;29;350;Mumbai;2
SSM InfoTech Solutions;3.1;32;Private;;350;Hyderabad;2
WiFi Networks;3.6;32;Private;;26;Bangalore;0
Rockwell Industries;3.9;32;Unknown;;;Hyderabad;1
HiRePro Consulting;3.4;32;Private;17;26;Bengaluru;6
Western Digital;4.0;32;Private;50;10000;San Jose;5
KPTCL;4.3;32;Private;;;Bangalore;6
NKC Projects;3.7;32;Private;20;350;Gurgaon;7
Nestor Pharmaceuticals;2.7;32;Unknown;;;Goa;4
Ideal Group;3.9;32;Private;;126;Kolkata;6
Frischmann Prabhu;4.2;32;Private;;350;Mumbai;7
SAP Ariba;4.3;32;Unknown;24;3000;Palo Alto;0
Caliber Technologies;4.3;32;Private;;126;Hyderabad;1
Schenck Process India;3.8;32;Private;139;350;Darmstadt;2
SynapseIndia;2.3;32;Private;;350;New Delhi;0
Dorma India (P);4.5;32;Private;112;350;Chennai;12
Rushil Decor;3.2;32;Public;;750;Ahmedabad;10
Oxfam;4.3;32;Private;78;7500;Oxford;9
Lps Bossard;3.4;32;Unknown;;;Mumbai;3
Sunteck Realty;3.1;32;Public;;;Mumbai;0
Infinity Data Technologi;3.2;32;Unknown;;;Pune;0
Sungwoo Hitech;3.7;32;Private;23;;Kanchipuram;0
Lubi Electronics;3.9;32;Unknown;;;Raipur;7
Parveen Travels;3.6;32;Unknown;40;3000;Chennai;0
M.R.P.L;3.8;32;Unknown;;;Chennai;8
Inventys Research;3.4;32;Private;;26;Mumbai;1
Aviation;4.0;32;Unknown;;;Mumbai;10
Oswal Woollen Mills;4.0;32;Unknown;;;Mumbai;4
Livewire;3.3;32;Private;;26;Salinas;13
Ruby General Hospital;3.7;32;Unknown;;;Kolkata;0
Dynamic Techno Medicals;4.2;32;Private;40;;Aluva;11
FANUC;3.6;32;Private;;3000;Chennai;3
Clarks Inn;4.2;32;Private;;26;New Delhi;15
CADES STUDEC TECHNOLOGIE;3.9;32;Private;;350;Toulouse;0
Panasonic Life Solutions;4.1;32;Unknown;;;Mumbai;10
University of Mumbai;3.6;32;Private;;26;Mumbai;0
Visen Industries;3.4;32;Unknown;;;Chennai;3
Data Entry;3.9;32;Unknown;;;Mumbai;13
Hindustan Colas;3.7;32;Private;24;126;Mumbai;9
Bajaj Consumer Care;3.7;32;Public;;;Guwahati;9
Tata Realty and Infrastr;4.4;32;Private;;126;Mumbai;7
Raj Industries;3.7;32;Private;;26;Roorkee;10
P&R Infraprojects;3.6;32;Unknown;;;Ahmedabad;3
Aliens Group;3.1;32;Unknown;;;Hyderabad;0
Almoayed Group;3.8;32;Private;38;;Manama;2
Steelco Gujarat;4.2;32;Public;31;350;Bharuch;2
Everest Infra Energy;4.3;32;Unknown;14;126;Naharlagun;8
Bosch Power Tools;4.4;32;Unknown;;;Jamshedpur;10
FIVE CORE ELECTRONICS;3.6;32;Public;;;New Delhi;2
KA Hospitality;4.4;32;Private;10;350;Mumbai;1
Roadmap IT Solutions;3.4;32;Private;16;350;Bengaluru;3
Echjay Industries;3.8;32;Private;50;3000;Mumbai;0
Brindco Sales;3.4;32;Unknown;;;New Delhi;3
Ansh Systems;3.0;32;Private;13;126;Pune;0
Ptc Industries;4.1;32;Public;57;750;Lucknow;1
Maithan Ispat;3.7;32;Unknown;;;Jajpur;1
INDOASIAN;3.8;32;Private;;;Noida;9
Kruger Ventilation Indus;3.6;32;Unknown;;126;Mumbai;6
Max Mobility;2.7;32;Private;;126;Kolkata;1
Advance Valves Global;4.0;32;Private;;;Delhi;3
United Capital Club;2.3;32;Unknown;;;New Delhi;11
MSRTC;4.4;32;Unknown;;;Nagpur;8
RelianceSMART.in;4.3;32;Unknown;;;Jaipur;12
D-VoiS Communications;3.6;32;Private;14;750;Bengaluru;5
Johari Digital Healthcar;3.4;32;Private;41;126;Jodhpur;0
Servizon It Services;4.2;32;Private;13;126;Hyderabad;0
John Crane Sealing Syste;4.3;32;Private;;7500;Chicago;0
Parle Global Technologie;3.5;32;Private;;350;ThÄne;5
Asianlak Health Foods;3.1;32;Unknown;;;Ahmedabad;2
Himatsingka Linens;4.0;32;Unknown;35;7500;Bengaluru;0
K.R.Pulp & Papers;3.3;32;Private;;;Delhi;0
Kabra Extrusion Technik;4.1;32;Public;;350;Mumbai;3
Rudra Real Estate;4.0;32;Private;30;350;Lucknow;7
SISCO;3.1;32;Unknown;;26;Chennai;8
Creative Textile Mill;3.8;32;Unknown;;;Mumbai;2
Tranistics Data Technolo;3.1;32;Private;;350;Calcutta;2
Mohan Meakin;4.1;32;Public;165;750;Ghaziabad;2
Ori-Plast;3.6;32;Unknown;;;Kolkata;8
Saboo Rks Motors;4.0;32;Private;;;Hyderabad;0
Nilkamal BITO Storage Sy;4.1;32;Unknown;;;Visakhapatnam;7
SembCorp;4.3;32;Public;22;7500;Singapore;5
Sharaf DG;3.4;32;Private;;3000;Dubai;2
Good Health Tpa Services;3.3;32;Unknown;;;Visakhapatnam;4
Pathfinder Educational C;3.5;32;Unknown;;;Durgapur;5
Mars Enterprises;4.1;32;Unknown;;;Kolkata;0
Skets Studio;3.2;32;Unknown;15;350;New Delhi;2
AQM Technologies;2.7;32;Private;20;750;Mumbai;2
Sipra Engineers;4.0;32;Unknown;46;750;Mumbai;1
Indel Money;3.7;32;Unknown;34;750;Ernakulam;9
Koncept Automobiles;4.2;32;Unknown;14;;New Delhi;2
Saudi Kayan Petrochemica;4.5;32;Unknown;;;Al Jubail;0
National Textile Corpora;4.2;32;Private;;3000;New Delhi;6
Medsource Ozone Biomedic;3.8;32;Private;;26;Lucknow;11
Grind Master Machines;3.6;32;Private;;;Aurangabad;0
Christ Nishotech Water S;4.4;32;Private;35;350;Navi Mumbai;2
Adi Sports;3.7;32;Private;;;Naraina;8
Duro Plywood;3.6;32;Unknown;63;350;Kolkata;12
Jade Blue Lifestyle;4.0;32;Unknown;;;Rajkot;7
Sowil;3.8;32;Unknown;;;Mumbai;5
Ayushakti Ayurved;3.7;32;Unknown;;;Thane;5
Truetzschler India;4.0;32;Unknown;132;3000;Mönchengladbach;2
Platinum One;3.8;32;Unknown;;;Mumbai;4
Airbus Group;3.6;32;Private;20;10000;Toulouse;6
The India Thermit Corpor;3.7;32;Unknown;;;Kanpur;2
Solvy Tech Solutions;3.5;32;Unknown;;;Ahmedabad;7
Furlenco;4.0;32;Private;9;350;Bangalore;6
Park Inn By Radisson;3.9;32;Unknown;;;London;3
Cytel Statistical Softwa;4.1;32;Private;;126;Cambridge;2
Burda Druck;3.7;32;Unknown;;;Mumbai;2
RenewBuy;4.4;32;Private;6;750;Gurgaon;7
CLR Facility Services;3.5;32;Private;;10000;Ahmedabad;6
Webkul Software;3.7;32;Private;10;350;Noida;0
Golcha Associated Group;4.0;32;Private;;126;Jaipur;4
Piramal Realty;3.6;32;Unknown;;;Gurgaon;0
Kalpa Electrikal;2.3;32;Private;;350;Bangalore;4
WWF-India;3.9;32;Unknown;;;Mumbai;7
Oorja Technical Services;3.5;32;Unknown;;;Aurangabad;4
Associated Constructions;4.3;32;Private;25;350;Kolhapur;16
Jainam Technologies;4.0;32;Private;;750;Mumbai;5
EAPRO Global;4.0;32;Private;8;;Roorkee;1
Unibeton Readymix;3.7;32;Unknown;;;Mumbai;5
Kesoram Rayon;3.6;32;Unknown;;;Delhi NCR;0
Kmc;4.3;32;Private;19;;Guwahati;8
movingDneedle;4.2;32;Private;;126;HyderÄbÄd;0
BVSR CONSTRUCTIONS;3.8;32;Private;;126;Hyderabad;3
MakroCare;3.0;32;Private;;750;Newark,NJ;0
DMI DRAEXLMAIER MANUFACT;4.0;32;Unknown;;;Chakan;1
Sud Chemie;4.3;32;Private;;7500;Munich;2
Amp Motors;3.7;32;Private;71;750;Gurgaon;5
Om Systems & Services;3.4;32;Private;;3000;Lucknow;7
Heritage Health TPA;3.5;32;Unknown;;;Ahmedabad;5
HR+;3.3;32;Private;14;;Ashford;11
KPC Medical College & Ho;3.6;32;Unknown;;;Kol;0
Auto Profiles;3.7;32;Unknown;;;Lucknow;1
Intech Pharma;3.1;32;Private;21;;Gurgaon;2
Thumbay Group;2.7;32;Unknown;;;Bengaluru;3
Slate The School;4.1;32;Unknown;;;Tirupati;2
Howe Engineering Project;4.3;32;Private;;;Delhi;8
Lazer Ken It Services;3.3;32;Unknown;;;Delhi NCR;2
Certification Engineers;4.2;32;Private;;;Mumbai,India;5
SMS Group;4.2;32;Private;201;7500;New Delhi;2
Alisha Retail;3.5;32;Unknown;;;Ghaziabad;2
Golkonda Resorts and Spa;4.2;32;Private;;126;HyderÄbÄd;0
Indira Gandhi Internatio;4.5;32;Private;;10000;New Delhi;4
Excel Controlinkage;4.0;32;Unknown;26;;Nagpur;0
Chhaya Prakashani;3.1;32;Unknown;;;Agartala;0
Hansol Logistics;4.4;32;Private;26;350;Seoul;10
Jayoti Vidyapeeth Women';3.3;32;Private;;;Jaipur;0
Alacrity Ecommerce Solut;4.0;32;Private;;26;Nagpur;0
Jvvnl;4.6;32;Unknown;;;Kota;4
Raptor Technologies Indi;2.5;32;Private;9;126;Coimbatore;0
Lotus Valley Internation;3.3;32;Unknown;;;Gurgaon;2
Ganesh Grains;3.3;32;Unknown;;;Mumbai;4
Kapston Facilities Manag;4.0;32;Public;;;Hyderabad;6
Tokai Rika Minda;4.0;32;Private;;10000;Gurgaon;2
AXIS MY INDIA;2.8;32;Private;22;;Mumbai;8
PRG BUILDCON;3.7;32;Private;;350;Jubilee Hills;2
Louis Dreyfus Company;3.8;32;Unknown;169;10000;Genève;6
Shiv Nadar Foundation;4.2;32;Unknown;;;Noida;5
Indian Clothing League;3.8;32;Private;33;;Chandigarh;4
Satra Infrastructure Man;3.9;32;Unknown;12;350;Hyderabad;5
TechnoServe;3.4;32;Private;52;3000;Washington;11
Cyient DLM;3.9;32;Unknown;29;10000;Hyderabad;2
UNIMARCK PHARMA;3.9;32;Unknown;36;350;Mohali;4
Apollo Home Healthcare;3.5;32;Private;6;;Chennai;7
MasterSoft ERP Solutions;3.2;32;Private;25;350;Nagpur;3
Gia India Laboratory;3.9;32;Unknown;;;Mumbai;0
Perto;3.5;32;Unknown;;;Mumbai;2
DS Spiceco;3.9;32;Unknown;;;Pune;13
iGLOBAL IMPACT ITES;3.7;32;Private;;126;Durgapur;0
Rij Engineering;3.8;32;Private;29;126;Pune;0
Archirodon Construction;4.5;32;Unknown;;;Mumbai;2
Classic Fashion Apparel;4.2;32;Private;17;350;Irbid;3
Cure foods;3.9;32;Unknown;;;Mumbai;5
Sasol;4.4;32;Unknown;;;Secunda;1
Northern Railways;4.4;32;Public;68;10000;New Delhi;10
Shriram Fertilizers & Ch;4.4;32;Unknown;;;Jaipur;9
Sentec India Company;3.9;32;Private;;;New Delhi;1
Bonatti;4.7;32;Private;;7500;Parma;0
Micrologic Integrated Sy;3.5;32;Unknown;;;Pune;1
Arya Collateral Warehous;4.1;32;Unknown;;;Coimbatore;6
Alidac Pharmaceuticals L;4.2;32;Unknown;;;Bavla;0
OSP Labs;3.8;32;Private;11;26;Arlington;0
Rizzani de Eccher;4.3;32;Unknown;189;3000;Udine;3
TELEPERFORMANCE GLOBAL S;3.5;32;Unknown;;;Hyderabad;9
APEEJAY EDUCATION SOCIET;3.7;32;Private;;3000;New Delhi;7
Zonac Knitting Machines;3.4;32;Unknown;;;Mumbai;3
DCDC Kidney Care;3.8;32;Unknown;11;350;Delhi;9
TestingXperts;3.7;32;Private;24;;Mechanicsburg;0
Scope Telecom;2.0;32;Private;7;;Chandigarh;0
Khidmah;4.0;32;Private;;3000;Abu Dhabi;5
Sayed Hamid Behbehani &;3.8;32;Private;;3000;Mumbai;3
Al Bayan Holding Group;3.2;32;Unknown;;126;Dammam;2
Trawex Technologies;4.5;32;Private;;350;Bangalore;0
Webtrackker Technology;4.4;32;Private;8;126;Noida;0
Afras;3.9;32;Private;;350;Riyadh;4
Nesma;4.5;32;Private;;7500;Al Khobar;3
Radisson Blu Kaushambi D;3.5;32;Unknown;;;Mumbai;3
EICHER TRUCKS AND BUSES;4.2;32;Unknown;;;Mumbai;11
ExportersIndia;4.8;32;Private;23;750;New Delhi;0
Jetika Tours Services;2.4;32;Unknown;6;;Noida;3
Lingaya's Vidyapeeth;2.8;32;Unknown;;;New Delhi;2
ABS India;3.2;32;Unknown;;;Chennai;6
3 Global Services;4.0;31;Unknown;;;Mumbai;5
Nicholas Piramal India;4.4;31;Private;;;India;10
Kuoni Travel;4.2;31;Private;114;3000;Zurich;14
SEAL Infotech;3.8;31;Unknown;;;Chennai;1
Samsung Research Institu;2.8;31;Unknown;;;Kochi;3
IBIBO Group;4.0;31;Private;13;;Gurgaon;4
Shah Alloys;4.3;31;Public;30;750;Ahmedabad;2
Dsc;3.7;31;Private;;126;New Delhi;5
National Chemical Labora;4.3;31;Private;70;26;Pune;0
Globant;3.5;31;Private;17;3000;Buenos Aires;0
DOT Technologies;3.4;31;Private;11;126;Panchkula Gurukul;4
JWT;3.9;31;Unknown;;;Gurgaon;5
hCentive;3.2;31;Unknown;;;Reston;0
Synergy Infonet;3.5;31;Private;;126;Noida;11
Maha Electronics;4.1;31;Private;26;350;Bangalore;7
ITTI;3.2;31;Private;;350;Bengaluru;0
Emerio Technologies;3.1;31;Unknown;;;Bengaluru;1
Amit Enterprises;3.8;31;Private;;350;Pune;3
ZenQ;3.4;31;Private;17;350;Hyderabad;0
Sigma Infosolutions;3.4;31;Public;16;350;Irvine;2
Miles Software Solution;3.1;31;Private;21;350;Mumbai;2
Openview Technologies;3.0;31;Private;;126;Pune;5
SITA;4.5;31;Private;71;3000;Geneva;10
Bank of America Securiti;3.9;31;Unknown;;;Charlotte;4
Avon Global Solutions;3.8;31;Public;;;Mumbai;6
JAI;3.7;31;Public;;26;Mumbai;3
Clay Telecom;3.9;31;Private;;350;New Delhi;7
Century Enka;4.3;31;Public;;3000;Pune;3
Ashok Kumar;4.1;31;Unknown;;;Roorkee;17
Bright Brothers;3.5;31;Public;;;Dehradun;4
Ventech (India);3.6;31;Private;;;Hyderabad;3
Kss Petron;4.4;31;Unknown;;;Kochi;7
Accutech Power Solutions;3.7;31;Private;;;Mumbai;4
Sitec Labs;4.1;31;Private;16;26;Mumbai;0
Apcotex Industries;3.8;31;Public;40;350;Mumbai;2
Bigtree Entertainment;4.1;31;Private;;350;Mumbai;4
Sisoft Technologies;3.2;31;Private;11;26;Ghaziabad;0
Kaneria Granito;2.7;31;Unknown;;;Vadodara;5
Global Data Solutions;3.8;31;Private;;26;McAllen;5
LIC Mutual Fund;3.8;31;Public;31;750;Mumbai;13
Brainvire Infotech;3.3;31;Private;20;750;California;1
JMD;4.4;31;Private;;;Patna;8
Astra Lifecare;3.7;31;Private;;26;Ahmedabad;0
Anant Raj;4.0;31;Public;;350;New Delhi;4
Netsmartz Infotech;2.6;31;Private;;26;Rochester;1
Acliv Technologies;2.6;31;Private;;126;Mumbai;5
Analogics Tech;4.0;31;Private;26;750;Hyderabad;5
Nalco Holding Company;4.0;31;Private;92;10000;Naperville;8
Signet Industries;3.9;31;Private;35;;Indore;6
QL2 Software;3.2;31;Private;;126;Atlanta;0
Varma & Varma;4.3;31;Private;;350;Hyderabad;7
Jobby Engineers;3.9;31;Private;50;126;Mumbai;3
Bhaskar Industries;4.5;31;Private;;10000;Delhi;3
Arya Technologies;3.0;31;Private;;;Delhi;0
Classic polo;3.9;31;Unknown;;;Chandigarh;6
Pi International Global;4.1;31;Unknown;;;Pune;0
Enrich IT;3.4;31;Private;27;126;Alpharetta;5
Delhi Press;3.2;31;Private;;10000;New Delhi;7
Mobicule Technologies;2.3;31;Private;;26;Mumbai;2
Lee;4.2;31;Public;;126;Auburn;9
Mahindra Powerol;4.1;31;Unknown;;;Mumbai;14
Softmind Informatics;4.4;31;Private;10;;Hyderabad;0
Systematix Infotech;3.9;31;Private;;;Indore;1
Surat Goods Transport;4.1;31;Unknown;;;Mumbai;13
Zeon Lifesciences;3.4;31;Private;33;750;Noida;1
Infozech Software;3.7;31;Private;;126;New Delhi;1
Genom Biotech;2.6;31;Unknown;;;Mumbai;4
The Andhra Sugars;4.0;31;Public;73;;Tanuku;0
The Maharaja Sayajirao U;4.2;31;Private;;3000;Vadodara;0
TEOCO Software;3.3;31;Private;;750;Fairfax;3
Inchcape Shipping Servic;4.1;31;Private;;3000;Grays;8
A2Z Group;3.4;31;Private;18;3000;Gurgaon;8
Sigma Corporation India;3.6;31;Private;56;750;New Delhi;3
Creative Lifestyle;3.9;31;Private;;126;Mumbai;5
Marquis Technologies;3.5;31;Unknown;;;Mumbai;3
Mother's Pride Pre Schoo;3.9;31;Unknown;;;Delhi;8
AJE;3.4;31;Private;2;;Kolkata;6
AM InfoWeb;3.2;31;Private;;350;Portland;1
Overseas Infrastructure;2.9;31;Private;;;Delhi;2
Dataman Computer Systems;3.7;31;Unknown;;;Mumbai;3
ASPL;3.7;31;Unknown;;;Mumbai;10
Unistal Systems;1.6;31;Unknown;;;New Delhi;1
Caparo Group;3.9;31;Private;52;3000;London;5
Komatsu;4.3;31;Private;;10000;Tokyo;7
Svm;4.2;31;Private;;;Gurgaon;6
Himgiri Automobiles;3.3;31;Private;;;Delhi;1
Enser Communication;3.5;31;Private;;750;Mumbai;2
PGi;4.4;31;Private;;;Atlanta;2
Credit Sudhaar;2.5;31;Private;10;126;Mumbai;1
Great Eastern Shipping C;4.0;31;Public;72;3000;Mumbai;0
Sidvin Core-Tech;3.7;31;Private;;350;Bangalore;0
YMS Mobitech;2.3;31;Unknown;;;Mumbai;10
Renu Electronics;3.6;31;Private;30;126;Pune;0
Government of Andhra Pra;4.3;31;Private;;10000;Hyderabad;10
Pokarna;3.8;31;Public;;126;SecunderÄbÄd;2
Krebs Biochemicals & Ind;3.2;31;Public;29;26;Hyderabad;2
Moody's;3.3;31;Private;120;7500;New York;0
Kyb Conmat;3.5;31;Unknown;;;Hyderabad;4
MPOnline;4.2;31;Unknown;;;Bhopal;2
Jmc;4.2;31;Unknown;;;Raipur;9
HCIL;4.3;31;Unknown;;;Mumbai;8
Amber Road Software;3.7;31;Private;;750;East Rutherford,NJ;0
Orb Energy;4.3;31;Unknown;14;350;Bangalore;9
Lion Services;3.5;31;Private;50;3000;New Delhi;6
Varimile Technologies;4.3;31;Unknown;;;Mumbai;3
Sandfits Foundries;3.8;31;Unknown;;;Coimbatore;0
M Tech Informatics;3.8;31;Unknown;;;Kolkata;10
Swash Convergence Techno;2.5;31;Public;19;750;Navi Mumbai;4
Stedman Pharmaceuticals;3.3;31;Private;35;750;Chennai;9
Indian Spinal Injuries C;4.4;31;Private;;750;New Delhi;1
Mcleod Russel India;4.1;31;Public;151;10000;Kolkata;2
Axis Mutual Fund;3.7;31;Public;11;;Mumbai;12
Tataaia;3.6;31;Unknown;;;Hyderabad;9
Medybiz Pharma;2.9;31;Private;11;126;Bangalore;2
Medicamen Biotech;4.0;31;Public;;;Hyderabad;3
Shardlow India;3.8;31;Public;60;126;Chennai;1
Fortune Financial Servic;4.1;31;Private;;26;Hyderabad;9
Applied Solar Technologi;4.2;31;Private;12;26;Delhi;7
Hgs International Servic;4.0;31;Private;;;Mumbai;5
Phronesis Partners;3.2;31;Unknown;;350;Boston;0
Kerala Institute of Medi;4.4;31;Unknown;;;Thiruvananthapuram;4
Narayana Schools West Be;3.9;31;Unknown;;;Durgapur;5
Alufit India;4.5;31;Unknown;;;Bengaluru;3
Aquarelle India;4.1;31;Private;33;3000;Levallois-Perret;2
Sms Envocare;3.7;31;Unknown;17;750;Nagpur;6
Mastercraft Engineers;4.0;31;Unknown;;;Hyderabad;1
Mitra Industries;3.8;31;Private;51;;New Delhi;4
Princeton Review;3.6;31;Private;39;3000;Natick;8
Lennox India Technology;3.4;31;Private;;7500;Richardson;0
Cellcomm Solutions;4.4;31;Private;;350;Bangalore;5
Wade Adams Contracting;4.6;31;Unknown;44;10000;Dubai;0
Pondicherry Institute of;4.1;31;Unknown;;;Chennai;0
iLabz Technology;3.4;31;Unknown;;;Chennai;6
Minda Distribution And S;4.8;31;Unknown;;;Ahmedabad;12
Tradexl Media;3.1;31;Unknown;;;Pune;6
AVTECH;4.1;31;Unknown;;;Indore;3
Evergreen;3.5;31;Private;55;350;Oshkosh;11
Vedantu Innovations;3.9;31;Private;;26;Bengaluru;5
Bsa Corporation;3.9;31;Private;;;Pune;7
Arcadis Consulting;4.2;31;Unknown;;;Mumbai;5
Dudhsagar Dairy;4.2;31;Private;;3000;Mehsana;2
HORIZON MICROTECH;3.1;31;Private;;;Ahmedabad;1
Paharpur 3P;3.7;31;Unknown;34;350;Sahibabad;3
K R Rubberite;3.7;31;Unknown;;;Faridabad;0
Axiom Telecom;4.0;31;Unknown;;;Dubai;3
Waste Management;3.7;31;Private;49;10000;Houston;7
SoCoMo Technologies;3.2;31;Unknown;;;Ahmedabad;12
DEVU TOOLS;3.9;31;Unknown;;;Mumbai;0
Rhydburg Pharmaceuticals;3.8;31;Unknown;;;New Delhi;0
GreenPoint Global;3.1;31;Private;;350;New York;1
Universal Education Grou;3.5;31;Private;;3000;Mumbai;11
Aptronix - Apple Premium;3.9;31;Private;;26;Mumbai;5
Sandhar Components;3.7;31;Unknown;;;Pune;3
Trinity Mobility;3.8;31;Private;;126;Bangalore;2
Deepak Builders;4.0;31;Unknown;;;Ahmedabad;7
Kcl;3.9;31;Public;;;Delhi;5
Gujarat State Electricit;4.3;31;Unknown;;;Surat;5
Abengoa;4.3;31;Private;;126;Dehradun;6
Innovative Tech Pack;3.2;31;Public;31;350;Noida;2
Indiafilings;3.2;31;Private;7;750;Chennai;1
Live tech Services;3.5;31;Private;;26;Schaumburg;5
Rotodyne Engg. Services;3.5;31;Unknown;;;Shahjahanpur;2
Bhima Jewellery;3.8;31;Unknown;;;Thiruvananthapuram;7
Dbs Mintek;3.5;31;Unknown;12;126;Pune;1
Mauria Udyog;3.8;31;Public;;750;New Delhi;1
The Hindu Group;3.8;31;Public;142;3000;Chennai;9
Cttc;4.6;31;Private;19;126;Barcelona;1
Travancore Medical Colle;4.3;31;Unknown;;;Kollam;0
Meditrina Hospital;4.4;31;Unknown;;;Chennai;4
INDO TOOLING;4.3;31;Unknown;;;Ahmedabad;2
Apollo Pipes;3.5;31;Public;20;750;New Delhi;9
Ujala Credit Co-Operativ;4.5;31;Unknown;;;Jaipur;10
Conrad;4.6;31;Private;;126;Memphis;2
Taiba Engineering Consul;4.6;31;Private;;26;Hyderabad;0
NETPLUS Broadband Servic;4.1;31;Unknown;4;10000;Ludhiana;4
Carnival UK;3.9;31;Unknown;;;Navi Mumbai;1
Lamprell;4.4;31;Unknown;;;Dubai;2
SAIL Bokaro Steel Plant;4.0;31;Private;59;3000;Laval;0
GuestHouser;2.5;31;Unknown;;;Gurgaon;0
Umasons Auto Compo;4.1;31;Unknown;;;Aurangabad;0
Rezayat Group;4.6;31;Unknown;;;Dammam;4
SCIO Management Solution;3.7;31;Private;;350;Chennai;0
Distribution Logistics I;4.1;31;Private;;750;Panaji;7
Al-Muhaidib Contracting;4.5;31;Unknown;;;Dammam;3
Shyam Ferro Alloys;4.3;31;Public;25;;Kolkata;3
Ahalia Hospital;3.5;31;Unknown;;;Mumbai;1
Yutaka Autoparts Pune;4.4;31;Unknown;;;Pune;4
Greenwood High School;3.8;31;Private;;7500;Warangal;2
Alniche Life Sciences;2.3;31;Unknown;;;Lucknow;5
Willowood Crop Sciences;4.0;31;Private;9;;Delhi;14
Goqii;3.3;31;Private;6;126;Mumbai;6
Jindal Fittings;3.9;31;Unknown;;;Nagpur;2
RC Plasto Tanks And Pipe;4.0;31;Private;;;Nagpur;7
FastFox.com;3.5;31;Unknown;6;126;Gurgaon;0
Sarda Metals & Alloys;3.9;31;Private;;;Mumbai;2
Avacend Solutions;3.7;31;Unknown;;;Bhopal;8
Ssnr Projects.pvt.ltd;3.8;31;Unknown;;;Hyderabad;3
Greatoo;4.1;31;Private;9;;Chennai;0
Cogeme Precision Parts;3.7;31;Unknown;;;Chakan;1
U K Paints;3.5;31;Unknown;;;Greater Noida;6
Mohsin Haider Darwish LL;4.0;31;Private;;750;Muscatine;1
West Bengal Power Develo;3.9;31;Unknown;;;Kolkata;0
Cogoport;2.9;31;Unknown;4;350;Mumbai;7
Energizer;3.2;31;Unknown;;;Mumbai;1
Jodhpur Vidyut Vitran Ni;4.2;31;Unknown;;;Bharatpur;10
Khalid bin ahmed & sons;3.8;31;Private;20;3000;Muscat;2
StoreKing;2.9;31;Unknown;8;350;Bangalore;3
PS Group;4.0;31;Private;35;350;Kolkata;4
Sentinels Security;4.1;31;Private;;350;Delhi;3
Dayco Power Transmission;4.0;31;Private;115;3000;Troy;0
M J Logistic Services;4.1;31;Unknown;;;Gurgaon;3
BMA International;3.3;31;Private;;7500;Dubai;2
G.L.Bajaj Institute of T;3.5;31;Private;15;126;Greater Noida;1
Kyb Motorcycle Suspensio;3.9;31;Unknown;;;Kancheepuram;0
Lohiya Edible Oils;4.0;31;Private;16;;Guntur;5
Unayur Marketing;3.3;31;Unknown;;;Jaipur;0
Skims;4.2;31;Private;;3000;Srinagar;1
Satyesh Brinechem;3.6;31;Private;6;126;Ahmedabad;0
Bloom Companies;3.9;31;Private;22;350;Gurgaon;11
Wardwiz India Solutions;2.4;31;Unknown;;;Mumbai;8
C.V.Raman College Of Eng;3.2;31;Unknown;;;Dhanbad;0
Chrome Data Analytics An;3.2;31;Unknown;;;Delhi NCR;1
Cofely Besix Facility Ma;4.1;31;Private;;3000;Dubai;1
Srg Earth Resources;4.3;31;Private;16;;Kolkata;1
Sree Behariji Mills;4.2;31;Private;80;3000;Patna;9
Julphar Gulf Pharmaceuti;4.1;31;Unknown;;;Dubai;0
Dream India Edu Manageme;3.7;31;Private;7;;Hyderabad;9
S &T Interiors and Contr;3.7;31;Unknown;;;Coimbatore;3
Emiza Supply Chain Servi;3.4;31;Private;;26;Gurgaon;7
L&w Building Solutions;2.5;31;Unknown;;;Chennai;3
Advids.co;2.8;31;Unknown;;;Pune;1
FINE COMPONENTS AND TOOL;3.7;31;Unknown;;;Kolar;0
King Fahad Medical City;4.3;31;Unknown;;;Bengaluru;1
iTech Ecommerce LLP;3.3;31;Unknown;;;Kolkata;6
Kapila Krishi Udyog;3.9;31;Private;23;;Kanpur;6
Aditya Birla Skills Foun;4.2;31;Unknown;;;Lucknow;13
Gatp Solutions;3.2;31;Unknown;;;Noida;2
Almajal Alarabi Holding;3.9;31;Private;;10000;Riyadh;1
India Dye Chem;4.1;31;Unknown;;;Delhi NCR;0
Ms Tata Projects;3.3;31;Unknown;;;Jaipur;12
Hasan Juma Backer Tradin;2.9;31;Unknown;;;Muscat;0
Focus Academy for Career;3.0;31;Private;;126;Coimbatore;5
Misys;3.6;30;Private;41;7500;London;0
SunGard;4.1;30;Private;38;10000;Wayne;1
Consim Info;4.1;30;Unknown;;;Hyderabad;7
Crown Solutions;3.2;30;Unknown;;;Kottivakkam, Chennai, Tamil Nadu;3
Data Core (i);3.2;30;Private;32;3000;Philadelphia;0
Rishabh Software;3.5;30;Private;21;350;Vadodara;0
Servomax India;4.0;30;Private;;;Hyderabad;6
TaxiForSure;4.3;30;Private;9;;Bangalore;5
ThoughtWorks;3.8;30;Private;27;3000;Illinois, United States;4
Fernas Construction Comp;4.0;30;Private;;;Ankara;5
The Walt Disney Company;4.4;30;Private;97;10000;Burbank;4
Hsbc Technology;3.9;30;Unknown;;;Visakhapatnam;6
Vijay Kumar;3.9;30;Unknown;;;Ahmedabad;12
Adroit Infotech;3.2;30;Public;;;Pune;2
Hanil Automotive;4.0;30;Unknown;;;Oragadam;0
HSBC Global Banking and;3.9;30;Unknown;;;Mumbai;6
Aon Services;3.9;30;Unknown;;;Navi Mumbai;4
Concept Pharmaceuticals;3.7;30;Unknown;;;Mumbai;6
Thejo Engineering;4.0;30;Public;;750;Chennai;6
Nearbuy;4.5;30;Unknown;10;350;Delhi;7
CoreEL Technologies;3.4;30;Private;;350;Bangalore;3
codeMantra;3.6;30;Private;;26;Boston;0
Multi Commodity Exchange;3.7;30;Public;;;Mumbai;6
INDIA NEWS;3.6;30;Private;;;New Delhi;5
R R Constructions;4.1;30;Private;31;;Rourkela;12
Gtec Computer Education;4.2;30;Unknown;;;Gulbarga;6
Racold Thermo;4.5;30;Private;;750;Pune;7
Concorde Group;3.7;30;Private;33;3000;Calgary;1
Rohini Industrial Electr;4.1;30;Private;;3000;Mumbai;9
Cyber Futuristics;3.4;30;Private;20;350;Jaipur;4
NAVEEN KUMAR;4.3;30;Unknown;;;Hyderabad;8
Patel Motors;4.0;30;Private;;750;Indore;1
Pooja Forge Ltd Faridaba;3.5;30;Public;34;750;Faridabad;1
Process Construction And;4.3;30;Private;;750;Pune;2
College of Engineering &;3.9;30;Unknown;;;Hyderabad;15
The Claridges Hotel;4.4;30;Unknown;;;Mumbai;4
Lyka Labs;3.4;30;Public;;;Salem;3
Zeta Global;3.9;30;Private;;750;New York;2
Pc Technology;1.3;30;Private;;750;Dehradun;2
Samsara Shipping;3.4;30;Private;24;;Mumbai;9
Goms Electricals;3.1;30;Unknown;;;Chennai;1
Axiom Consulting;2.9;30;Private;;;Cincinnati;2
Hero Mindmine;3.2;30;Unknown;;;Gurgaon;6
Intec Infonet;4.1;30;Private;;350;New Delhi;3
ACL Mobile;3.3;30;Private;;350;Noida;5
Brady Corporation;4.4;30;Public;106;7500;Milwaukee;2
Tekshapers Software Solu;3.5;30;Private;;26;Troy,MI;1
Anthelio Business Techno;3.4;30;Unknown;;;Navi Mumbai;2
Sigma Aldrich Chemicals;3.8;30;Private;;7500;Bengaluru;1
Tecnics Integration Tech;3.1;30;Private;;26;Houston;2
Genesis;3.7;30;Private;;3000;Moline;10
Civil court Peddapuram;4.0;30;Unknown;;;Ranchi;13
Magic Holidays;3.4;30;Unknown;;;Kolkata;6
Magic Auto;3.3;30;Unknown;;;New Delhi;0
IDFC Mutual Fund;4.0;30;Private;23;10000;Mumbai;10
Welspun Energy;4.4;30;Private;;350;New Delhi;7
Tata Coffee;4.1;30;Public;;7500;Theni Allinagaram;4
Stanadyne Amalgamations;3.4;30;Unknown;;;Thiruvallur;0
Kunstocom India;3.7;30;Private;41;350;New Delhi;7
CURA Healthcare;3.7;30;Unknown;;;Chennai;3
B S;4.0;30;Unknown;;;Bhopal;8
Vijayasri Organics;4.3;30;Unknown;;;Hyderabad;0
Nethues Technologies;3.3;30;Private;21;126;Delhi;1
Tagore Public School;4.1;30;Unknown;;;Madurai;8
GlobusSoft;2.8;30;Private;11;126;Bhilai;1
NexGen Technologies;3.9;30;Public;;126;Westminster;7
M M Enterprises;3.9;30;Private;;26;New Delhi;11
EASi Technologies;3.8;30;Unknown;;;Bengaluru;0
Varian Medical Systems;4.1;30;Private;70;7500;Palo Alto;4
Srijan Realty;3.3;30;Unknown;;;Kolkata;0
Ageis;3.5;30;Unknown;;26;Pune;8
National Organic Chemica;4.2;30;Unknown;;;Bharuch;1
Goldfinch Hotel;3.9;30;Private;27;;Bengaluru;4
Hager Electro;3.6;30;Unknown;23;;Pune;7
Vasu Chemicals;4.1;30;Unknown;;;Mumbai;9
Zivame.com;2.8;30;Unknown;9;350;Bangalore;2
Clutch Group;3.3;30;Private;15;750;Washington;0
Wockhardt Foundation;4.1;30;Unknown;;;Mumbai;8
NPCIL;4.4;30;Unknown;;;Navi Mumbai;7
Hykon;3.6;30;Unknown;;;Hyderabad;4
Global Upside;3.6;30;Unknown;;;San Jose;0
Endeavor Careers;3.8;30;Private;;350;Ahmedabad;7
MSS;3.5;30;Unknown;;;Varanasi;4
TNS Networking Solutions;4.1;30;Private;13;;New Delhi;5
Pride Technologies;3.8;30;Private;;;New York;2
Pasupati Acrylon;4.0;30;Public;30;;New Delhi;3
Upwork;4.0;30;Private;;350;Mountain View;7
APPL Industries;3.7;30;Unknown;;;Lucknow;4
Panasonic Energy India C;4.1;30;Public;;;Mumbai;6
Tenpath;3.9;30;Private;;;Secunderabad;1
Diverse Lynx;2.9;30;Private;;126;Princeton;1
Anmol Bakers;4.2;30;Private;;750;Noida;7
Surya Construction;4.1;30;Private;;3000;Guwahati;10
CGS;3.3;30;Private;;126;Dammam;8
Delux Bearings;4.0;30;Unknown;64;350;Mumbai;7
C-Square Info Solutions;3.7;30;Private;18;126;Bangalore;2
Quadlabs Technologies;2.8;30;Private;;26;Noida;0
Encore Healthcare;3.9;30;Private;;;Mumbai;5
NTT DATA FA Insurance Sy;2.3;30;Private;;350;Bengaluru;0
TUI India;3.9;30;Private;;10000;Noida;6
Alpha Path Lab;3.9;30;Private;23;26;Naperville;9
Shinecity Infra Project;3.2;30;Unknown;;;Kolkata;1
Paramount Group;3.8;30;Private;;126;New Delhi;4
Polytechnic College;3.8;30;Unknown;;;Hyderabad;7
Jekson Vision;4.0;30;Unknown;;;Berlin;0
Ican BPO;3.8;30;Private;;750;Thane;2
Robo Silicon;4.6;30;Unknown;;;Mumbai;5
Thapar University;4.0;30;Private;64;350;Nagpur;1
The Kothari Wheels;3.4;30;Unknown;;;Pune;1
Ashida Electronics;3.6;30;Private;;350;Thane;2
Threyes Srinisons Harnes;3.3;30;Unknown;20;;Chennai;0
AnRak Aluminium;4.2;30;Private;;750;Hyderabad;2
Sharda Hospital;3.8;30;Unknown;;;Greater Noida;2
SZI Technologies;2.5;30;Private;;;Calcutta;0
Textual Analytics Soluti;2.2;30;Unknown;;;Bangalore;0
Poona Hospital And Resea;4.3;30;Unknown;;;Kolhapur;1
Foods and Inns;4.4;30;Public;;;Mumbai;6
Swissotel Kolkata;4.2;30;Private;;26;Dubai;0
Shuttl;3.6;30;Private;5;350;Gurgaon;3
TMI Network;3.7;30;Unknown;;;Secunderabad;7
M.B.A Consulting India;3.2;30;Private;24;126;New Delhi;2
Lanson Motors;4.6;30;Unknown;;;Vellore;2
Sandip Foundation;2.7;30;Unknown;;;Solapur;2
Mayur Ply Industries;2.5;30;Unknown;22;;Kolkata;10
Tci Freight;4.5;30;Unknown;;;Chennai;17
Markelytics Solutions;3.0;30;Private;17;350;Bangalore;1
GP Strategies;3.7;30;Private;54;3000;Columbia;2
Statcon Power Controls;4.1;30;Private;;350;Delhi;3
SAL Hospital & Medical I;4.0;30;Unknown;;;Bhavnagar;0
Orange Sorting Machines;3.9;30;Unknown;;;Hyderabad;7
SSP Technology;4.3;30;Unknown;;;Kovilpatti;0
Ganga Medical Centre & H;4.1;30;Unknown;;;Coimbatore;4
Prabha Engineering;3.9;30;Unknown;;;Alwar;4
Unijules Life Sciences;3.6;30;Public;17;750;Nagpur;2
Danube Group;3.1;30;Unknown;;;Chennai;6
Trinity Touch;3.9;30;Unknown;;;Faridabad;5
BSN Medical;3.8;30;Private;19;750;Hamburg;8
Stellar Group;4.4;30;Private;;350;Noida;4
HBA International;4.3;30;Private;;26;Colorado;1
Transcentra FTS;2.7;30;Unknown;;;Mumbai;2
Greenpeace;4.5;30;Private;49;3000;Amsterdam;3
Wizertech Informatics;4.2;30;Unknown;20;750;Kolkata;1
Iba Crafts;3.7;30;Unknown;;;Jaipur;1
Neva Garments;3.8;30;Unknown;;;Jammu;1
Gits Food Products Pvt L;4.1;30;Private;57;3000;Mumbai;12
Phoenix;3.9;30;Private;;;San Diego;11
Hyundai Rotem;4.5;30;Unknown;;;Changwon;7
Agrawal Metal Works;4.0;30;Unknown;;;Jaipur;4
Master Marine Services;3.5;30;Private;;750;Mumbai;9
India Pesticides;3.9;30;Private;36;;Bareilly;4
Yamaha Motor India Sales;3.0;30;Private;;;Delhi;8
Disha Microfin;4.0;30;Unknown;;;Mumbai;14
Elysium Pharmaceuticals;3.2;30;Unknown;;;Kolkata;1
Cheer Sagar Exports;4.1;30;Unknown;;;Noida;0
Zephyr;3.9;30;Private;;26;New York;11
Kusters Calico Machinery;3.6;30;Unknown;;;Vadodara;0
K Raheja Constructions;4.3;30;Private;;3000;Mumbai;2
CAMP Systems;3.4;30;Private;52;750;Merrimack;2
Kerakoll;4.5;30;Private;52;750;Sassuolo;12
D2K Technologies India;3.1;30;Unknown;;;Mumbai;2
Dow AgroSciences;4.4;30;Private;;;Indianapolis;11
Nipman Fastener Industri;3.6;30;Unknown;23;;Gurugram;6
Indian Card Clothing Co.;3.6;30;Private;;350;Pune;2
Anjan Drug;3.6;30;Private;30;;Chennai;0
Yash Papers;3.9;30;Public;;750;Sardarshahar;0
Classic Marble Company;3.9;30;Unknown;26;7500;Mumbai;3
ATRA Pharmaceuticals;3.9;30;Unknown;29;;Mumbai;0
Global Group;3.2;30;Private;;3000;Mumbai;1
Mogli labs;3.3;30;Unknown;;;Kolkata;7
Medicare TPA Services (I;4.2;30;Private;;750;Kolkata;7
Mersen;3.5;30;Private;129;7500;Courbevoie;1
Samrin Services;2.2;30;Unknown;;;Mumbai;0
Empire Spices & Foods;4.1;30;Unknown;;;Mumbai;2
infoAnalytica;4.3;30;Private;;;San Jose;0
Konkan Railway Corporati;4.0;30;Unknown;;;New Delhi;4
KARL STORZ;3.8;30;Private;;750;Tuttlingen;9
Seven Seas Hotel;3.3;30;Unknown;;;Delhi NCR;2
Express Logistics;3.6;30;Unknown;;;Hyderabad;13
Zones Corporate Solution;2.3;30;Unknown;;;Noida;0
N S Associates;3.9;30;Private;;;Delhi;4
Tmeic Industrial Systems;4.2;30;Unknown;;;Tumakuru;2
MYNTRA JABONG INDIA;4.5;30;Unknown;;;Chennai;7
The Learning Curve;4.0;30;Private;;350;Fremont;3
Pyrotech Workspace Solut;3.8;30;Private;;126;Udaipur;0
Fingent;4.7;30;Private;;26;Thiruvananthapuram;1
Healthcare Informatics;2.7;30;Unknown;;;Vadodara;3
Cosma International Indi;4.4;30;Private;;;Pune;4
Sapa Extrusion;4.3;30;Unknown;;;Kuppam;0
Parekh Group;4.1;30;Private;;;Mumbai;11
Stellapps Technologies;4.1;30;Unknown;9;350;Bangalore;7
Novotel Hyderabad Airpor;4.5;30;Unknown;;;Pune;4
Neo Metaliks;3.0;30;Unknown;;;Kolkata;0
Nightingale Home Healthc;3.8;30;Private;24;350;Carmel;3
APTRON Solutions;4.0;30;Unknown;;;Noida;1
Pioneer e Solutions;3.8;30;Private;;26;New Delhi;12
International Data Corpo;3.6;30;Private;;3000;Framingham;7
Rmg Alloy Steel;3.5;30;Public;;;Mumbai;2
Bhole Baba Milk Food Ind;3.4;30;Unknown;;;Agra,Uttar Pradesh;5
S.H. Kelkar & Co.;4.0;30;Unknown;;;Mumbai;4
Laurus Edutech;3.8;30;Unknown;;;Jaipur;10
S B Construction;3.8;30;Private;26;;Rourkela;15
Aravind Eye Hospital;4.2;30;Unknown;;;Chennai;7
Frontline NCR Business S;3.7;30;Private;13;3000;New Delhi;11
Avis- Mercury Car Rental;3.9;30;Unknown;;;Noida;7
Sidel;4.4;30;Private;55;3000;Chakan;1
Trux App;3.2;30;Unknown;;;Saket;4
Devi Engineering and Con;3.8;30;Private;;;Bangalore;5
VDart;3.9;30;Private;13;350;Alpharetta,GA;0
Hobel Bellows;3.4;30;Unknown;;;Mumbai;1
Ministry of Labour & Emp;4.3;30;Private;;10000;New Delhi;7
Pigeon India;4.0;30;Private;11;126;Gurgaon;6
Akshar Elecinfra;4.0;30;Private;11;;Vadodara;4
4G Identity Solutions;3.9;30;Private;;750;Lucknow;11
Bothra Group;3.4;30;Private;;;Kolkata;3
Synergy Systems & Soluti;4.1;30;Unknown;;;Faridabad,Haryana;4
Alpha Associates;3.8;30;Private;;26;Dar es Salaam;0
REVA University;3.7;30;Unknown;;;Bengaluru;0
Grand Polycoats;4.0;30;Private;;;Vadodara;5
Premier Explosives;4.1;30;Public;;;Hyderabad;2
AURONEXT PHARMA;4.2;30;Unknown;;;Gurgaon;2
Premier Plasmotec;3.6;30;Private;11;;Faridabad;1
LSG Sky Chefs;3.9;30;Private;19;10000;Hyderabad;4
Silver Spark Apparel;3.8;30;Private;;;Mumbai;1
Eltech Appliances;3.0;30;Private;8;;Chennai;9
Kd Campus;3.8;30;Private;;;Delhi;7
BEC Chemicals;4.0;30;Unknown;;;Mumbai;0
Ravenbhel Healthcare;4.2;30;Unknown;;;Amritsar;2
Taehwa Enterprises;3.5;30;Unknown;;;Noida;1
Lakshya Institute;3.5;30;Private;;26;Old Bridge;9
Humana People to People;4.4;30;Private;;10000;Louisville;2
Good Shepherd Internatio;3.9;30;Unknown;;;Pune;3
SUDlife;3.0;30;Unknown;;;Mumbai;12
Alexis Multispeciality H;4.2;30;Unknown;10;3000;Nagpur;0
Gopaldas Visram Pvt.ltd;3.9;30;Unknown;;;Mumbai;2
Rivulis Irrigation;4.1;30;Unknown;;;San Diego;9
Pps Motors;3.9;30;Private;10;;Hyderabad;3
Madhavbaug;3.7;30;Private;14;750;Thane;9
V Resorts;2.6;30;Private;6;126;Noida;4
Mtg Learning Media;4.0;30;Private;38;126;Gurugram;2
Vero Moda;4.3;30;Private;;126;Hyderabad;11
Max Skill First;3.8;30;Unknown;5;350;Gurgaon;14
Zefo;3.7;30;Unknown;5;126;Bangalore;2
Arjohuntleigh Healthcare;3.7;30;Unknown;;;Kolkata;14
Almoayyed Contracting Gr;4.1;30;Private;;3000;Manama;1
Divine Medical Centre;3.4;30;Unknown;;;Chennai;14
Itc Sonar Kolkata;4.4;30;Unknown;;;New Delhi;1
C3I Solutions;3.5;30;Private;27;750;Horsham;0
Annapurna Group;3.5;30;Unknown;;;Siliguri;3
Truebil;3.5;30;Private;;;Mumbai;2
J S Auto;3.7;30;Private;;126;Kanpur;4
Verga Attachments;3.5;30;Private;14;350;Malur;0
Freyr Solutions;3.2;30;Private;6;126;Hyderabad;0
Locus RAGS;2.9;30;Unknown;;;Gurgaon;2
Kajima India;4.3;30;Private;;;Delhi;5
Ace Facility Management;4.0;30;Private;36;;Faridabad;4
Shri Balaji Buildmate;4.1;30;Private;8;;Gurgaon;5
Movenpick;4.3;30;Unknown;;;Kolkata;6
Structures Online;4.0;30;Unknown;;;Delhi NCR;0
Orange Renewable;4.1;30;Unknown;12;26;Delhi;5
Vignan University;3.9;30;Private;;;Guntur;4
ASTRA;3.4;30;Private;;26;Kolkata;9
SGD PHARMA;3.6;30;Private;;3000;Puteaux;0
RCS;3.3;30;Unknown;;;Chennai;6
Vtc Tradewings;3.7;30;Private;;;Delhi;4
Aircon Automation;2.8;30;Unknown;;;Pune;1
Chemetall;4.2;30;Private;;;Pune;8
Cubical Laboratories;3.3;30;Unknown;;;New Delhi;0
anovIP;2.3;30;Private;;26;New Delhi;0
K.D. Medical College Hos;3.7;30;Private;;26;Bareilly,India;4
Greenmark Developers;4.2;30;Private;20;126;Hyderabad;0
Aswartha Condition Monit;3.7;30;Unknown;;;Singrauli;2
Daily ninja;3.7;30;Private;5;350;Bangalore;4
KSB Tech;3.6;30;Private;;3000;Pune;2
Tiger Security Guard Ser;3.1;30;Private;;;Cuttack;3
Ryonan Electric;3.3;30;Unknown;;;Gurgaon;0
Dalmia Bharat Group;4.0;30;Private;81;3000;New Delhi;9
Brown House Baking;4.3;30;Private;5;;Bangalore;0
Excelus Learning Solutio;4.2;30;Unknown;;;Nagpur;15
British American Tobacco;4.3;30;Unknown;;;London;6
Jamkash Vehicleades;4.4;30;Unknown;;;Udhampur;1
Nabard Consultancy Servi;4.1;30;Private;;;PLOT NO C-24 'G'BLOCKBANDRA KURLA COMPLEX POST BOX NO 8121  BANDRA EAST   MUMBAI Maharashtra INDIA 4;10
Ashpra Skills;3.9;30;Private;;;Delhi;5
Protecon BTG;4.7;30;Unknown;;;Noida;0
Ministry of Agriculture;4.3;30;Private;;350;Addis Ababa;9
Jollibee Foods Corporati;4.6;30;Private;;10000;Pasig;2
Tata STRIVE;4.0;30;Unknown;;;Mumbai;9
DigiVersal Consultants;3.4;30;Private;;26;Delhi NCR;0
Astral Adhesives;4.5;30;Private;;126;Kanpur Uttar Pradesh,India;13
Rajiv Gandhi Mahila Vika;4.6;30;Private;;350;Rae Bareli;6
Vasant Masala;4.4;30;Unknown;;;Indore;9
Andaz Delhi;4.6;30;Unknown;;;Lucknow;4
Calibrated Healthcare Ne;3.1;30;Unknown;;;Gurgaon;0
GenNext Human Resource M;4.7;30;Private;12;26;Bhopal;3
OZOPROP Technologies;3.3;30;Private;;26;Bengaluru;0
Henote Technologies;3.8;30;Unknown;;;Mumbai;1
Om hr Solutions;3.6;30;Unknown;;;Mumbai;10
Peoples Mutually Aided C;3.7;30;Unknown;;;Vijayawada;0
Manthan Solutions;2.1;30;Unknown;;;Jaipur;11
Hewitt Associates;4.3;29;Unknown;;;Navi Mumbai;5
ABN AMRO BANK N.V.;4.5;29;Private;;3000;Amsterdam;7
Alcatel Lucent Managed S;4.4;29;Unknown;;;Raipur;15
Production Co;4.0;29;Unknown;;;Pune;12
Infotech Global;3.7;29;Private;28;126;Piscataway;5
The Park;3.9;29;Private;;26;New York;7
Spanco;4.0;29;Public;41;126;Morgantown;8
HCL AXON;3.6;29;Unknown;;;Bengaluru;8
Navayuga Infotech;3.7;29;Private;;126;Hyderabad;0
Extentia Information Tec;3.9;29;Private;;126;Pune;0
Siemens PLM Software;4.0;29;Private;16;7500;Plano,TX;0
KonyLabs IT Services;4.1;29;Unknown;;;Hyderabad;0
OSRAM;4.3;29;Private;;7500;Munich;7
Wizcraft International E;4.0;29;Unknown;;;Hyderabad;6
G Enterprises;3.4;29;Unknown;;;Gurgaon;9
Incture Technologies;3.1;29;Unknown;14;350;Salarpuria Sattva Aura,Kadubeesanah;0
Kumar Builders;3.5;29;Private;;;Pune;1
Jk Industries;3.9;29;Public;;;Mumbai;14
Comodo Security Solution;3.8;29;Private;;26;Tokyo;0
SPM INDIA;3.4;29;Private;;350;Bengaluru;3
ION Trading;2.6;29;Private;22;3000;Dublin;2
Itech Solutions;4.0;29;Private;25;126;Farmington;5
Ample Softech System;3.7;29;Private;;126;Pune;0
Crystal Solutions;3.7;29;Private;;126;Mumbai;5
Edenred;3.8;29;Unknown;;;Malakoff;5
Navneet Publications (In;4.4;29;Private;;;India;12
JCBL;3.8;29;Unknown;;;Mohali;6
Zilla Parishad, Jalgaon;4.0;29;Unknown;;;Kolkata;11
Avenues India;3.6;29;Private;;350;Mumbai;0
Adaequare;2.9;29;Private;15;350;Hyderabad;0
Harbinger Group;4.2;29;Private;30;750;Pune;0
Usha Fire Safety Equipme;3.4;29;Unknown;;;Mumbai;8
Xebia IT Architects;2.9;29;Private;;750;Hilversum;2
Uber Projects;4.3;29;Unknown;;;Guwahati;10
RNA Corp;3.5;29;Private;37;126;Blue Island;0
PKF Sridhar & Santhanam;3.5;29;Unknown;;;Chennai;4
iTech India;3.5;29;Unknown;;;Mumbai;6
Pall Corporation;4.0;29;Private;;10000;Port Washington;7
Miranda Tools;4.0;29;Private;;;Mumbai;4
Regenerative Medical Ser;3.0;29;Private;;126;Mumbai;10
Oriental Cuisines;3.6;29;Unknown;;;Kolkata;1
Centre For Monitoring In;3.1;29;Private;;;Mumbai;3
AXA Technologies Shared;4.2;29;Private;;750;Pune;1
Brahmaputra Infrastructu;4.0;29;Public;;;Pune;7
Snowcem Paints;3.4;29;Private;;26;Jodhpur;10
Insta Exhibition;3.4;29;Unknown;;;Mumbai;4
StraVis IT Solutions;4.0;29;Private;;350;Hyderabad;0
Netsoft Consulting Servi;3.6;29;Private;;350;New Delhi;6
Hotel Ramada;4.0;29;Unknown;;;Kanpur;10
Kamat Hotels India;4.1;29;Public;;;Mumbai;5
Karvy Private Wealth;3.2;29;Private;;350;Mumbai;9
Elgi Ultra Industries;4.1;29;Unknown;;;Hyderabad;6
Prasad Group;4.3;29;Unknown;;;Mumbai;5
Tele Access E-services;3.3;29;Unknown;;;Navi Mumbai;0
Apalya Technologies;3.9;29;Unknown;;;Hyderabad;0
Ark Cyber Solutions;4.5;29;Private;10;;Hyderabad;0
Ravi;4.4;29;Private;;26;Delhi;10
SurePrep;3.5;29;Private;18;126;Newport;0
Sidmak Laboratories (Ind;3.8;29;Private;;126;Valsad;3
Citizen Co-operative Ban;3.6;29;Unknown;;;Mumbai;10
Epicor Software Corporat;2.9;29;Private;36;3000;Austin;0
Amtech Electronics;3.5;29;Private;33;350;New Delhi;3
Mayfair Housing;4.1;29;Private;;750;Mumbai;1
Forbes Facility Services;3.9;29;Unknown;;;Mumbai;6
Atlanta (Mumbai);2.8;29;Public;;7500;Mumbai;3
Sanjay;4.1;29;Unknown;;;Mumbai;15
Luxor International;4.2;29;Private;;750;Noida;1
Daimler Financial Servic;3.8;29;Unknown;;;Pune;9
Concept Hospitality;3.4;29;Private;;3000;Mumbai;8
Aon Consulting;3.5;29;Private;;;Mumbai;2
Phoenix Group India;4.1;29;Private;;26;Hyderabad;3
M & M;4.0;29;Unknown;;;Mumbai;10
MIPL;3.7;29;Unknown;;350;Chatsworth;10
Kintetsu World Express;4.2;29;Private;;7500;Tokyo;12
DAV College;3.9;29;Unknown;;;Lucknow;12
China Gate Restaurants;4.1;29;Private;;350;Mumbai;0
Konstelec Engineers;4.2;29;Private;;26;Mumbai;3
Ultratech India;3.7;29;Private;;350;Mumbai;13
Machine Tools India;3.7;29;Private;;26;Greenville;8
Calyx Chemicals & Pharma;4.3;29;Unknown;;;Kalyan-Dombivali;4
Grey Matter India;3.0;29;Private;;350;Mumbai;11
Transworld Group of Comp;4.1;29;Unknown;;;Dubai;7
Johnson Electric;3.9;29;Private;61;10000;Tai Po;0
Merit Group;3.6;29;Private;16;750;London;0
G4 Solutions;3.9;29;Unknown;;;Mumbai;9
Bristol-Myers Squibb;4.2;29;Private;162;10000;New York;9
AK Enterprises;4.1;29;Unknown;;;Pune;12
Algoworks Technologies;4.2;29;Private;;126;New Delhi;0
RSP Design Consultants;4.0;29;Private;;;Bangalore;4
Worldline india;3.8;29;Unknown;;;Kolkata;4
More Supermarket;4.2;29;Unknown;;;Bengaluru;6
Eltek Sgs;3.5;29;Unknown;;;Hyderabad;3
World Class Services;3.5;29;Private;;;Mumbai;11
Run Service Infocare;3.9;29;Unknown;;;Hyderabad;5
Unitech Power Transmissi;3.4;29;Unknown;;;Lucknow;5
Webguru Infosystems;3.9;29;Private;15;126;Kolkata;0
Harrisons Malayalam;4.1;29;Public;;;Kochi;3
CIMS;4.0;29;Unknown;;;Mumbai;9
Stone India;3.2;29;Public;89;750;Kolkata;3
Triton Valves;4.0;29;Public;;;Bengaluru;1
Panchsheel Buildtech;3.8;29;Unknown;;;Noida;2
Wrangler;4.3;29;Unknown;;;Hyderabad;14
Mitashi Edutainment;3.7;29;Private;;126;Mumbai;10
Ayurwin Pharma;3.3;29;Unknown;;;Bengaluru;7
Jagati Publications;3.8;29;Private;;750;Nellore;7
Indication Instruments;4.2;29;Unknown;;;New Delhi;0
Tayo Rolls;3.6;29;Public;;750;Jamshedpur;0
Talent Anywhere;2.5;29;Private;14;350;San;2
Bharti Hospital;3.5;29;Unknown;;;Varanasi;6
Open Access Technology I;3.3;29;Private;;350;Minneapolis;0
Narnolia Securities;3.8;29;Private;;;Ranchi;7
Orris Infrastructure;3.6;29;Unknown;;;New Delhi;1
IWL;3.8;29;Private;;126;Chennai;3
MIET Meerut;3.7;29;Unknown;;;Meerut;3
News Nation;4.2;29;Private;;350;Noida;2
Renishaw Metrology Syste;3.9;29;Private;;3000;New Delhi;0
Alliance Infrastructure;4.4;29;Private;;;Delhi;1
ACS Group;3.8;29;Unknown;;;New Berlin;5
Danone Foods Beverages;4.1;29;Unknown;;;Hyderabad;6
Akash Enterprises;3.3;29;Unknown;;;Pune;3
Belmaks;4.0;29;Private;;;Delhi;1
DKM Online;4.5;29;Unknown;;;Delhi NCR;3
Nims Hospital;4.1;29;Unknown;;;Hyderabad;5
Sabs Exports;3.9;29;Unknown;;;New Delhi;2
PathPartner Technology;4.2;29;Private;14;350;Bangalore;0
CohnReznick;3.5;29;Private;101;3000;New York;1
New Saraswati House;4.1;29;Unknown;;;New Delhi;10
Tricolite Electrical Ind;4.2;29;Unknown;;;Noida;3
Sietz Technologies;4.2;29;Unknown;;;Faridabad,Haryana;0
AIETS;3.3;29;Private;18;350;New Delhi;4
Creative Engineers;3.8;29;Private;;26;Gurgaon;9
YMCA;4.2;29;Unknown;;;Chicago;6
Pacifica Companies;4.3;29;Unknown;;;San Diego;2
Gujarat Industries Power;4.7;29;Unknown;;;Surat;0
Ahuja Radios;4.2;29;Private;;10000;New Delhi;4
The Velammal Internation;3.8;29;Unknown;;;Ponneri;2
Atyati Technologies;4.4;29;Unknown;14;;Bangalore;6
Pepperl+Fuchs;3.9;29;Private;21;350;Gurugram;5
New Horizon College of E;3.5;29;Unknown;;;Bengaluru;0
Spl Infrastructure;4.2;29;Private;;;Delhi;1
Radius Developers;4.3;29;Unknown;;;Mumbai;0
Mbit Wireless;3.5;29;Unknown;;;Newport;0
National Remote Sensing;4.6;29;Private;46;350;Hyderabad;0
Mantri Metallics;3.8;29;Unknown;;;Rudrapur;0
Sac Engine Components;3.9;29;Unknown;;;Thiruvallur;1
Divya And Co;3.7;29;Private;;;Kerala;14
Sofitel Luxury Hotel;4.4;29;Unknown;;;Mumbai;0
Finearc Systems;4.0;29;Unknown;;;Pune;0
Acebright Pharma;3.2;29;Unknown;;;Mumbai;1
Guala Closures;3.6;29;Unknown;;;Kheda;4
Hush Puppies ( Bata Indi;3.5;29;Private;2;;Bangalore;11
Grassroots BPO;3.4;29;Private;;126;Bangalore;0
Ind Innovations;3.8;29;Unknown;;;Chennai;8
Globe Ecologistics;3.4;29;Unknown;;;Guntur;2
Nouveau Technologies;4.0;29;Unknown;;;Bengaluru;0
Glatt Systems;4.3;29;Private;;3000;Pune;0
Xentrix Studios;3.3;29;Private;10;750;Bangalore;0
KOHINOOR TELEVIDEO;3.6;29;Unknown;;;Pune;1
Ruloans Distribution Ser;3.7;29;Unknown;;;Hyderabad;11
Oremus Corporate Service;3.8;29;Private;;26;HyderÄbÄd;0
Kanodia Technoplast;3.9;29;Unknown;;;Noida;4
Smc Infrastructure;4.1;29;Unknown;;;New Delhi;6
Prakash Retail;4.1;29;Unknown;;;Hubballi-Dharwad;4
Knack BPO;3.9;29;Unknown;119;126;Jaipur;1
Tata Group;4.2;29;Unknown;;;Aligarh;6
A-1 Fence Products;3.3;29;Private;;;Mumbai;3
Pramod Telecom;3.1;29;Unknown;;;Lucknow;2
Komal Tex Fab;3.4;29;Unknown;;;Indore;1
Ginza Industries;3.5;29;Unknown;;;Mumbai;4
Pioneer Urban Land & Inf;4.7;29;Private;;350;Gurgaon;0
Vibrant;3.9;29;Private;;;Kolkata;6
Cenlub Systems;3.7;29;Unknown;;;Bengaluru;3
Lotus Dairy Products;4.6;29;Unknown;;;Haridwar;0
Responsive Industries;2.5;29;Public;;;Boisar;3
NIIT Yuva Jyoti;4.3;29;Unknown;;;New Delhi;11
Sewells Group;3.7;29;Private;;750;Melbourne;7
Kun Aero Space;3.5;29;Unknown;;;Ambattur;0
Goldmedal Electricals;3.7;29;Unknown;;;Mumbai;11
Lotus Hospital;4.5;29;Unknown;;;Rajkot;6
Gokaldas Intimatewear;3.6;29;Private;;350;Bangalore;6
Dexters Logistics;3.2;29;Unknown;;;Ahmedabad;8
Cabcon India;3.4;29;Private;;350;Kolkata;6
Donaldson India Filter S;4.0;29;Unknown;;;New Delhi;1
Zeiss Pharma;4.3;29;Private;6;;Panchkula;4
Sailfin Technologies;3.6;29;Unknown;;;Surat;4
Resil Chemicals;4.1;29;Unknown;;;Mumbai;0
Pacific It Consulting;4.3;29;Unknown;;;Kolkata;2
Sona Group;3.8;29;Private;;126;Gurgaon;8
Urbantree Infrastructure;3.9;29;Unknown;;;Chennai;0
Mahavir Auto Diagnostics;3.7;29;Unknown;;;Vijayawada;3
Arcotech;3.1;29;Public;;;New Delhi;1
Springdales School;3.6;29;Unknown;;;Ghaziabad;7
Eenadu Television;4.1;29;Private;;750;Hyderabad;5
Vergo Pharma Research La;3.8;29;Private;;126;Mumbai;0
Micro Tech Cnc;3.8;29;Unknown;;;Tiruchirappalli;2
Bosch Electrical Drives;3.9;29;Unknown;;;Kancheepuram;2
Madras Radiators And Pre;3.9;29;Private;52;;Pollachi;2
Prayag Polymers;3.8;29;Unknown;;;New Delhi;5
Drytech Processes (I);4.3;29;Unknown;;;Mumbai;1
Plan International;4.1;29;Private;;126;Athens;5
Ankit Fasteners;3.8;29;Unknown;;;Bengaluru;0
Zenpower Technologies;3.6;29;Private;8;;Bangalore;0
Max Speciality Films;3.8;29;Unknown;;;Navi Mumbai;3
Amandeep Hospital;4.1;29;Unknown;30;750;Amritsar;1
Global Gourmet;3.8;29;Private;12;126;Vadodara;2
Rossell Techsys;4.6;29;Unknown;;;Bengaluru;0
LEAP India;3.8;29;Private;;26;Mumbai;8
Microgen Hygiene;2.0;29;Unknown;;;Chennai;7
Absolute Insurance Surve;3.9;29;Private;;126;Ahmedabad;5
FiberHome;3.8;29;Private;;10000;Dhaka;3
P R Packaging;3.5;29;Private;30;;Faridabad;2
Komet Precision Tools In;4.0;29;Private;;350;Bengaluru;3
Essar Ports;4.3;29;Unknown;;;Salaya;5
Getco;4.4;29;Private;;26;Chicago;7
Technocrats Institute of;2.7;29;Unknown;;;Bhopal;3
Qatar Petrochemical Comp;4.6;29;Unknown;;;Chennai;1
Diamond International;3.6;29;Private;;126;Gurgaon;2
Espirit Toyota;4.1;29;Unknown;;;Faridabad;6
Vigour Mobile;3.7;29;Unknown;;;Amritsar;8
Export Trading group;3.6;29;Unknown;;3000;Lusaka;2
Copper Chimney;4.8;29;Unknown;;;Kolkata;4
Clear Secured Services;3.9;29;Unknown;;;Kolkata;5
Saif Bin Darwish;4.1;29;Unknown;;3000;Abu Dhabi;0
Dhan Foundation;4.3;29;Unknown;;;Madurai;9
Medico Electrodes Intern;3.5;29;Unknown;;;Noida;0
ANJ Turnkey Projects;3.8;29;Unknown;;;Mumbai;1
Shaarc Project;3.1;29;Unknown;;;Vadodara;3
Bank Alfalah;4.1;29;Private;;750;Lahore;1
Digital india Payments;3.0;29;Unknown;7;;Mumbai;13
TriFid Research;3.1;29;Private;;126;Indore;0
Defsys Solutions;3.3;29;Unknown;;;Sohna;1
Nepa;3.3;29;Private;;750;Khandwa;3
Utracon Structural Syste;4.1;29;Private;22;26;Chennai;7
DBM Geotechnics & Constr;2.5;29;Unknown;;;Visakhapatnam;1
St.marthas Hospital;4.5;29;Unknown;;;Muscat;0
Gala Precision Engineeri;3.5;29;Unknown;;;Mumbai;0
T.K. Engineering Consort;3.0;29;Private;;26;Vadodara;3
Hallmark;4.1;29;Private;110;10000;Kansas;6
Lloyd Healthcare;3.6;29;Unknown;;;Pune;7
Perennial Technologies;3.9;29;Private;;350;Pune;2
New India Co-Op Bank;3.9;29;Unknown;;;Pune;2
JAAC TECHNO SERVICES;4.0;29;Unknown;;;Kolkata;4
Beam Global Spirits & Wi;4.6;29;Private;23;3000;Deerfield;11
OnePlus;3.5;29;Unknown;;;Mumbai;10
Aga Khan Foundation;3.9;29;Private;;10000;Geneva;12
Netmeds Marketplace;3.8;29;Private;10;;Chennai;0
Equinox Labs;3.5;29;Unknown;;;Mumbai;5
Omega Engineering LLC;3.5;29;Private;58;750;Norwalk;4
IMS Proschool;4.1;29;Unknown;;;Mumbai;6
Nac Jewellers;4.3;29;Private;12;;Chennai;0
United Creation;3.2;29;Unknown;;126;New Delhi;0
Air India Engineering Se;3.6;29;Unknown;;;Chennai;3
Intec Infra-Technologies;3.8;29;Unknown;;;Gurgaon;0
Anmol Feeds;3.6;29;Unknown;;;Lucknow;4
Sunil Healthcare;3.7;29;Public;;350;New Delhi;2
Annora Pharma;4.0;29;Private;5;;Hyderabad;0
Brij Gopal Construction;3.8;29;Private;;;Delhi;5
Energy Solutions Interna;3.6;29;Private;;126;Houston;13
Garuda Polyflex Foods;4.0;29;Unknown;;;Hyderabad;5
Mb Power (m.p);4.3;29;Private;12;;Kolkata;1
Acadecraft;2.4;29;Unknown;;;Noida;2
Hitachi Zosen Corporatio;4.2;29;Private;;7500;Gurgaon;1
Marwadi University;3.4;29;Private;;7500;RÄjkot,Gujarat;3
Aga Khan Education Servi;4.3;29;Private;;26;Karachi;6
Lavazza;4.0;29;Private;;3000;Turin;9
Migsun Group;3.3;29;Unknown;;;Delhi NCR;4
Synergy Steels;3.3;29;Unknown;;;Alwar;1
Bellona Hospitality Serv;4.3;29;Private;;350;Mumbai;1
Canpac Trends;3.9;29;Private;16;26;Ahmedabad;2
Rampex Labs;4.2;29;Private;16;;Visakhapatnam;0
Chiyoda Corporation;4.4;29;Private;72;7500;Yokohama;1
Kentz Engineers & Constr;4.5;29;Unknown;;;Thrissur;2
Aujan Coca Cola Beverage;4.2;29;Private;;3000;Dubai;3
Roseate Hotels & Resorts;4.0;29;Unknown;;;Delhi NCR;0
Serco Middle East;4.4;29;Unknown;;;Abu Dhabi;2
The Sports Gurukul;4.2;29;Private;;26;Mumbai;6
Poddar Diamond;3.5;29;Unknown;;;Mumbai;0
Narmada Polymers;3.9;29;Unknown;;;Gurgaon;0
African Industries;3.7;29;Private;;750;Lagos;5
Core Diagnostics;3.9;29;Private;;26;Gurgaon;4
Hudson's bay Company;3.5;29;Private;350;10000;Toronto;0
Aris Capital;3.6;29;Private;25;;Kolkata;7
Stanza Living;3.0;29;Unknown;3;350;Delhi;9
Brunel Energy;4.6;29;Unknown;;;Abu Dhabi;4
Abdullah A. Al-Barrak &;4.0;29;Private;;;Dammam;1
Sreenidhi International;4.2;29;Unknown;;;Hyderabad;0
Wistron;4.1;29;Unknown;;;Chennai;0
Grand Hotel;4.0;29;Private;133;750;Mumbai;7
Hyper Panda;4.1;29;Unknown;;;Kochi;4
Kamal Fincap;4.0;29;Unknown;;;Udaipur;9
Reliance Strategic Manpo;4.5;29;Private;;;Mumbai;12
Shri Ram Murti Smarak In;3.8;29;Private;;350;Bareilly;1
Elite Elevators;4.4;29;Private;;350;Chennai;6
Al Hokair Fashion Retail;3.8;29;Unknown;;;Mumbai;3
HG Infra;4.0;29;Unknown;;;Jaipur;4
Rajasthan Grameen Aajeev;4.0;29;Unknown;;;Jaipur;5
Western India Transport;3.3;29;Private;;;Mumbai;7
Rebel Foods;3.5;29;Unknown;9;3000;Mumbai;4
Tranxit Technology Solut;4.7;29;Unknown;;;Chennai;0
TEXILA AMERICAN UNIVERSI;3.7;29;Private;10;350;Georgetown;3
CEDP SKiLL INSTITUTE;2.2;29;Unknown;;;Navi Mumbai;1
Saipem Contracting;4.6;29;Unknown;;;Mumbai;1
Lansum Properties;4.3;29;Unknown;;;Visakhapatnam;0
Sintex Industries Limite;4.3;29;Unknown;;;Pune;6
Galacon Infrastructure a;2.7;29;Private;;126;Hyderabad;3
Active Automobiles Tata;4.5;29;Unknown;;;Ahmedabad;7
Zahran Operation & Maint;4.0;29;Private;;126;Riyadh;3
TSMC;4.0;29;Private;33;10000;Hsinchu;13
Lead Consultancy & Engin;3.4;29;Unknown;;;Kolkata;9
Irrigation Department Ka;4.6;29;Unknown;;;Kadiri;13
Ispat Industries;4.0;28;Unknown;;;Kolkata;3
iYogi;2.6;28;Private;13;;Gurgaon;2
Reliance Tech Services;3.5;28;Private;;3000;Navi Mumbai;4
School of Scholars;4.5;28;Unknown;;;Wardha;3
Payoda Technologies;3.8;28;Private;15;750;Coimbatore;1
EESoft Technologies;4.4;28;Private;;26;Hyderabad;1
Information Dynamics;3.5;28;Private;;350;Cairo;1
Teacher Training Institu;4.0;28;Unknown;;;Mumbai;15
Bnp Paribas Securities;4.1;28;Unknown;;;Mumbai;1
Informatica Business Sol;4.3;28;Unknown;;;Chennai;0
Redknee;3.8;28;Private;;350;Kolkata;4
Mobileum;3.5;28;Private;20;126;Santa Clara;1
Automotive Axles;4.3;28;Public;;;Pune;1
Amira Pure Foods;3.4;28;Private;;350;Dubai;4
Goodrich Maritime;4.2;28;Unknown;;;Kolkata;6
Amicorp Management India;3.0;28;Unknown;;;Bengaluru;0
RPL TELECOM;4.0;28;Private;;126;Oakland;16
Atum It Services;3.4;28;Private;;;Hyderabad;0
Supreme Petrochem;4.4;28;Public;;350;Mumbai;1
Bannari Amman Sugars;4.3;28;Public;;;Sathyamangalam;5
Sai Construction;3.8;28;Unknown;;;Vadodara;8
SS Engineers;4.1;28;Unknown;;;Pune;8
S K International;3.6;28;Private;;750;Mumbai;8
Infineon Technologies;3.9;28;Private;21;7500;Chennai;1
Erevmax Technologies;2.9;28;Unknown;;;Colonia;0
V2soft;2.6;28;Private;16;126;Bloomfield;1
TTSL;4.1;28;Private;;3000;Madurai;13
Fichtner Consulting Engi;3.5;28;Unknown;;;Stuttgart;2
Luminous Infoways;3.0;28;Private;;350;Bhubaneswar;3
Provab Technosoft;2.8;28;Private;;350;Bangalore;0
Appin Technology Lab;3.6;28;Private;;126;New Delhi;6
Chopra Industries;3.5;28;Private;;750;Ludhiana;6
Eon Technologies;4.4;28;Unknown;;;Hornchurch;2
Acclaris Business Soluti;4.3;28;Private;;750;Tampa,FL;1
NextGenVision Technology;4.5;28;Unknown;;;Noida;1
Lahmeyer International;4.0;28;Private;;350;New Delhi;4
Comnet Solutions;3.4;28;Private;;350;Andheri;5
Global Analytics;3.8;28;Private;17;350;San Diego;3
Sandesh;3.7;28;Public;;350;Ahmedabad;2
UBM;3.5;28;Private;;;Mumbai;2
Oxford Public School;3.8;28;Unknown;;;Mumbai;10
Transparency Market Rese;3.0;28;Private;9;126;Albany,NY;2
Droom;3.2;28;Private;6;350;Delhi;1
RPP Infra Projects;3.8;28;Public;;;Jodhpur;8
Cable Corporation Of Ind;3.3;28;Unknown;;350;Mumbai;2
Brainbees Solutions;4.0;28;Private;;;Pune;6
Worldpay;4.2;28;Unknown;;;London;0
National Bank of Abu Dha;4.2;28;Unknown;;;Dubai;1
Dietech India;4.5;28;Private;;350;Chennai;1
Aglowmed;3.5;28;Unknown;;;Mumbai;7
Hitachi Solutions;3.8;28;Unknown;;;Tokyo;3
Avantha Business Solutio;4.1;28;Unknown;;;Gurgaon;0
J & M Technologies;2.8;28;Unknown;;;Hyderabad;10
Icertis;3.6;28;Private;;;Seattle;0
Ambience Group;2.8;28;Private;;26;New Delhi;4
NICT;3.7;28;Unknown;;;Pune;4
AVA Merchandising Soluti;2.6;28;Private;;350;New Delhi;6
Startrek Logistics;4.2;28;Private;;3000;Bangalore;12
Kotak Mahindra Asset Man;3.9;28;Unknown;;;Mumbai;12
SIMPLEX ENGINEERING & FO;4.0;28;Unknown;;;Pune;4
Delval Flow Controls;4.1;28;Private;;126;Pune;4
Reed Elsevier;4.1;28;Unknown;;;Gurgaon;2
Getronics;4.0;28;Private;21;10000;Zoetermeer;4
Mahindra Gujarat Tractor;4.3;28;Unknown;;;Nagpur;4
SS Group;4.0;28;Unknown;;;Bhubaneswar;5
Multimetals;3.2;28;Public;;;Mumbai;2
Avantel;4.0;28;Public;;126;Hyderabad;2
Starsun Technology;4.4;28;Unknown;;;Pune;0
Isgec Hitachi Zosen;3.7;28;Private;8;;Mumbai;3
DSM;4.5;28;Private;118;10000;Heerlen,Netherlands;8
Currie & Brown;4.1;28;Private;144;3000;London;5
Network Intelligence Ind;3.7;28;Private;19;126;Mumbai;2
GCL;3.7;28;Private;;26;Newtown,PA (US);1
Microchip Technology;4.3;28;Private;31;7500;Chandler;0
Gyansys Infotech;3.0;28;Unknown;;;Carmel;1
Modern Steels;3.8;28;Public;47;;Chandigarh;4
Gujarat State Petroleum;4.0;28;Unknown;;;Gandhinagar;0
Coastal Energen;4.0;28;Unknown;;;Chennai;0
Sakthi Sugars;4.2;28;Public;;;Coimbatore;2
Rakuten;2.8;28;Private;23;10000;Noida;0
Envision Enterprise Solu;2.9;28;Private;;126;Hyderabad;0
Magicrete Building Solut;4.4;28;Unknown;;;Surat;6
Impulse Marketing;3.3;28;Private;;;New Delhi;8
Cex Webuy Entertainment;3.6;28;Private;;126;Mumbai;7
PSG College of Technolog;4.4;28;Private;;350;Coimbatore;0
METAL FORM;3.9;28;Private;;26;Chennai;0
Pind Balluchi;4.3;28;Private;;750;Delhi;5
Sunshine;3.9;28;Private;;26;Goa;8
Classic Auto Tubes;4.2;28;Private;;;Chennai;3
DataMetica;3.6;28;Private;7;;Pune;0
Footprints Collateral Se;4.0;28;Unknown;;;Bengaluru;2
Tv9;4.1;28;Private;;;Bangalore;3
French Motor Car Co.;3.9;28;Public;;;Kolkata;2
DWD Pharmaceuticals;3.4;28;Unknown;;;Chennai;6
Mastech Digital;4.2;28;Private;;3000;Greater Noida;0
Canam Consultants;3.7;28;Private;;126;Chandigarh;9
Old World Hospitality;4.4;28;Private;;3000;New Delhi;0
Link Intime;3.1;28;Private;;126;Mumbai;0
Navkar Corporation;4.1;28;Public;;350;Mumbai;3
Ashok;4.4;28;Unknown;;;Chennai;12
Quality Services & Solut;3.6;28;Private;;26;Rapid City;11
Covalense Technologies;3.4;28;Private;14;350;Hyderabad;0
Swamina International;3.9;28;Unknown;;;Navi Mumbai;4
Unicom Infotel;4.1;28;Private;;350;Mumbai;8
EVOSYS;4.0;28;Private;;750;Ahmedabad;2
Ebco;4.2;28;Private;57;750;Mumbai;6
Guru Teg Bahadur Hospita;4.2;28;Private;;3000;New Delhi;2
Worldwide Oilfield Machi;4.0;28;Unknown;;;Houston;1
Grb Dairy Foods;4.0;28;Unknown;;;Bengaluru;6
Hartron Communication;3.7;28;Public;;;Faridabad;0
Infocare Digital System;3.9;28;Unknown;;;Kanpur;7
Rama group;3.8;28;Private;27;350;Pune;9
Element14;4.0;28;Private;13;3000;Bangalore;3
BrahMos Aerospace;4.5;28;Private;;750;New Delhi;2
Precision Tech Enterpris;3.3;28;Unknown;;;Faridabad;6
Ayurvet;3.7;28;Private;28;750;New Delhi;8
Air India Express;4.1;28;Unknown;;;Kozhikode;5
Affinity Global Advertis;3.5;28;Unknown;;;Pune;0
Gulfspic;3.7;28;Unknown;;;Mumbai;2
Technician;4.0;28;Unknown;;26;Chennai;12
Seneca Global IT Service;4.1;28;Unknown;;;Hyderabad;0
Cement Corporation of In;3.9;28;Unknown;;;Dehradun;4
Rhenus Logistics;3.6;28;Private;;;Mumbai;7
Hotel Sea Princess;4.0;28;Unknown;;;Mumbai;0
Mahalaxmi Construction;3.6;28;Unknown;;;Nagpur;8
Esolz Technologies;4.0;28;Private;;126;Kolkata;0
Hemmo Pharmaceuticals;4.2;28;Private;;126;Mumbai;1
Allana Group of Companie;3.5;28;Unknown;;;Ghaziabad;8
KSRTC;4.1;28;Unknown;;;Bengaluru;8
Shri Ram New Horizons;3.5;28;Private;;126;Delhi;8
Elgi Rubber Company;3.8;28;Public;14;;Coimbatore;5
Godavari Biorefineries;3.6;28;Unknown;11;26;Mumbai;5
Indian Drugs and Pharmac;3.5;28;Private;;;New Delhi,India;6
Rajasthan Electronics &;3.9;28;Private;55;;IN;5
Appworx Infotech;4.1;28;Private;8;;Bangalore;0
NIPA International;3.5;28;Unknown;;;Gurgaon;0
West Coast Pharmaceutica;3.5;28;Private;;;Kolhapur;0
L&T Sargent & Lundy;3.8;28;Private;;750;Vadodara;5
BARSYL;3.6;28;Private;;126;Secunderabad;7
Rapid Global Business So;3.4;28;Unknown;;;Bengaluru;0
Masters Management Consu;4.0;28;Unknown;;;Hyderabad;8
Surat Municipal Corporat;4.4;28;Unknown;;;Surat;0
Coastal Marine Construct;3.2;28;Private;;350;Mumbai;5
Lakshmi Ring Travellers;3.9;28;Private;;750;Coimbatore;0
Great Eastern Trading Co;3.6;28;Private;70;;Kolkata;8
Sogex Oman India;3.8;28;Private;8;350;Daman;5
National Institute of Ph;3.9;28;Private;;126;Mohali;5
ARC;4.0;28;Private;;350;Costa Mesa;15
Bahria Town;4.7;28;Private;;10000;Dubai;2
Thinksynq Solutions;3.5;28;Private;13;;Chennai;0
Merlin Group;3.6;28;Unknown;;;Santiago;0
Jaguar Overseas;3.9;28;Private;;;Delhi;2
Tudip Technologies;3.4;28;Private;10;126;Pune;0
Avalon Cosmetics;3.5;28;Private;;;Mumbai;4
Administrative College o;3.6;28;Private;64;350;Hyderabad;4
Paras Spices;4.2;28;Unknown;;;Gurgaon;1
D Vois Ssv Broadband;4.1;28;Unknown;;;Mumbai;3
AMS Comtel BPMS;3.7;28;Unknown;;;Noida;1
Urbanpro;3.7;28;Unknown;9;126;Bangalore;5
Dr. Amin Controllers;3.4;28;Unknown;;;Chennai;9
PPS International;3.1;28;Private;;;Surat;4
Safechem Industries;3.1;28;Unknown;;;Kolkata;1
PTCL;4.6;28;Unknown;;;Karachi;4
Isha Foundation;4.4;28;Private;;26;Coimbatore;3
Healthians;2.6;28;Unknown;7;350;Gurgaon;2
AL FUTTAIM CARILLION;4.3;28;Private;;7500;Dubai;2
ITELLIGENCE INDIA SOFTWA;3.8;28;Unknown;;;Thane;1
Waaree Group;3.3;28;Unknown;;;Nagpur;7
Net2source;2.5;28;Private;;350;Watchung,NJ;0
Analytix Business Soluti;4.0;28;Private;;26;Woburn,MA;0
Velex Logistics;3.2;28;Private;;126;Mission;9
Radio City;4.4;28;Private;;;New York;11
All India Reporter;3.1;28;Private;;;Mumbai;3
Manohar Chowdhry & Assoc;3.8;28;Unknown;;;Mumbai;6
Ccd;3.8;28;Unknown;;26;Delhi NCR;9
Kwang Sung Brake;3.7;28;Unknown;;;Thiruvallur;0
Minda Automotive Solutio;3.6;28;Unknown;;;Chennai;8
GSC Glass;3.9;28;Unknown;;;Delhi NCR;1
ATMA;4.3;28;Private;;;Bangalore;14
Salasar Techno Engineeri;3.9;28;Public;;;Delhi;2
FIL Industries;3.4;28;Unknown;;;Jammu;2
Manya - The Princeton Re;3.4;28;Unknown;;750;Kolkata;7
Tiger Logistics India;4.1;28;Public;;;Pune;6
Misumi;3.2;28;Private;;350;Pune;2
Benzo Chem Industries;4.3;28;Unknown;;;Malkapur;3
Skyline Engineering Cont;3.7;28;Unknown;;26;New Delhi;2
Desai Electronics;2.9;28;Private;;126;Pune;0
Rainbow School;3.1;28;Private;;126;Kahuku,HI (US);6
Oasis Resource Managemen;3.7;28;Unknown;;;Mumbai;0
Samkrg Pistons and Rings;3.7;28;Private;;3000;HyderÄbÄd;2
Velocity Software Soluti;3.0;28;Private;;26;New Delhi;7
Innovis Telecom Services;4.4;28;Private;11;26;Gurgaon;1
Autosense;3.4;28;Private;4;;Chennai;1
East African (I) Oversea;3.5;28;Private;;350;New Delhi;2
Timezone Entertainment;4.5;28;Unknown;;;Thane;6
Shirodkar Preci Comp;3.7;28;Unknown;;;Pimpri-Chinchwad;0
Shubham Flexible Packagi;4.2;28;Unknown;;;Faridabad;0
SKM Animal Feeds and Foo;4.2;28;Unknown;;;Tiruchirappalli;6
Khaitan Chemicals & Fert;4.0;28;Private;;;Alwar;4
RCL;3.9;28;Private;;126;Chennai;5
Kumar Elastomech;4.2;28;Private;;;Mumbai;2
Boxco Logistics India;4.1;28;Private;7;7500;New Delhi;7
Eidiko Systems Integrato;3.1;28;Private;;350;Hyderabad;0
Shyam Group;3.5;28;Private;;350;Allahabad;7
Premier Carworld;3.6;28;Private;10;;Kolkata;0
Randox Laboratories;3.6;28;Unknown;;;Bengaluru;5
Veeline Media;3.1;28;Unknown;;;Mumbai;2
Kelvion;3.4;28;Unknown;;;Bochum;5
MEDICO Healthcare Servic;2.8;28;Unknown;;;Hyderabad;0
Guhring Inc.;4.5;28;Private;42;350;Brookfield;4
Rohilkhand Medical Colle;4.3;28;Private;;750;Bareilly;2
Advance Metering Technol;3.3;28;Public;;350;New Delhi;0
Bodycare International;4.2;28;Private;;;Delhi;7
Jubilant Motorworks;3.9;28;Unknown;;;Mumbai;3
IndiaLends;3.0;28;Unknown;6;350;Delhi;1
Jumbo Bags;4.2;28;Public;;;Chennai;3
Everest Spices;4.1;28;Private;;3000;Mumbai;5
UBS Cognizant;3.5;28;Unknown;;;Bengaluru;2
Mody University Science;3.7;28;Unknown;;;Jaipur;5
MPEB;3.9;28;Unknown;;;Jabalpur;11
Metito Overseas;4.1;28;Unknown;;;Doha;5
Ramada Caravela Beach Re;3.8;28;Unknown;;;Goa;0
SRS Cinemas;4.0;28;Unknown;;;Mumbai;10
Chesa Dental Care Servic;3.5;28;Unknown;;;Ranchi;5
Pci Analytics;3.2;28;Unknown;;;Hyderabad;3
Metro Heart Institute Wi;4.3;28;Unknown;;;New Delhi;3
The Chocolate Room;3.8;28;Private;;750;Ahmedabad;8
Salwan Public School;4.5;28;Unknown;;;Greater Noida;3
Lakhani Footwear;4.5;28;Private;;;Faridabad;3
Shalimar Hatcheries;3.9;28;Unknown;;;Kolkata;5
Choice Chemtech;2.4;28;Unknown;;;Noida;0
Ratnadeep Super Market;4.2;28;Private;25;;Bengaluru;1
Curatio Healthcare;4.3;28;Unknown;;;Hyderabad;8
Karvy Insurance Reposito;3.1;28;Private;9;;Hyderabad;0
NTPC BHEL Power Projects;4.0;28;Private;;126;Delhi;4
Namdhari Seeds;4.1;28;Private;;3000;Bangalore;5
FSL;3.8;28;Private;;126;Accra;11
AGFA HEALTHCARE INDIA;4.4;28;Unknown;;;Chennai;6
NCMSL;4.0;28;Private;;3000;Mumbai;15
Maharishi Ayurveda Produ;3.5;28;Unknown;;;New Delhi;6
Mitsubishi Hitachi Power;4.0;28;Private;;750;Savannah;5
Ex Servicemen S Multipur;4.3;28;Unknown;;;Kolkata;11
Standard Radiators;3.7;28;Private;58;350;Gujarat;0
E-con Packaging;3.3;28;Private;;;Mumbai;0
Gina Engineering Company;3.8;28;Unknown;;;Shivamogga;1
Esennar Transformers;3.9;28;Unknown;;;Hyderabad;0
Jain Amar Clothing;3.3;28;Unknown;;;Meerut;6
Ecogreen Energy;3.8;28;Private;9;;Gurgaon;3
NMC Hospital;3.8;28;Unknown;;;Nagpur;5
Dangee Dums;3.0;28;Public;;;Ahmedabad;0
Margdarshak Financial Se;4.2;28;Private;13;126;Lucknow;13
Inventiv International P;3.9;28;Unknown;;;Mumbai;3
Gallantt Ispat;3.8;28;Public;;;Lucknow;1
Maire Tecnimont;4.4;28;Unknown;;;Mumbai;0
Nirala india;4.2;28;Private;;750;New Delhi;0
Dsm Shared Services Indi;4.3;28;Unknown;;;Hyderabad;0
Simmonds Marshall;4.0;28;Public;;350;Mumbai;1
KMC Electronics;3.5;28;Unknown;;;Haridwar;4
Om Trans Logistics;3.7;28;Unknown;;;Kolkata;4
Ramsis Engineering;3.7;28;Unknown;;;Kochi;0
NSHM Knowledge Campus;3.3;28;Private;;350;Kolkata;1
IIM Ahmedabad;4.0;28;Private;59;350;Ahmadabad,India;6
Sephora;4.5;28;Unknown;;;Hyderabad;7
Hvac;4.1;28;Private;;26;Deer Park;8
Puratos Food Ingredients;3.6;28;Unknown;;;Surat;4
OrigoFinance;4.1;28;Unknown;;;Vijayawada;10
Optimal Transnational;3.5;28;Private;9;350;Melbourne;0
Go Digit General Insuran;3.1;28;Unknown;;;Chennai;7
Gopal Consumer World;4.0;28;Unknown;;;Howrah;9
Jarvis Technology and St;3.9;28;Unknown;;;Surat;10
Rothe Erde India;4.2;28;Unknown;;;Hyderabad;2
Bhavna Software;2.5;28;Unknown;;;Mumbai;1
Ledure Lighting;3.5;28;Unknown;;;Jaipur;5
DP Chocolates;4.0;28;Unknown;;;Baddi;0
Cranedge;3.7;28;Private;;350;Pune;6
SnapBizz Cloudtech;3.9;28;Unknown;;;Pune;9
CL MICROMED;2.2;28;Unknown;;;Jaipur;4
Ram Kripal Singh Constru;4.3;28;Unknown;;;Giridih;3
Manthan International Sc;4.1;28;Unknown;;;Mumbai;2
Coolwinks Technologies;3.6;28;Private;10;;Bangalore;0
Prasar Bharati;4.0;28;Private;;10000;New Delhi;13
Liva Pharmaceuticals;3.7;28;Unknown;;;Ahmedabad;0
IRM Offshore & Marine En;3.7;28;Unknown;;;Ahmedabad;2
Nif;4.4;28;Private;13;126;Kanpur;9
Corrival Corporate Consu;4.1;28;Unknown;;;Kolkata;9
Parnika Commercial & Est;4.1;28;Unknown;;;Jamnagar;4
Qualsquad Infotech;3.1;28;Private;5;;Kolkata;0
Shri Ram Murti Smarak Co;3.4;28;Unknown;;;Lucknow;3
TII India;4.1;28;Unknown;;;Rewari;4
Contract Resources Petro;4.1;28;Unknown;;;Mangaluru;1
Fedders Electric & Engin;3.5;28;Public;124;3000;Liberty;4
Mudrakshi Hytech India;3.2;28;Private;;;West Bengal;8
Sankalp Engineering & Se;3.9;28;Private;;;Mysuru;7
Keshava Reddy School;4.4;28;Unknown;;;Bengaluru;5
Utl Upsinverter.com;3.8;28;Unknown;;;New Delhi;2
SmartSchool Education;3.7;28;Private;;350;New Delhi;2
Micro Housing Finance Co;3.9;28;Private;12;350;Mumbai;6
Zifo RnD Solutions;4.4;28;Private;;350;Chennai;0
Shankaranarayana Constru;4.3;28;Private;20;;Bangalore;2
Manas Agro Industries An;4.0;28;Unknown;;;New Delhi;1
Rubber King Tyres;3.4;28;Private;32;;Ahmedabad;0
EMRI(108);4.0;28;Unknown;;;Ahmedabad;7
Vignan Global Gen School;3.2;28;Unknown;;;Ongole;4
Sabkadentist;3.4;28;Unknown;10;;Mumbai;1
Radius Corporate Solutio;4.0;28;Private;;750;Boston;2
Pullman & Novotel;4.3;28;Unknown;;;New Delhi;1
BRCM College of Engineer;3.5;28;Unknown;;;Bhiwani;3
Crp Risk Management;2.3;28;Private;;;Mumbai;7
SHRI LAKSHMI STEEL SUPPL;4.0;28;Private;;126;Bengaluru;6
Jharkhand State Liveliho;4.0;28;Unknown;;;Ranchi;4
ICRI;1.7;28;Private;;350;New Delhi;4
IQ City Medical College;3.3;28;Unknown;;;Durgapur;0
Enviro Infra Engineers;3.5;28;Private;;7500;Cambridge;6
Oloop Technology Solutio;4.0;28;Unknown;;;Bengaluru;1
Lubrizol Advanced Materi;4.5;28;Private;;7500;Dubai;3
Anywhere;4.4;28;Private;;126;Prague;11
Zalaris;3.3;28;Unknown;;;Chennai;0
Vishwa Bharati Public Sc;3.4;28;Unknown;;;Hyderabad;7
Netafim Agricultural Fin;3.9;28;Private;;126;Mumbai;8
The Gujarat Cancer & Res;4.2;28;Unknown;;;Ahmedabad;0
Eastern Coalfields;4.5;28;Unknown;;;Asansol;3
Diamond Cement;4.0;28;Private;;;Indore;0
STT Global Data Centres;4.0;28;Unknown;;;Chennai;4
Fairfield  Marriott , Ba;4.5;28;Unknown;;;Chennai;11
Amogha Polymers;4.2;28;Unknown;;;Moradabad;7
Ram Ratna Electricals;3.8;28;Private;31;;Hyderabad;12
CHC Healthcare;3.3;28;Unknown;;;New Delhi;3
SgurrEnergy;4.4;28;Private;13;126;Pune;0
Neuvera Wellness Venture;1.2;28;Unknown;;;Mumbai;0
Shree Swaminarayan Guruk;4.2;28;Unknown;;;Surat;9
Bluebells Technosolution;4.1;28;Unknown;;;Jaipur;6
Abuhatim Co L.l.c;4.2;28;Private;29;7500;Muscat;0
First Quantum Minerals;4.4;28;Private;37;10000;Vancouver;0
NetTantra Technologies;4.3;28;Private;;26;Santa Clara;0
Al Asab General Transpor;3.3;28;Unknown;;;Abu Dhabi;0
Shri Mata Vaishno Devi N;3.7;28;Private;;350;Kolkata;0
GAO Tek;2.4;28;Unknown;;;Hyderabad;5
Foresee Immigration Cons;4.2;28;Unknown;;;Ahmedabad;2
Oyo Group Of Hotels;3.2;28;Unknown;;;Bengaluru;9
Mahesh;4.0;28;Unknown;;;Chennai;14
Apollo Health Street;4.5;27;Private;37;10000;Hyderabad,India;1
Taj Bengal;4.5;27;Unknown;;;Bengaluru;0
A-1 Technology (Californ;3.6;27;Private;;26;San;4
Spectrum;3.7;27;Private;44;10000;Lakewood;7
Ask Me;2.9;27;Private;;350;Miami;7
Protiviti Consulting;3.2;27;Unknown;;;Mumbai;1
Neo Structo Construction;4.4;27;Private;;750;Hyderabad;2
Le Royal Meridien;4.0;27;Private;;126;Shanghai;2
NAPC;3.9;27;Private;;26;Waltham;1
Futures First info Servi;3.6;27;Private;16;350;Gurgaon;5
Autodesk;4.1;27;Private;38;7500;San Rafael,CA,United States;3
Access Infotech;3.0;27;Unknown;;;Chandigarh;7
MTS Telecom;4.7;27;Unknown;;;Ahmedabad;11
ICICI HFC;3.2;27;Unknown;;;Hyderabad;11
Everest Kanto Cylinder;3.7;27;Public;;;Mumbai;1
Seagate;3.0;27;Private;41;10000;Pune;0
Patel Roadways;3.9;27;Unknown;;;Kolkata;13
S&R Associates;3.8;27;Private;;26;New Delhi;8
Agnice Fire Protection;4.2;27;Private;;750;Chennai;6
Horizon Architects;3.5;27;Private;;3000;Rotterdam;6
STP;4.1;27;Private;;26;Alfortville;9
Virgo Valves & Controls;4.5;27;Unknown;;;Mumbai;2
Saint-Gobain Abrasives;4.2;27;Private;355;10000;Worcester;6
Textron;3.8;27;Unknown;;;Providence;2
Power Max (I);3.4;27;Unknown;;;Kalyan-Dombivali;4
White Crow Research;3.5;27;Private;;350;London;0
Fintellix Solutions;3.7;27;Private;;350;Bangalore;0
Globarena Technologies;3.4;27;Private;;350;Hyderabad;2
Replicon Software;3.4;27;Private;;126;Calgary;0
Dlf Home Developers;4.6;27;Unknown;;;Hyderabad;4
Apeejay Surrendra Group;4.3;27;Private;;7500;Kolkata;6
Unisoft Infotech;3.8;27;Private;;350;Bangalore;2
3Pillar Global;3.5;27;Private;14;750;Fairfax;0
ACPL Systems;3.8;27;Private;;350;Delhi;8
Popular Mega Motors;4.3;27;Unknown;;;Alappuzha;7
Lexmark International;3.7;27;Private;29;10000;Lexington;1
GE Digital;3.1;27;Private;8;3000;San Ramon;1
Origin Learning Solution;3.6;27;Private;;126;Chennai;1
Pubmatic;4.4;27;Private;14;750;Palo Alto,CA,USA;0
Dada Motors;4.5;27;Unknown;;;Khanna;2
SK Infotech;3.4;27;Private;;26;City Of Industry,CA;9
Government Hospital;4.1;27;Unknown;;;Chennai;9
Evolutionary Systems;3.6;27;Unknown;;26;Dubai;1
Priya Softweb Solutions;3.7;27;Private;13;;Ahmedabad;0
Golden Gate Properties;2.6;27;Private;;750;Bangalore;0
Nature S Essence;4.0;27;Private;;750;New Delhi;13
Azuga Telematics;3.1;27;Private;;126;San Jose;0
Popular Motor Corporatio;3.6;27;Unknown;;;Ahmedabad;5
Multi Organics;3.4;27;Unknown;;;Chandrapur;0
Accord Fintech;3.5;27;Private;;350;Mumbai;3
Eastman Industries;3.8;27;Private;;750;Delhi;4
Malwa Industries;3.9;27;Private;;3000;Surat;1
Hopscotch;3.8;27;Private;9;350;Mumbai;0
Vector India;4.6;27;Private;;350;Chandigarh;3
Open Destinations;3.3;27;Private;;26;London;0
Skylark Group;3.6;27;Unknown;;;Amravati;6
National Public School;3.7;27;Unknown;;;Hyderabad;6
Multilink;3.8;27;Private;;26;Elyria;8
IG Petrochemicals;3.5;27;Public;28;350;Mumbai;3
Cicon Engineers;4.4;27;Unknown;;;Guwahati;1
FCB Ulka Advertising;3.3;27;Private;;750;Mumbai;2
Libsys (Illinois);2.7;27;Private;;126;Naperville;2
Utkal Automobiles;4.3;27;Unknown;;;Jamshedpur;3
Amartex Industries;2.8;27;Unknown;;;Solan;4
Batchmaster Software;3.8;27;Private;;350;Indore;0
Yepme.com;2.6;27;Private;9;26;Gurgaon;3
Cloudgate Systems;4.3;27;Unknown;;;Mumbai;0
Sanjay Maintenance Servi;4.1;27;Unknown;;;Ahmedabad;7
Umedica Laboratories;3.8;27;Private;;350;Mumbai;2
GTS;3.8;27;Private;22;126;Suwanee;10
Rathi Transpower;3.7;27;Unknown;;;Mumbai;2
Efs;4.0;27;Private;;;Aubervilliers;4
CSSI;3.7;27;Private;30;126;Washington;2
Veritas Software Technol;4.0;27;Unknown;;;Pune;0
Shangri-la Hotels & Reso;4.4;27;Unknown;;;Dubai;3
Syska Gadget Secure;3.9;27;Unknown;;;Pune;15
Gaurav International;4.2;27;Unknown;;;Hyderabad;4
SRM Techsol;3.0;27;Unknown;;;Lucknow;0
National Council of Educ;4.2;27;Private;;350;Ajmer;2
Kun Hyundai;3.7;27;Unknown;;;Hyderabad;3
Today Homes & Infrastruc;3.7;27;Private;;350;New Delhi;4
Grundfos Pumps;4.3;27;Private;;750;Fresno;7
Pace;4.0;27;Private;38;126;Plymouth;10
Pioneer Industries;3.0;27;Unknown;;;Jalandhar;4
R K Swamy BBDO;4.2;27;Private;;750;Chennai;4
Aequor Information Techn;2.8;27;Unknown;;;Piscataway;0
Pravin Masalewale;4.3;27;Private;;750;Pune;7
Syncom Formulations Indi;3.7;27;Public;;350;Mumbai;1
Calcom Vision;2.9;27;Public;;;Noida;1
Vikas;4.0;27;Unknown;;;Visakhapatnam;10
Accord;3.3;27;Private;;26;Pune;7
KITCO;4.0;27;Unknown;;;Kochi;1
Expo Freight;4.3;27;Unknown;;;India;7
Web Date Systems;3.9;27;Private;;750;Patna;5
Saraswat Infotech;3.6;27;Private;;126;Navi Mumbai;3
Gontermann Peipers;3.9;27;Public;;750;Calcutta;0
Svizera Healthcare;2.5;27;Private;;;Mumbai;12
Rational Business Corpor;3.6;27;Unknown;;;New Delhi;4
Jay Switches;4.0;27;Unknown;;;Neemrana;1
Bharat Diamond Bourse;4.0;27;Unknown;;;New Delhi;0
KESORAM CEMENT;4.3;27;Unknown;;;Bengaluru;6
CORE Education & Technol;4.2;27;Public;14;126;Mumbai;9
Menon Pistons;3.7;27;Public;;;Pune;4
Dhii Health Tech;4.0;27;Private;;26;Mumbai;7
Arowana Consulting;1.7;27;Private;14;350;Bangalore;1
Better Communications;2.7;27;Private;;350;Mumbai;2
Goyal Brothers Prakashan;3.2;27;Unknown;;26;Lucknow;3
Ministry of Finance - In;4.1;27;Private;;10000;New Delhi;3
Syrex Info Services;4.0;27;Private;;;New Delhi;4
YAPP INDIA Automotive Sy;4.0;27;Unknown;;;Pune;1
Telee Care Network;4.2;27;Private;;750;HyderÄbÄd;13
Enterprise System Soluti;4.0;27;Private;;26;Kirkland;0
RIMS;3.1;27;Unknown;;;Mumbai;9
Inowell Technologies;4.3;27;Private;13;;Nagar;0
Calcutta High Court;4.4;27;Unknown;;;Kolkata;0
Datamark Prodapt Bpo;3.9;27;Private;;126;Tualatin;1
Knk Nexgen Construction;3.4;27;Unknown;;;Bhubaneswar;0
G.R. Engineering;4.2;27;Private;;126;Mumbai;7
CampusEAI Consortium;1.7;27;Private;;126;Cleveland;0
HDFC Home Loan;4.0;27;Unknown;;;Mumbai;17
Sound Castings;4.3;27;Unknown;;;Chennai;0
SPM Instrument;4.3;27;Private;;350;Chennai;2
Sarvatra Technologies;4.3;27;Private;;26;Pune;5
Al Maya Group;3.7;27;Private;38;3000;Dubai;1
Harsh Constructions;3.6;27;Private;;;Gangotri;6
Metal Crafts Constructor;3.9;27;Unknown;;;Surat;1
Grasim Bhiwani Textiles;4.5;27;Unknown;;;Hyderabad;1
Madame;4.1;27;Private;;126;Kolkata;9
MKU;3.8;27;Unknown;;;Kanpur;1
Goel Ganga Developments;4.4;27;Unknown;;;Pune;0
Lighthouse Info Systems;3.6;27;Unknown;;;Nagpur;2
Samsung SDS;3.9;27;Private;;10000;Seoul;7
Satguru Holidays;3.2;27;Unknown;;;Gurgaon;4
Prem Industries;3.9;27;Unknown;;;Ghaziabad;6
Great Lakes Institute of;4.3;27;Private;;;Chennai;3
BCITS;3.7;27;Unknown;;;Jaipur;5
CEC;4.5;27;Private;;26;Paris;6
River Engineering;3.7;27;Private;;350;Greater Noida;1
Impressico Business Solu;3.8;27;Private;;126;Noida;0
Aban Offshore;4.3;27;Public;;3000;Chennai;1
Thinkapps Solutions;3.8;27;Unknown;;;San;4
Aruba Networks;4.4;27;Private;18;3000;Sunnyvale,CA,United States;0
Shri Dinesh Mills;3.5;27;Public;;;Vadodara;1
Council of Scientific an;4.5;27;Unknown;;;Mumbai;9
Sabyasachi Couture;3.4;27;Private;;750;Kolkata;0
Bangalore Metro Rail Cor;4.1;27;Unknown;;;Bengaluru;0
SVG Media;3.6;27;Private;14;;Gurgaon;2
Mahindra Heavy Engines;4.1;27;Private;;;Mumbai;0
Duroflex;3.8;27;Unknown;;;Madurai;5
Mittal And Co;3.2;27;Private;;;Delhi;7
United Drilling Tools;3.7;27;Public;;;Noida;0
Interocean Shipping Indi;3.3;27;Private;;3000;New Delhi;6
Dhfl Vysya Housing Finan;4.0;27;Unknown;;;Mumbai;18
Grid Infocom;2.4;27;Unknown;;;Gurgaon;0
Oerlikon Balzers Coating;4.1;27;Unknown;;;Ahmedabad;7
Global Energy India;3.7;27;Private;26;350;Cincinnati;3
KDK Software;3.2;27;Private;;350;Jaipur;2
Ezetap Mobile Solutions;4.1;27;Unknown;;;Bengaluru;4
Karnataka Power Corporat;4.5;27;Unknown;;;Bengaluru;3
Omega Hospitals;4.6;27;Unknown;;;Mangaluru;5
Asset Reconstruction Com;3.7;27;Unknown;;;Bhopal;7
Ankit Kumar;3.7;27;Unknown;;;Kanpur;6
WaveCrest;4.5;27;Private;;126;London;0
Saraca Laboratories;4.4;27;Unknown;;;Hyderabad;3
Airmech WLL;4.0;27;Private;;350;Manama;4
Omnex;4.1;27;Private;;;Ann Arbor;3
The Westin Hyderabad Min;4.4;27;Unknown;;;Mumbai;0
OEC Records Management;4.0;27;Unknown;;;Kolkata;7
Dew Solutions;4.1;27;Private;;126;Gurgaon;2
MV Omni Projects India;3.7;27;Private;18;;Ahmedabad;3
Marcura India;3.2;27;Unknown;;;Dubai;0
Aarvee Denims & Exports;4.3;27;Private;;3000;Ahmedabad;0
Rays Power Experts;3.8;27;Private;;26;New Delhi;2
Inductus Consultants;2.9;27;Unknown;;;Gwalior;6
Relay Express;3.9;27;Private;7;;Ahmedabad;9
OM SOFTWARE;3.2;27;Private;16;350;Bhopal;5
India Garage;3.7;27;Unknown;;;Chennai;1
Fleming Laboratories;3.8;27;Unknown;;;Medak;0
Plant Lipids;3.9;27;Unknown;;;Hyderabad;2
Accurex Biomedical;3.8;27;Unknown;;;Hyderabad;11
Wish Net;3.2;27;Private;;;Kolkata;0
Aryan International;3.3;27;Private;;26;Noida;6
Auditime Quality Managem;3.5;27;Private;;;Mumbai;1
Garware Bestretch;4.4;27;Private;;350;Pune;0
PHD Chamber of Commerce;3.3;27;Private;;3000;New Delhi;3
Ascentrik Research Servi;1.7;27;Private;10;126;Pune;0
Terminal Technologies (i;4.5;27;Unknown;;;Pune;2
K-Electric;4.4;27;Private;;7500;Chennai;1
Balaji Amines;4.2;27;Public;;;Hyderabad;0
Radisson Blu Resort and;3.9;27;Unknown;;;Kolkata;4
Clavax Technologies;3.4;27;Private;;126;San Jose;0
Chemline India;3.1;27;Unknown;;;New Delhi;1
Metlonics Industries;3.8;27;Unknown;;;Mohali;0
Resilinc;2.0;27;Private;10;126;Santa Clara;0
Abaris Healthcare;3.9;27;Unknown;;;Ahmedabad;5
Colruyt IT Consultancy I;3.4;27;Unknown;;;Hyderabad;0
Afflatus International;4.2;27;Unknown;;;Noida;1
R K D Construction;4.3;27;Private;40;3000;Bhubaneswar;0
ICAT;3.4;27;Private;;350;Manesar;2
Lacoste;4.1;27;Private;87;126;Noida;11
BEKEM Infra Projects;4.2;27;Unknown;;;Hyderabad;2
GD Goenka University;4.1;27;Private;;126;Sohna;2
Malpani Group;3.8;27;Unknown;;;Navi Mumbai;5
Matrix Media Solutions;4.1;27;Private;;;Kolkata;0
Faces Cosmetics;4.3;27;Unknown;11;126;Gurgaon;6
JBK Controls;4.0;27;Private;;750;Doha;1
ITC Gardenia;4.3;27;Unknown;;;Kolkata;0
ADCO;4.6;27;Unknown;;;Mumbai;2
Child In Need Institute;3.9;27;Private;;3000;Calcutta;2
Emmbi Industries;3.8;27;Public;;;Mumbai;1
Fertilisers and Chemical;4.5;27;Unknown;;;Kochi;0
ALCHEMIST FOODS;3.6;27;Unknown;;;Bengaluru;6
Kamai Elevators;3.8;27;Private;6;;Chennai;5
South India Krishna Oil;4.4;27;Private;;;Delhi;2
SasMos HET Technologies;3.5;27;Private;;350;Bangalore;0
Paushak;4.0;27;Public;;;Vadodara;2
Dtss;4.2;27;Unknown;;;Hyderabad;7
Shri Ram Autotech;3.3;27;Unknown;;;Vyara;1
Radiant Complast;3.7;27;Private;;;New Delhi;2
Udaan Technologies;3.6;27;Unknown;;;New Delhi;10
GKNM Hospital;4.2;27;Unknown;;;Mangaluru;0
TTi Global;2.9;27;Private;44;3000;Rochester;6
Kiran Gems;3.8;27;Private;;750;Mumbai;1
Universal Voltas LLC;3.8;27;Private;;750;Abu Dhabi;2
Datt Mediproducts;3.6;27;Private;;126;New Delhi;6
Sheladia Associates;4.6;27;Private;;126;Rockville;8
New Era India;3.5;27;Private;;26;New Delhi;3
AARGEE STAFFING SERVICES;3.3;27;Unknown;;;Chennai;6
MES MEDICAL COLLEGE;4.1;27;Unknown;;;Bhopal;2
VaaaN Infra;3.8;27;Private;;350;New Delhi;4
GENWORKS Health;3.4;27;Unknown;6;;Chennai;8
Parsons Nutritionals;4.2;27;Private;;;Delhi;2
Vinformax Systems;2.8;27;Private;;350;London;1
Nagar Nigam Korba;4.2;27;Unknown;;;Jaipur;15
Gnrc Hospital;4.2;27;Unknown;;;Durgapur;1
APSPDCL;4.4;27;Private;;10000;Tirupati;7
Alvas Education Foundati;3.8;27;Unknown;;;Vijayapura;1
Karnataka Soaps & Deterg;4.2;27;Private;;3000;Bangalore;9
BeWo Technologies;3.1;27;Private;35;26;Mumbai;4
Localcube Commerce;3.4;27;Private;8;;Bangalore;3
Centuary Fibre Plates;4.1;27;Private;;;Visakhapatnam;5
Gracenote;3.2;27;Unknown;;;Mumbai;0
Arth Design Build;4.2;27;Private;;126;Hyderabad;0
Edocs Solutions;2.6;27;Private;;26;Madison;0
Tamil Nadu State Transpo;4.4;27;Private;;3000;Vellore,India;10
Cotton Blossom;3.7;27;Private;;3000;Ranchi;3
Mewar University;3.2;27;Unknown;;;Gangrar;5
Dit University;3.3;27;Private;;350;Dehra DÅ«n;1
Samtel Avionics;3.1;27;Unknown;;;Wadgaon;2
Jai Research Foundation;3.9;27;Unknown;;;Vapi;1
J R Construction;4.0;27;Unknown;;;Ahmedabad;9
BHARAT TECHNO PLAST;3.8;27;Unknown;;;Mumbai;3
Steelcase Asia Pacific H;3.6;27;Unknown;;;Grand Rapids;4
Corrtech Energy;4.3;27;Private;20;;Ahmedabad;2
Shreeji Construction;3.7;27;Private;;;Jaipur;11
Brahmani River Pellets;3.6;27;Unknown;;;Mumbai;3
OASYS Tech Solutions;2.9;27;Private;;126;Jajpur;0
Sicgil Industrial Gases;4.3;27;Private;24;350;Chennai;3
Gj Solutions;3.7;27;Unknown;;;Hyderabad;0
PROWIZ MANSYSTEMS;3.0;27;Private;;26;Noida;5
Televisory;2.4;27;Unknown;;;Gurgaon;0
Sd Biosensor Healthcare;4.1;27;Unknown;;;Mumbai;6
Avvashya Cci Logistics;3.7;27;Unknown;;;Pune;10
Metro Retail.PVT.LTD.;3.7;27;Private;;3000;Durgapur;7
Nalanda Learning Systems;2.6;27;Unknown;;;Howrah;2
Harsoria Healthcare;3.9;27;Private;;350;Gurgaon;2
QUALITY EVALUATION AND S;3.8;27;Private;;350;Bangalore;6
Disposafe Health And Lif;2.9;27;Private;;;Delhi;0
Nayati Healthcare;3.5;27;Unknown;;;Nagpur;5
Piano Presitel;3.9;27;Unknown;;;Mumbai;0
Government Of Tamilnadu;4.5;27;Private;;;Chennai;8
Indian Explosives;4.4;27;Unknown;;;Visakhapatnam;3
BTW India;3.7;27;Unknown;;;New Delhi;1
Pena4 Tech Solutions;3.4;27;Private;22;126;Visakhapatnam;0
Mehta Engineers;3.7;27;Private;;;Ludhiana;6
APPLE HOSPITAL;3.9;27;Unknown;;;Surat;3
Digital Aptech;3.8;27;Private;;26;Calcutta;0
DM WIMS Medical College;4.1;27;Unknown;;;Chennai;0
HiGlance Laboratories;3.3;27;Private;;350;New Delhi;5
Abdos Labtech;4.1;27;Unknown;;;Chennai;2
VVC MOTORS;4.1;27;Unknown;;;Miryalaguda;1
Lumax Mannoh Allied Tech;4.0;27;Private;;3000;New Delhi;0
Digi1 Snehanjali Retail;3.9;27;Unknown;;;Pune;5
Origin To Future;3.9;27;Private;;350;Plano;7
Watermelon Management Se;4.3;27;Private;;26;New Delhi;10
Tirupati Life Sciences;4.2;27;Unknown;;;Solan;0
Nicco Engineering Servic;3.7;27;Private;;350;Bareilly;6
Delhi Transport Corporat;4.2;27;Private;;3000;Jodhpur;5
RMC SWITCHGEARS;3.0;27;Public;;;Jaipur;0
Quantiphi Analytics Solu;3.1;27;Private;7;750;Mumbai;0
Moti Mahal;4.4;27;Private;;26;Calgary;8
Tecosim Engineering Serv;2.0;27;Private;;350;Pune;0
Kranti Industries;3.4;27;Private;;;Pune;3
Mangal Electrical Indust;3.6;27;Unknown;;;Pratapgarh;1
British Orient Infotel;2.8;27;Private;;;Bangalore;2
MASCO;4.0;27;Private;91;10000;Livonia;4
Indo Baijin Chemicals;4.1;27;Private;9;;Bharuch;0
Innovatia Inc;4.2;27;Unknown;;;Saint John;0
Velammal Vidhyashram;4.0;27;Unknown;;;Chennai;0
Colourtex Industries;3.9;27;Private;31;750;Surat;3
Snc-lavalin Infrastructu;4.5;27;Private;;;Delhi;8
Bhaktivedanta Hospital;4.5;27;Unknown;;;Thane;1
Sgt Medical College Hosp;3.6;27;Private;21;3000;Gurgaon;3
Thakur Publication;3.8;27;Unknown;;;Mumbai;5
Sarin Technologies;3.8;27;Private;;750;Kfar Saba;0
Dr. Mehta's Hospitals;4.2;27;Unknown;;;Tiruchirappalli;2
Nitin Spinners;3.8;27;Public;;3000;BhÄ«lwÄra;0
Nippon Steel Sumikin Eng;3.8;27;Unknown;;;Gurgaon;1
Vijay Raja Homes;3.4;27;Unknown;;;Chennai;0
Greendot Health Foods;3.7;27;Unknown;11;;Faridabad;6
Dynamic Staffing Service;4.3;27;Unknown;;;Mumbai;7
People Tree Hospitals;3.8;27;Unknown;;;Bengaluru;0
P N RAO;3.9;27;Private;;26;Coimbatore;2
Shriram Veritech Solutio;3.8;27;Private;;126;Noida;2
Simeio Solutions;4.0;27;Private;11;350;Atlanta;0
Uttar Bihar Gramin Bank;3.9;27;Private;;26;Begusarai;7
Turtlemint;3.6;27;Unknown;5;350;Mumbai;8
Casino Air Caterers & Fl;3.7;27;Unknown;;;Chennai;3
Peerless Financial Produ;3.7;27;Private;33;;Kolkata;14
JECRC University;3.4;27;Private;;750;Jaipur;0
Sudhir Sales And Service;3.4;27;Unknown;;;Ahmedabad;6
Vakilsearch;3.0;27;Private;10;;Chennai;0
Orange Retail Finance;3.8;27;Private;32;10000;Paris;11
Shree Balaji Engicons;3.5;27;Private;22;;Raigarh;0
INCO Group Of Companies;3.5;27;Private;;126;Dubai;1
JSS Academy of Technical;3.8;27;Private;;350;Noida;3
Sri Sathya Sai Institute;4.5;27;Unknown;;;India;2
Bhavani Shipping Service;2.3;27;Unknown;;;Mumbai;2
Eminence Softech Delhi;4.3;27;Private;;350;New Delhi;6
Milkbasket;4.3;27;Unknown;5;126;Gurgaon;3
6Tel Consultancy;1.9;27;Unknown;;;Ghaziabad;3
Etoos Education;4.2;27;Private;;;Delhi;5
Irclass Systems And Solu;4.2;27;Private;;;Powai;6
Jama Corporation;3.2;27;Unknown;;;Kanpur;0
Hassia Packaging;3.3;27;Unknown;;;Chennai;0
Eugia Pharma Specialitie;4.1;27;Unknown;;;Hyderabad;0
Tasmed;3.9;27;Unknown;;;Guwahati;5
Jehan Numa Palace Hotel;4.5;27;Unknown;;;Bhopal;0
Venus Data Products;3.7;27;Private;;26;Surat;3
National Institute of De;4.5;27;Private;;26;India;4
Podar World School;3.2;27;Unknown;;;Nagpur;2
SuvarnaFMS;3.9;27;Unknown;;;Hyderabad;0
Dwarikesh Sugar Industri;4.1;27;Public;;;Najibabad;3
Tyche Diecast;4.2;27;Private;24;;Hyderabad;1
Sterling Indo Tech Consu;2.8;27;Unknown;;;Pithoragarh;4
Freudenberg Gala Househo;4.2;27;Private;;7500;Plymouth;4
SRS International School;3.9;27;Unknown;;;Palwal;7
OCAP CHASSIS PARTS;4.3;27;Unknown;;;Alwar;2
Eldyne Electro Systems;3.1;27;Unknown;;;Itarsi;0
Quality Needles;4.0;27;Private;;750;New Delhi;0
One Up Motors;3.6;27;Private;;;Delhi;0
Health & Family Welfare;3.6;27;Private;;26;Raipur;11
FMM;4.2;27;Private;;126;Kuala Lumpur;2
Jash Technical Services;3.8;27;Unknown;;;Chennai;3
Vidya Prakashan Mandir;4.4;27;Unknown;;;Mumbai;5
Nina Waterproofing Syste;4.2;27;Unknown;;350;Hyderabad;7
Shivalik Engineering Ind;3.2;27;Private;;350;New Delhi;2
Sinopec;4.3;27;Private;;10000;Beijing;3
